velocity_m_per_s,captured_count,launched_count,capture_fraction,capture_cross_section_m2,capture_cross_section_sample_std_m2,capture_cross_section_disc_cluster_sem_m2,capture_cross_section_t95_lower_m2,capture_cross_section_t95_upper_m2,disc_count,student_t_critical_95
0.0,121,225,0.5377777777777778,0.00038013271108436493,9.33458662323942e-05,2.41017990236912e-05,0.0003284394933834817,0.00043182592878524814,15,2.144786687917804
0.25,114,225,0.5066666666666666,0.0003581415625092364,8.689215940942749e-05,2.2435459087247518e-05,0.0003100222885215834,0.00040626083649688936,15,2.144786687917804
0.5,105,225,0.4666666666666666,0.0003298672286269282,7.763702983817616e-05,2.0045794907484304e-05,0.00028687327456062536,0.0003728611826932311,15,2.144786687917804
0.75,102,225,0.45333333333333337,0.0003204424506661589,8.005119076740041e-05,2.066912857908098e-05,0.0002761115788388846,0.0003647733224934332,15,2.144786687917804
1.0,99,225,0.43999999999999984,0.0003110176727053894,7.92546416908842e-05,2.046346049189537e-05,0.0002671279150536403,0.0003549074303571385,15,2.144786687917804
1.25,99,225,0.43999999999999984,0.0003110176727053894,7.92546416908842e-05,2.046346049189537e-05,0.0002671279150536403,0.0003549074303571385,15,2.144786687917804
1.5,91,225,0.4044444444444444,0.0002858849314766711,7.443841682537814e-05,1.9219916578849034e-05,0.000244662310255465,0.0003271075526978772,15,2.144786687917804
1.75,87,225,0.38666666666666666,0.000273318560862312,6.944067051573657e-05,1.7929504030461608e-05,0.0002348635992968093,0.00031177352242781466,15,2.144786687917804
2.0,86,225,0.38222222222222224,0.0002701769682087222,7.22761413963696e-05,1.8661619463751463e-05,0.00023015177520788025,0.0003102021612095641,15,2.144786687917804
2.25,85,225,0.37777777777777777,0.0002670353755551324,7.271374059978043e-05,1.877460709222638e-05,0.00022676784819283807,0.0003073029029174267,15,2.144786687917804
2.5,83,225,0.36888888888888893,0.00026075219024795286,7.736413960949713e-05,1.997533495341653e-05,0.00021790935775316587,0.00030359502274273986,15,2.144786687917804
2.75,76,225,0.33777777777777773,0.00023876104167282425,9.66846694741079e-05,2.4963874313785902e-05,0.00018521885636576304,0.00029230322697988546,15,2.144786687917804
3.0,76,225,0.33777777777777773,0.00023876104167282425,9.66846694741079e-05,2.4963874313785902e-05,0.00018521885636576304,0.00029230322697988546,15,2.144786687917804
3.25,75,225,0.33333333333333337,0.00023561944901923448,9.916832061673028e-05,2.5605150281330267e-05,0.00018070186355370252,0.00029053703448476644,15,2.144786687917804
3.5,72,225,0.31999999999999995,0.00022619467105846505,9.458377988769832e-05,2.4421426955093576e-05,0.00017381591962522332,0.00027857342249170677,15,2.144786687917804
3.75,71,225,0.31555555555555553,0.00022305307840487528,8.810073149363655e-05,2.2747511057569708e-05,0.00017426451950533674,0.0002718416373044138,15,2.144786687917804
4.0,70,225,0.3111111111111111,0.0002199114857512855,8.846008335163374e-05,2.2840295308333164e-05,0.00017092392442586107,0.00026889904707670995,15,2.144786687917804
4.25,67,225,0.29777777777777775,0.00021048670779051613,8.517135219544584e-05,2.199114857512855e-05,0.00016332038507455783,0.0002576530305064744,15,2.144786687917804
4.5,66,225,0.2933333333333333,0.0002073451151369263,8.12313702572545e-05,2.0973849613063677e-05,0.00016236068169243735,0.00025232954858141524,15,2.144786687917804
4.75,64,225,0.2844444444444444,0.00020106192982974672,8.628152528434529e-05,2.2277794034109562e-05,0.00015328081374921387,0.0002488430459102796,15,2.144786687917804
5.0,62,225,0.2755555555555556,0.00019477874452256718,8.328818613993192e-05,2.1504917190385317e-05,0.00014865528440785402,0.00024090220463728035,15,2.144786687917804
5.25,48,225,0.21333333333333335,0.00015079644737231007,9.289162574486378e-05,2.3984514634132634e-05,9.935477966885263e-05,0.0002022381150757675,15,2.144786687917804
5.5,44,225,0.1955555555555555,0.00013823007675795086,9.831155880992946e-05,2.538393533403652e-05,8.378695016654297e-05,0.00019267320334935876,15,2.144786687917804
5.75,42,225,0.18666666666666662,0.00013194689145077127,0.00010262688653295596,2.6498148161017112e-05,7.511401602054813e-05,0.00018877976688099442,15,2.144786687917804
6.0,40,225,0.17777777777777776,0.0001256637061435917,0.00010022897453742154,2.587900994605872e-05,7.015875011479252e-05,0.00018116866217239092,15,2.144786687917804
6.25,40,225,0.17777777777777776,0.0001256637061435917,0.00010022897453742154,2.587900994605872e-05,7.015875011479252e-05,0.00018116866217239092,15,2.144786687917804
6.5,40,225,0.17777777777777776,0.0001256637061435917,0.00010022897453742154,2.587900994605872e-05,7.015875011479252e-05,0.00018116866217239092,15,2.144786687917804
6.75,40,225,0.17777777777777776,0.0001256637061435917,0.00010022897453742154,2.587900994605872e-05,7.015875011479252e-05,0.00018116866217239092,15,2.144786687917804
7.0,38,225,0.1688888888888889,0.00011938052083641214,9.402311235225265e-05,2.4276663219924227e-05,6.731225673525489e-05,0.00017144878493756939,15,2.144786687917804
7.25,37,225,0.16444444444444445,0.00011623892818282234,9.402311235225265e-05,2.4276663219924227e-05,6.41706640816651e-05,0.0001683071922839796,15,2.144786687917804
7.5,34,225,0.15111111111111108,0.00010681415022205295,9.502993226871607e-05,2.4536623004530408e-05,5.418832783547838e-05,0.00015943997260862752,15,2.144786687917804
7.75,33,225,0.14666666666666664,0.00010367255756846315,9.289162574486378e-05,2.3984514634132634e-05,5.2230889865005724e-05,0.0001551142252719206,15,2.144786687917804
8.0,33,225,0.14666666666666664,0.00010367255756846315,9.289162574486378e-05,2.3984514634132634e-05,5.2230889865005724e-05,0.0001551142252719206,15,2.144786687917804
8.25,30,225,0.13333333333333336,9.42477796076938e-05,8.725648871973651e-05,2.2529528510671653e-05,4.592674677294061e-05,0.00014256881244244698,15,2.144786687917804
8.5,30,225,0.13333333333333336,9.42477796076938e-05,8.725648871973651e-05,2.2529528510671653e-05,4.592674677294061e-05,0.00014256881244244698,15,2.144786687917804
8.75,30,225,0.13333333333333336,9.42477796076938e-05,8.725648871973651e-05,2.2529528510671653e-05,4.592674677294061e-05,0.00014256881244244698,15,2.144786687917804
9.0,27,225,0.12000000000000001,8.482300164692442e-05,8.005119076740041e-05,2.066912857908098e-05,4.049212981965009e-05,0.00012915387347419875,15,2.144786687917804
9.25,27,225,0.12000000000000001,8.482300164692442e-05,8.005119076740041e-05,2.066912857908098e-05,4.049212981965009e-05,0.00012915387347419875,15,2.144786687917804
9.5,26,225,0.11555555555555554,8.168140899333461e-05,7.227614139636957e-05,1.8661619463751453e-05,4.1656215992492706e-05,0.0001217066019941765,15,2.144786687917804
9.75,25,225,0.11111111111111109,7.853981633974481e-05,7.486337793830094e-05,1.932964106639142e-05,3.7081859498319196e-05,0.00011999777318117042,15,2.144786687917804
10.0,25,225,0.11111111111111109,7.853981633974481e-05,7.486337793830094e-05,1.932964106639142e-05,3.7081859498319196e-05,0.00011999777318117042,15,2.144786687917804
10.25,23,225,0.10222222222222223,7.225663103256524e-05,6.867503884407232e-05,1.7731818782882634e-05,3.422566215446769e-05,0.0001102875999106628,15,2.144786687917804
10.5,21,225,0.09333333333333334,6.597344572538565e-05,6.372312954732633e-05,1.6453241300334175e-05,3.0684752811329496e-05,0.0001012621386394418,15,2.144786687917804
10.75,18,225,0.07999999999999999,5.654866776461627e-05,5.96075295947766e-05,1.539059796194237e-05,2.3539118136747393e-05,8.955821739248514e-05,15,2.144786687917804
11.0,17,225,0.07555555555555554,5.3407075111026474e-05,5.594706907990084e-05,1.4445471121038125e-05,2.242462094992283e-05,8.438952927213012e-05,15,2.144786687917804
11.25,16,225,0.0711111111111111,5.026548245743668e-05,4.866934411168333e-05,1.256637061435917e-05,2.3313298048317657e-05,7.72176668665557e-05,15,2.144786687917804
11.5,15,225,0.06666666666666665,4.7123889803846886e-05,4.3628244359868253e-05,1.1264764255335826e-05,2.2963373386470292e-05,7.128440622122348e-05,15,2.144786687917804
11.75,13,225,0.05777777777777777,4.0840704496667304e-05,4.314076264217264e-05,1.1138897017054781e-05,1.6950146456400876e-05,6.473126253693374e-05,15,2.144786687917804
12.0,13,225,0.05777777777777777,4.0840704496667304e-05,4.314076264217264e-05,1.1138897017054781e-05,1.6950146456400876e-05,6.473126253693374e-05,15,2.144786687917804
12.25,12,225,0.05333333333333334,3.7699111843077517e-05,4.434942122270055e-05,1.1450971320630466e-05,1.3139220990860737e-05,6.225900269529429e-05,15,2.144786687917804
12.5,12,225,0.05333333333333334,3.7699111843077517e-05,4.434942122270055e-05,1.1450971320630466e-05,1.3139220990860737e-05,6.225900269529429e-05,15,2.144786687917804
12.75,10,225,0.04444444444444444,3.141592653589793e-05,4.598820749719282e-05,1.1874104117237257e-05,5.948506094297473e-06,5.688334697749839e-05,15,2.144786687917804
13.0,9,225,0.04,2.8274333882308137e-05,4.289494432984184e-05,1.1075427001731447e-05,4.5199054859891354e-06,5.202876227862714e-05,15,2.144786687917804
13.25,8,225,0.03555555555555556,2.5132741228718347e-05,3.929234170964553e-05,1.0145239004996545e-05,3.3733676650572904e-06,4.68921147923794e-05,15,2.144786687917804
13.5,7,225,0.031111111111111114,2.1991148575128552e-05,3.929234170964553e-05,1.0145239004996545e-05,2.3177501146749626e-07,4.375052213878961e-05,15,2.144786687917804
13.75,7,225,0.031111111111111114,2.1991148575128552e-05,3.929234170964553e-05,1.0145239004996545e-05,2.3177501146749626e-07,4.375052213878961e-05,15,2.144786687917804
14.0,7,225,0.031111111111111114,2.1991148575128552e-05,3.929234170964553e-05,1.0145239004996545e-05,2.3177501146749626e-07,4.375052213878961e-05,15,2.144786687917804
14.25,7,225,0.031111111111111114,2.1991148575128552e-05,3.929234170964553e-05,1.0145239004996545e-05,2.3177501146749626e-07,4.375052213878961e-05,15,2.144786687917804
14.5,6,225,0.02666666666666667,1.8849555921538758e-05,3.9022288051054885e-05,1.0075511450176282e-05,0.0,4.0459378753840255e-05,15,2.144786687917804
14.75,6,225,0.02666666666666667,1.8849555921538758e-05,3.9022288051054885e-05,1.0075511450176282e-05,0.0,4.0459378753840255e-05,15,2.144786687917804
15.0,5,225,0.02222222222222222,1.5707963267948964e-05,2.908549623991217e-05,7.509842836890551e-06,0.0,3.181497421286669e-05,15,2.144786687917804
15.25,5,225,0.02222222222222222,1.5707963267948964e-05,2.908549623991217e-05,7.509842836890551e-06,0.0,3.181497421286669e-05,15,2.144786687917804
15.5,5,225,0.02222222222222222,1.5707963267948964e-05,2.908549623991217e-05,7.509842836890551e-06,0.0,3.181497421286669e-05,15,2.144786687917804
15.75,5,225,0.02222222222222222,1.5707963267948964e-05,2.908549623991217e-05,7.509842836890551e-06,0.0,3.181497421286669e-05,15,2.144786687917804
16.0,4,225,0.017777777777777778,1.2566370614359172e-05,2.7973534539950418e-05,7.2227355605190615e-06,0.0,2.8057597694910992e-05,15,2.144786687917804
16.25,4,225,0.017777777777777778,1.2566370614359172e-05,2.7973534539950418e-05,7.2227355605190615e-06,0.0,2.8057597694910992e-05,15,2.144786687917804
16.5,4,225,0.017777777777777778,1.2566370614359172e-05,2.7973534539950418e-05,7.2227355605190615e-06,0.0,2.8057597694910992e-05,15,2.144786687917804
16.75,3,225,0.013333333333333334,9.424777960769379e-06,2.6418213896961402e-05,6.8211534972984565e-06,0.0,2.4054697178019082e-05,15,2.144786687917804
17.0,3,225,0.013333333333333334,9.424777960769379e-06,2.6418213896961402e-05,6.8211534972984565e-06,0.0,2.4054697178019082e-05,15,2.144786687917804
17.25,3,225,0.013333333333333334,9.424777960769379e-06,2.6418213896961402e-05,6.8211534972984565e-06,0.0,2.4054697178019082e-05,15,2.144786687917804
17.5,3,225,0.013333333333333334,9.424777960769379e-06,2.6418213896961402e-05,6.8211534972984565e-06,0.0,2.4054697178019082e-05,15,2.144786687917804
17.75,3,225,0.013333333333333334,9.424777960769379e-06,2.6418213896961402e-05,6.8211534972984565e-06,0.0,2.4054697178019082e-05,15,2.144786687917804
18.0,3,225,0.013333333333333334,9.424777960769379e-06,2.6418213896961402e-05,6.8211534972984565e-06,0.0,2.4054697178019082e-05,15,2.144786687917804
18.25,3,225,0.013333333333333334,9.424777960769379e-06,2.6418213896961402e-05,6.8211534972984565e-06,0.0,2.4054697178019082e-05,15,2.144786687917804
18.5,3,225,0.013333333333333334,9.424777960769379e-06,2.6418213896961402e-05,6.8211534972984565e-06,0.0,2.4054697178019082e-05,15,2.144786687917804
18.75,3,225,0.013333333333333334,9.424777960769379e-06,2.6418213896961402e-05,6.8211534972984565e-06,0.0,2.4054697178019082e-05,15,2.144786687917804
19.0,3,225,0.013333333333333334,9.424777960769379e-06,2.6418213896961402e-05,6.8211534972984565e-06,0.0,2.4054697178019082e-05,15,2.144786687917804
19.25,3,225,0.013333333333333334,9.424777960769379e-06,2.6418213896961402e-05,6.8211534972984565e-06,0.0,2.4054697178019082e-05,15,2.144786687917804
19.5,3,225,0.013333333333333334,9.424777960769379e-06,2.6418213896961402e-05,6.8211534972984565e-06,0.0,2.4054697178019082e-05,15,2.144786687917804
19.75,3,225,0.013333333333333334,9.424777960769379e-06,2.6418213896961402e-05,6.8211534972984565e-06,0.0,2.4054697178019082e-05,15,2.144786687917804
20.0,3,225,0.013333333333333334,9.424777960769379e-06,2.6418213896961402e-05,6.8211534972984565e-06,0.0,2.4054697178019082e-05,15,2.144786687917804
20.25,2,225,0.008888888888888889,6.283185307179586e-06,2.4334672055841666e-05,6.283185307179585e-06,0.0,1.9759277511739098e-05,15,2.144786687917804
20.5,2,225,0.008888888888888889,6.283185307179586e-06,2.4334672055841666e-05,6.283185307179585e-06,0.0,1.9759277511739098e-05,15,2.144786687917804
20.75,2,225,0.008888888888888889,6.283185307179586e-06,2.4334672055841666e-05,6.283185307179585e-06,0.0,1.9759277511739098e-05,15,2.144786687917804
21.0,0,225,0.0,0.0,0.0,0.0,0.0,0.0,15,2.144786687917804
21.25,0,225,0.0,0.0,0.0,0.0,0.0,0.0,15,2.144786687917804
21.5,0,225,0.0,0.0,0.0,0.0,0.0,0.0,15,2.144786687917804
21.75,0,225,0.0,0.0,0.0,0.0,0.0,0.0,15,2.144786687917804
22.0,0,225,0.0,0.0,0.0,0.0,0.0,0.0,15,2.144786687917804
22.25,0,225,0.0,0.0,0.0,0.0,0.0,0.0,15,2.144786687917804
22.5,0,225,0.0,0.0,0.0,0.0,0.0,0.0,15,2.144786687917804
22.75,0,225,0.0,0.0,0.0,0.0,0.0,0.0,15,2.144786687917804
23.0,0,225,0.0,0.0,0.0,0.0,0.0,0.0,15,2.144786687917804
23.25,0,225,0.0,0.0,0.0,0.0,0.0,0.0,15,2.144786687917804
23.5,0,225,0.0,0.0,0.0,0.0,0.0,0.0,15,2.144786687917804
23.75,0,225,0.0,0.0,0.0,0.0,0.0,0.0,15,2.144786687917804
24.0,0,225,0.0,0.0,0.0,0.0,0.0,0.0,15,2.144786687917804
24.25,0,225,0.0,0.0,0.0,0.0,0.0,0.0,15,2.144786687917804
24.5,0,225,0.0,0.0,0.0,0.0,0.0,0.0,15,2.144786687917804
24.75,0,225,0.0,0.0,0.0,0.0,0.0,0.0,15,2.144786687917804
25.0,0,225,0.0,0.0,0.0,0.0,0.0,0.0,15,2.144786687917804
25.25,0,225,0.0,0.0,0.0,0.0,0.0,0.0,15,2.144786687917804
25.5,0,225,0.0,0.0,0.0,0.0,0.0,0.0,15,2.144786687917804
25.75,0,225,0.0,0.0,0.0,0.0,0.0,0.0,15,2.144786687917804
26.0,0,225,0.0,0.0,0.0,0.0,0.0,0.0,15,2.144786687917804
26.25,0,225,0.0,0.0,0.0,0.0,0.0,0.0,15,2.144786687917804
26.5,0,225,0.0,0.0,0.0,0.0,0.0,0.0,15,2.144786687917804
26.75,0,225,0.0,0.0,0.0,0.0,0.0,0.0,15,2.144786687917804
27.0,0,225,0.0,0.0,0.0,0.0,0.0,0.0,15,2.144786687917804
27.25,0,225,0.0,0.0,0.0,0.0,0.0,0.0,15,2.144786687917804
27.5,0,225,0.0,0.0,0.0,0.0,0.0,0.0,15,2.144786687917804
27.75,0,225,0.0,0.0,0.0,0.0,0.0,0.0,15,2.144786687917804
28.0,0,225,0.0,0.0,0.0,0.0,0.0,0.0,15,2.144786687917804
28.25,0,225,0.0,0.0,0.0,0.0,0.0,0.0,15,2.144786687917804
28.5,0,225,0.0,0.0,0.0,0.0,0.0,0.0,15,2.144786687917804
28.75,0,225,0.0,0.0,0.0,0.0,0.0,0.0,15,2.144786687917804
29.0,0,225,0.0,0.0,0.0,0.0,0.0,0.0,15,2.144786687917804
29.25,0,225,0.0,0.0,0.0,0.0,0.0,0.0,15,2.144786687917804
29.5,0,225,0.0,0.0,0.0,0.0,0.0,0.0,15,2.144786687917804
29.75,0,225,0.0,0.0,0.0,0.0,0.0,0.0,15,2.144786687917804
30.0,0,225,0.0,0.0,0.0,0.0,0.0,0.0,15,2.144786687917804
