point_index,study_key,scan_variable,scan_value,s0,seff,detuning_n,cooling_power_w_per_beam,cooling_power_mw_per_beam,cooling_beam_diameter_m,cooling_beam_diameter_mm,cooling_beam_center_peak_intensity_w_per_m2,cooling_beam_center_on_resonance_saturation_parameter,cooling_beam_center_effective_saturation_parameter,cooling_detuning_hz,cooling_detuning_mhz,linewidth_hz,loading_rate_mean_atoms_per_s,loading_rate_from_mean_spectrum_atoms_per_s,loading_rate_sample_std_atoms_per_s,loading_rate_disc_cluster_sem_atoms_per_s,loading_rate_t95_lower_atoms_per_s,loading_rate_t95_upper_atoms_per_s,student_t_critical_95,confidence_level,disc_count,points_per_disc,capture_threshold_search_count,base_timeout_ray_count,zero_capture_velocity_count,velocity_resolved_override_count,indeterminate_zero_flux_ray_count,unresolved_timeout_count,lower_classification_counts_json,upper_classification_counts_json,disc_radius_m,disc_radius_mm,phase_space,geometry_sha256,run_signature_sha256,point_elapsed_wall_time_s,statistics_directory,figures_directory,capture_cross_section_csv,capture_cross_section_plot,status
0,01_raw_saturation,s0,0.25,0.25,0.00981662159180787,-2.4732069249793898,0.0002642796195667887,0.2642796195667887,0.0127,12.7,4.1725,0.25,0.00981662159180787,-15000000.0,-15.0,6065000.0,3447.8891470741196,3447.88914707412,8960.313769253817,1792.0627538507633,0.0,7146.524887093867,2.0638985616280245,0.95,25,25,625,625,233,232,0,0,"{""bounded_core_residence"":102,""escaped"":229,""two_core_entries"":294}","{""escaped"":625}",0.015,15.0,full_sphere,02509217f582bc1619712cd31de3fcb34aac11b208c54a4cb228694f36603e17,b25515f92f7632b895836bcafdae7f5d433bd64e281039bc1a5ad97cefd4cdf4,709.2020323000033,C:\Users\imaq\SynologyDrive\IMAQ-Storage\Jupyter\Notebook\ARosypal\pMOT-Monte-Carlo-Simulation\outputs\statistics\mot_simple\refined_relationships_full_sphere_25x25_r15mm_27mW_reference_optimized_v5_20260908\01_raw_saturation\points\000_s0_0p25,C:\Users\imaq\SynologyDrive\IMAQ-Storage\Jupyter\Notebook\ARosypal\pMOT-Monte-Carlo-Simulation\outputs\figures\mot_simple\refined_relationships_full_sphere_25x25_r15mm_27mW_reference_optimized_v5_20260908\01_raw_saturation\points\000_s0_0p25,C:\Users\imaq\SynologyDrive\IMAQ-Storage\Jupyter\Notebook\ARosypal\pMOT-Monte-Carlo-Simulation\outputs\statistics\mot_simple\refined_relationships_full_sphere_25x25_r15mm_27mW_reference_optimized_v5_20260908\01_raw_saturation\points\000_s0_0p25\capture_velocity_spectrum.csv,C:\Users\imaq\SynologyDrive\IMAQ-Storage\Jupyter\Notebook\ARosypal\pMOT-Monte-Carlo-Simulation\outputs\figures\mot_simple\refined_relationships_full_sphere_25x25_r15mm_27mW_reference_optimized_v5_20260908\01_raw_saturation\points\000_s0_0p25\capture_cross_section_vs_velocity.png,completed
1,01_raw_saturation,s0,0.5,0.5,0.01963324318361574,-2.4732069249793898,0.0005285592391335774,0.5285592391335774,0.0127,12.7,8.345,0.5,0.01963324318361574,-15000000.0,-15.0,6065000.0,16812.087898179343,16812.08789817934,43525.8361645806,8705.16723291612,0.0,34778.67002892633,2.0638985616280245,0.95,25,25,625,619,183,183,0,0,"{""bounded_core_residence"":133,""escaped"":183,""two_core_entries"":309}","{""escaped"":625}",0.015,15.0,full_sphere,02509217f582bc1619712cd31de3fcb34aac11b208c54a4cb228694f36603e17,a7fee11bb7ad3354ff182be31f19ed32703e2af45b72566c22bcadab60d324d2,1339.7745599999907,C:\Users\imaq\SynologyDrive\IMAQ-Storage\Jupyter\Notebook\ARosypal\pMOT-Monte-Carlo-Simulation\outputs\statistics\mot_simple\refined_relationships_full_sphere_25x25_r15mm_27mW_reference_optimized_v5_20260908\01_raw_saturation\points\001_s0_0p5,C:\Users\imaq\SynologyDrive\IMAQ-Storage\Jupyter\Notebook\ARosypal\pMOT-Monte-Carlo-Simulation\outputs\figures\mot_simple\refined_relationships_full_sphere_25x25_r15mm_27mW_reference_optimized_v5_20260908\01_raw_saturation\points\001_s0_0p5,C:\Users\imaq\SynologyDrive\IMAQ-Storage\Jupyter\Notebook\ARosypal\pMOT-Monte-Carlo-Simulation\outputs\statistics\mot_simple\refined_relationships_full_sphere_25x25_r15mm_27mW_reference_optimized_v5_20260908\01_raw_saturation\points\001_s0_0p5\capture_velocity_spectrum.csv,C:\Users\imaq\SynologyDrive\IMAQ-Storage\Jupyter\Notebook\ARosypal\pMOT-Monte-Carlo-Simulation\outputs\figures\mot_simple\refined_relationships_full_sphere_25x25_r15mm_27mW_reference_optimized_v5_20260908\01_raw_saturation\points\001_s0_0p5\capture_cross_section_vs_velocity.png,completed
2,01_raw_saturation,s0,0.75,0.75,0.02944986477542361,-2.4732069249793898,0.0007928388587003662,0.7928388587003662,0.0127,12.7,12.517500000000004,0.7500000000000001,0.029449864775423613,-15000000.0,-15.0,6065000.0,37967.138295698474,37967.138295698474,94744.33382397016,18948.86676479403,0.0,77075.67715603796,2.0638985616280245,0.95,25,25,625,594,160,162,0,0,"{""bounded_core_residence"":149,""escaped"":160,""two_core_entries"":316}","{""escaped"":625}",0.015,15.0,full_sphere,02509217f582bc1619712cd31de3fcb34aac11b208c54a4cb228694f36603e17,c53d84de4749115b18ce62ee5d9ab9b9245c6668a17d0f0bf09ed3733de1ff6d,1772.7333216000115,C:\Users\imaq\SynologyDrive\IMAQ-Storage\Jupyter\Notebook\ARosypal\pMOT-Monte-Carlo-Simulation\outputs\statistics\mot_simple\refined_relationships_full_sphere_25x25_r15mm_27mW_reference_optimized_v5_20260908\01_raw_saturation\points\002_s0_0p75,C:\Users\imaq\SynologyDrive\IMAQ-Storage\Jupyter\Notebook\ARosypal\pMOT-Monte-Carlo-Simulation\outputs\figures\mot_simple\refined_relationships_full_sphere_25x25_r15mm_27mW_reference_optimized_v5_20260908\01_raw_saturation\points\002_s0_0p75,C:\Users\imaq\SynologyDrive\IMAQ-Storage\Jupyter\Notebook\ARosypal\pMOT-Monte-Carlo-Simulation\outputs\statistics\mot_simple\refined_relationships_full_sphere_25x25_r15mm_27mW_reference_optimized_v5_20260908\01_raw_saturation\points\002_s0_0p75\capture_velocity_spectrum.csv,C:\Users\imaq\SynologyDrive\IMAQ-Storage\Jupyter\Notebook\ARosypal\pMOT-Monte-Carlo-Simulation\outputs\figures\mot_simple\refined_relationships_full_sphere_25x25_r15mm_27mW_reference_optimized_v5_20260908\01_raw_saturation\points\002_s0_0p75\capture_cross_section_vs_velocity.png,completed
3,01_raw_saturation,s0,1.0,1.0,0.03926648636723148,-2.4732069249793898,0.0010571184782671547,1.0571184782671548,0.0127,12.7,16.69,1.0,0.03926648636723148,-15000000.0,-15.0,6065000.0,64154.46962527581,64154.46962527582,150197.88782919064,30039.577565838128,2155.828695229022,126153.1105553226,2.0638985616280245,0.95,25,25,625,528,145,146,0,0,"{""bounded_core_residence"":218,""escaped"":145,""two_core_entries"":262}","{""escaped"":625}",0.015,15.0,full_sphere,02509217f582bc1619712cd31de3fcb34aac11b208c54a4cb228694f36603e17,7079aedf5759a9e37bd38521bb98f1834c8262532f0d8612475456b796ef2922,1593.6224884000258,C:\Users\imaq\SynologyDrive\IMAQ-Storage\Jupyter\Notebook\ARosypal\pMOT-Monte-Carlo-Simulation\outputs\statistics\mot_simple\refined_relationships_full_sphere_25x25_r15mm_27mW_reference_optimized_v5_20260908\01_raw_saturation\points\003_s0_1,C:\Users\imaq\SynologyDrive\IMAQ-Storage\Jupyter\Notebook\ARosypal\pMOT-Monte-Carlo-Simulation\outputs\figures\mot_simple\refined_relationships_full_sphere_25x25_r15mm_27mW_reference_optimized_v5_20260908\01_raw_saturation\points\003_s0_1,C:\Users\imaq\SynologyDrive\IMAQ-Storage\Jupyter\Notebook\ARosypal\pMOT-Monte-Carlo-Simulation\outputs\statistics\mot_simple\refined_relationships_full_sphere_25x25_r15mm_27mW_reference_optimized_v5_20260908\01_raw_saturation\points\003_s0_1\capture_velocity_spectrum.csv,C:\Users\imaq\SynologyDrive\IMAQ-Storage\Jupyter\Notebook\ARosypal\pMOT-Monte-Carlo-Simulation\outputs\figures\mot_simple\refined_relationships_full_sphere_25x25_r15mm_27mW_reference_optimized_v5_20260908\01_raw_saturation\points\003_s0_1\capture_cross_section_vs_velocity.png,completed
4,01_raw_saturation,s0,2.0,2.0,0.07853297273446296,-2.4732069249793898,0.0021142369565343095,2.1142369565343095,0.0127,12.7,33.38,2.0,0.07853297273446296,-15000000.0,-15.0,6065000.0,190072.05900704075,190072.05900704072,347891.0490484811,69578.20980969621,46469.69186015581,333674.4261539257,2.0638985616280245,0.95,25,25,625,288,121,122,0,0,"{""bounded_core_residence"":266,""escaped"":121,""two_core_entries"":238}","{""escaped"":625}",0.015,15.0,full_sphere,02509217f582bc1619712cd31de3fcb34aac11b208c54a4cb228694f36603e17,08a5dd7331a2f7c3ad0380557260f1e0ec19dbc8317654c86a47762a91796e8e,878.219672999985,C:\Users\imaq\SynologyDrive\IMAQ-Storage\Jupyter\Notebook\ARosypal\pMOT-Monte-Carlo-Simulation\outputs\statistics\mot_simple\refined_relationships_full_sphere_25x25_r15mm_27mW_reference_optimized_v5_20260908\01_raw_saturation\points\004_s0_2,C:\Users\imaq\SynologyDrive\IMAQ-Storage\Jupyter\Notebook\ARosypal\pMOT-Monte-Carlo-Simulation\outputs\figures\mot_simple\refined_relationships_full_sphere_25x25_r15mm_27mW_reference_optimized_v5_20260908\01_raw_saturation\points\004_s0_2,C:\Users\imaq\SynologyDrive\IMAQ-Storage\Jupyter\Notebook\ARosypal\pMOT-Monte-Carlo-Simulation\outputs\statistics\mot_simple\refined_relationships_full_sphere_25x25_r15mm_27mW_reference_optimized_v5_20260908\01_raw_saturation\points\004_s0_2\capture_velocity_spectrum.csv,C:\Users\imaq\SynologyDrive\IMAQ-Storage\Jupyter\Notebook\ARosypal\pMOT-Monte-Carlo-Simulation\outputs\figures\mot_simple\refined_relationships_full_sphere_25x25_r15mm_27mW_reference_optimized_v5_20260908\01_raw_saturation\points\004_s0_2\capture_cross_section_vs_velocity.png,completed
5,01_raw_saturation,s0,3.0,3.0,0.11779945910169444,-2.4732069249793898,0.0031713554348014646,3.1713554348014648,0.0127,12.7,50.070000000000014,3.0000000000000004,0.11779945910169445,-15000000.0,-15.0,6065000.0,323312.3577444951,323312.357744495,508324.2951026611,101664.85902053223,113486.40144390272,533138.3140450874,2.0638985616280245,0.95,25,25,625,225,94,95,0,0,"{""bounded_core_residence"":312,""escaped"":94,""two_core_entries"":219}","{""escaped"":625}",0.015,15.0,full_sphere,02509217f582bc1619712cd31de3fcb34aac11b208c54a4cb228694f36603e17,ac7d64154c865619d079db75e01033885163eb517ff9763a20c4eb0d830b375c,736.7677055000095,C:\Users\imaq\SynologyDrive\IMAQ-Storage\Jupyter\Notebook\ARosypal\pMOT-Monte-Carlo-Simulation\outputs\statistics\mot_simple\refined_relationships_full_sphere_25x25_r15mm_27mW_reference_optimized_v5_20260908\01_raw_saturation\points\005_s0_3,C:\Users\imaq\SynologyDrive\IMAQ-Storage\Jupyter\Notebook\ARosypal\pMOT-Monte-Carlo-Simulation\outputs\figures\mot_simple\refined_relationships_full_sphere_25x25_r15mm_27mW_reference_optimized_v5_20260908\01_raw_saturation\points\005_s0_3,C:\Users\imaq\SynologyDrive\IMAQ-Storage\Jupyter\Notebook\ARosypal\pMOT-Monte-Carlo-Simulation\outputs\statistics\mot_simple\refined_relationships_full_sphere_25x25_r15mm_27mW_reference_optimized_v5_20260908\01_raw_saturation\points\005_s0_3\capture_velocity_spectrum.csv,C:\Users\imaq\SynologyDrive\IMAQ-Storage\Jupyter\Notebook\ARosypal\pMOT-Monte-Carlo-Simulation\outputs\figures\mot_simple\refined_relationships_full_sphere_25x25_r15mm_27mW_reference_optimized_v5_20260908\01_raw_saturation\points\005_s0_3\capture_cross_section_vs_velocity.png,completed
6,01_raw_saturation,s0,5.0,5.0,0.1963324318361574,-2.4732069249793898,0.005285592391335773,5.285592391335773,0.0127,12.7,83.45,5.0,0.1963324318361574,-15000000.0,-15.0,6065000.0,561659.0680520349,561659.0680520349,753517.2575005462,150703.45150010922,250622.43126858078,872695.7048354892,2.0638985616280245,0.95,25,25,625,154,76,76,0,0,"{""bounded_core_residence"":324,""escaped"":76,""two_core_entries"":225}","{""escaped"":625}",0.015,15.0,full_sphere,02509217f582bc1619712cd31de3fcb34aac11b208c54a4cb228694f36603e17,c449e16b5a152c97bc2ec4adb179d17572f2bc72328574c54db344e802501f18,499.90462759998627,C:\Users\imaq\SynologyDrive\IMAQ-Storage\Jupyter\Notebook\ARosypal\pMOT-Monte-Carlo-Simulation\outputs\statistics\mot_simple\refined_relationships_full_sphere_25x25_r15mm_27mW_reference_optimized_v5_20260908\01_raw_saturation\points\006_s0_5,C:\Users\imaq\SynologyDrive\IMAQ-Storage\Jupyter\Notebook\ARosypal\pMOT-Monte-Carlo-Simulation\outputs\figures\mot_simple\refined_relationships_full_sphere_25x25_r15mm_27mW_reference_optimized_v5_20260908\01_raw_saturation\points\006_s0_5,C:\Users\imaq\SynologyDrive\IMAQ-Storage\Jupyter\Notebook\ARosypal\pMOT-Monte-Carlo-Simulation\outputs\statistics\mot_simple\refined_relationships_full_sphere_25x25_r15mm_27mW_reference_optimized_v5_20260908\01_raw_saturation\points\006_s0_5\capture_velocity_spectrum.csv,C:\Users\imaq\SynologyDrive\IMAQ-Storage\Jupyter\Notebook\ARosypal\pMOT-Monte-Carlo-Simulation\outputs\figures\mot_simple\refined_relationships_full_sphere_25x25_r15mm_27mW_reference_optimized_v5_20260908\01_raw_saturation\points\006_s0_5\capture_cross_section_vs_velocity.png,completed
7,01_raw_saturation,s0,10.0,10.0,0.3926648636723148,-2.4732069249793898,0.010571184782671546,10.571184782671546,0.0127,12.7,166.9,10.0,0.3926648636723148,-15000000.0,-15.0,6065000.0,976401.5157287052,976401.515728705,1102552.4561806521,220510.49123613042,521290.23004256655,1431512.8014148439,2.0638985616280245,0.95,25,25,625,106,52,52,0,0,"{""bounded_core_residence"":269,""escaped"":52,""two_core_entries"":304}","{""escaped"":625}",0.015,15.0,full_sphere,02509217f582bc1619712cd31de3fcb34aac11b208c54a4cb228694f36603e17,aae6eab09aa663db1600777db4c52feab93111b366b3f1cbc3dde64a36d80de9,457.4426784000243,C:\Users\imaq\SynologyDrive\IMAQ-Storage\Jupyter\Notebook\ARosypal\pMOT-Monte-Carlo-Simulation\outputs\statistics\mot_simple\refined_relationships_full_sphere_25x25_r15mm_27mW_reference_optimized_v5_20260908\01_raw_saturation\points\007_s0_10,C:\Users\imaq\SynologyDrive\IMAQ-Storage\Jupyter\Notebook\ARosypal\pMOT-Monte-Carlo-Simulation\outputs\figures\mot_simple\refined_relationships_full_sphere_25x25_r15mm_27mW_reference_optimized_v5_20260908\01_raw_saturation\points\007_s0_10,C:\Users\imaq\SynologyDrive\IMAQ-Storage\Jupyter\Notebook\ARosypal\pMOT-Monte-Carlo-Simulation\outputs\statistics\mot_simple\refined_relationships_full_sphere_25x25_r15mm_27mW_reference_optimized_v5_20260908\01_raw_saturation\points\007_s0_10\capture_velocity_spectrum.csv,C:\Users\imaq\SynologyDrive\IMAQ-Storage\Jupyter\Notebook\ARosypal\pMOT-Monte-Carlo-Simulation\outputs\figures\mot_simple\refined_relationships_full_sphere_25x25_r15mm_27mW_reference_optimized_v5_20260908\01_raw_saturation\points\007_s0_10\capture_cross_section_vs_velocity.png,completed
8,01_raw_saturation,s0,15.0,15.0,0.5889972955084722,-2.4732069249793898,0.015856777174007318,15.856777174007318,0.0127,12.7,250.35,14.999999999999998,0.5889972955084721,-15000000.0,-15.0,6065000.0,1224004.4942742141,1224004.494274214,1304204.705376727,260840.9410753454,685655.2511751085,1762353.73737332,2.0638985616280245,0.95,25,25,625,79,42,42,0,0,"{""bounded_core_residence"":185,""escaped"":42,""two_core_entries"":398}","{""escaped"":625}",0.015,15.0,full_sphere,02509217f582bc1619712cd31de3fcb34aac11b208c54a4cb228694f36603e17,3e4bc623b93c2822c58a77e0a46f50c07d4c149dd09408704386ffe1f1833553,432.6670499999891,C:\Users\imaq\SynologyDrive\IMAQ-Storage\Jupyter\Notebook\ARosypal\pMOT-Monte-Carlo-Simulation\outputs\statistics\mot_simple\refined_relationships_full_sphere_25x25_r15mm_27mW_reference_optimized_v5_20260908\01_raw_saturation\points\008_s0_15,C:\Users\imaq\SynologyDrive\IMAQ-Storage\Jupyter\Notebook\ARosypal\pMOT-Monte-Carlo-Simulation\outputs\figures\mot_simple\refined_relationships_full_sphere_25x25_r15mm_27mW_reference_optimized_v5_20260908\01_raw_saturation\points\008_s0_15,C:\Users\imaq\SynologyDrive\IMAQ-Storage\Jupyter\Notebook\ARosypal\pMOT-Monte-Carlo-Simulation\outputs\statistics\mot_simple\refined_relationships_full_sphere_25x25_r15mm_27mW_reference_optimized_v5_20260908\01_raw_saturation\points\008_s0_15\capture_velocity_spectrum.csv,C:\Users\imaq\SynologyDrive\IMAQ-Storage\Jupyter\Notebook\ARosypal\pMOT-Monte-Carlo-Simulation\outputs\figures\mot_simple\refined_relationships_full_sphere_25x25_r15mm_27mW_reference_optimized_v5_20260908\01_raw_saturation\points\008_s0_15\capture_cross_section_vs_velocity.png,completed
9,01_raw_saturation,s0,20.0,20.0,0.7853297273446296,-2.4732069249793898,0.021142369565343093,21.142369565343092,0.0127,12.7,333.8,20.0,0.7853297273446296,-15000000.0,-15.0,6065000.0,1382720.7567614338,1382720.756761434,1438954.610117812,287790.92202356237,788749.4867474005,1976692.0267754672,2.0638985616280245,0.95,25,25,625,78,37,37,0,0,"{""bounded_core_residence"":203,""escaped"":37,""two_core_entries"":385}","{""escaped"":625}",0.015,15.0,full_sphere,02509217f582bc1619712cd31de3fcb34aac11b208c54a4cb228694f36603e17,2bbf37d531bdbf6128531a35ef333a519ebabff48158295c1fe6d65952f3e83a,419.2159034999786,C:\Users\imaq\SynologyDrive\IMAQ-Storage\Jupyter\Notebook\ARosypal\pMOT-Monte-Carlo-Simulation\outputs\statistics\mot_simple\refined_relationships_full_sphere_25x25_r15mm_27mW_reference_optimized_v5_20260908\01_raw_saturation\points\009_s0_20,C:\Users\imaq\SynologyDrive\IMAQ-Storage\Jupyter\Notebook\ARosypal\pMOT-Monte-Carlo-Simulation\outputs\figures\mot_simple\refined_relationships_full_sphere_25x25_r15mm_27mW_reference_optimized_v5_20260908\01_raw_saturation\points\009_s0_20,C:\Users\imaq\SynologyDrive\IMAQ-Storage\Jupyter\Notebook\ARosypal\pMOT-Monte-Carlo-Simulation\outputs\statistics\mot_simple\refined_relationships_full_sphere_25x25_r15mm_27mW_reference_optimized_v5_20260908\01_raw_saturation\points\009_s0_20\capture_velocity_spectrum.csv,C:\Users\imaq\SynologyDrive\IMAQ-Storage\Jupyter\Notebook\ARosypal\pMOT-Monte-Carlo-Simulation\outputs\figures\mot_simple\refined_relationships_full_sphere_25x25_r15mm_27mW_reference_optimized_v5_20260908\01_raw_saturation\points\009_s0_20\capture_cross_section_vs_velocity.png,completed
10,01_raw_saturation,s0,25.0,25.0,0.981662159180787,-2.4732069249793898,0.026427961956678868,26.427961956678867,0.0127,12.7,417.25000000000006,25.0,0.981662159180787,-15000000.0,-15.0,6065000.0,1485281.8482207244,1485281.8482207244,1529473.6682104324,305894.7336420865,853946.1474472344,2116617.5489942143,2.0638985616280245,0.95,25,25,625,83,30,30,0,0,"{""bounded_core_residence"":192,""escaped"":30,""two_core_entries"":403}","{""escaped"":625}",0.015,15.0,full_sphere,02509217f582bc1619712cd31de3fcb34aac11b208c54a4cb228694f36603e17,54cc8107ba7bb2281440b1bf10e1fa7a3066143c723b29a1dcbb6b81c96d4629,563.7039354000008,C:\Users\imaq\SynologyDrive\IMAQ-Storage\Jupyter\Notebook\ARosypal\pMOT-Monte-Carlo-Simulation\outputs\statistics\mot_simple\refined_relationships_full_sphere_25x25_r15mm_27mW_reference_optimized_v5_20260908\01_raw_saturation\points\010_s0_25,C:\Users\imaq\SynologyDrive\IMAQ-Storage\Jupyter\Notebook\ARosypal\pMOT-Monte-Carlo-Simulation\outputs\figures\mot_simple\refined_relationships_full_sphere_25x25_r15mm_27mW_reference_optimized_v5_20260908\01_raw_saturation\points\010_s0_25,C:\Users\imaq\SynologyDrive\IMAQ-Storage\Jupyter\Notebook\ARosypal\pMOT-Monte-Carlo-Simulation\outputs\statistics\mot_simple\refined_relationships_full_sphere_25x25_r15mm_27mW_reference_optimized_v5_20260908\01_raw_saturation\points\010_s0_25\capture_velocity_spectrum.csv,C:\Users\imaq\SynologyDrive\IMAQ-Storage\Jupyter\Notebook\ARosypal\pMOT-Monte-Carlo-Simulation\outputs\figures\mot_simple\refined_relationships_full_sphere_25x25_r15mm_27mW_reference_optimized_v5_20260908\01_raw_saturation\points\010_s0_25\capture_cross_section_vs_velocity.png,completed
11,01_raw_saturation,s0,30.0,30.0,1.1779945910169445,-2.4732069249793898,0.031713554348014636,31.713554348014636,0.0127,12.7,500.7,29.999999999999996,1.1779945910169443,-15000000.0,-15.0,6065000.0,1567340.4159531815,1567340.4159531812,1605895.4765006795,321179.0953001359,904459.3431382407,2230221.488768122,2.0638985616280245,0.95,25,25,625,93,27,27,0,0,"{""bounded_core_residence"":143,""escaped"":27,""two_core_entries"":455}","{""escaped"":625}",0.015,15.0,full_sphere,02509217f582bc1619712cd31de3fcb34aac11b208c54a4cb228694f36603e17,bc840a72c6fbc94f7287b5480ac3cb701af0d716d624d4cc0f2f41b7ecc70ac1,545.3812153000035,C:\Users\imaq\SynologyDrive\IMAQ-Storage\Jupyter\Notebook\ARosypal\pMOT-Monte-Carlo-Simulation\outputs\statistics\mot_simple\refined_relationships_full_sphere_25x25_r15mm_27mW_reference_optimized_v5_20260908\01_raw_saturation\points\011_s0_30,C:\Users\imaq\SynologyDrive\IMAQ-Storage\Jupyter\Notebook\ARosypal\pMOT-Monte-Carlo-Simulation\outputs\figures\mot_simple\refined_relationships_full_sphere_25x25_r15mm_27mW_reference_optimized_v5_20260908\01_raw_saturation\points\011_s0_30,C:\Users\imaq\SynologyDrive\IMAQ-Storage\Jupyter\Notebook\ARosypal\pMOT-Monte-Carlo-Simulation\outputs\statistics\mot_simple\refined_relationships_full_sphere_25x25_r15mm_27mW_reference_optimized_v5_20260908\01_raw_saturation\points\011_s0_30\capture_velocity_spectrum.csv,C:\Users\imaq\SynologyDrive\IMAQ-Storage\Jupyter\Notebook\ARosypal\pMOT-Monte-Carlo-Simulation\outputs\figures\mot_simple\refined_relationships_full_sphere_25x25_r15mm_27mW_reference_optimized_v5_20260908\01_raw_saturation\points\011_s0_30\capture_cross_section_vs_velocity.png,completed
12,01_raw_saturation,s0,35.0,35.0,1.3743270228531017,-2.4732069249793898,0.03699914673935042,36.999146739350415,0.0127,12.7,584.1500000000001,35.0,1.3743270228531017,-15000000.0,-15.0,6065000.0,1616550.547164865,1616550.547164865,1633789.5801616737,326757.91603233473,942155.3542651586,2290945.7400645716,2.0638985616280245,0.95,25,25,625,127,26,26,0,0,"{""bounded_core_residence"":141,""escaped"":26,""two_core_entries"":458}","{""escaped"":625}",0.015,15.0,full_sphere,02509217f582bc1619712cd31de3fcb34aac11b208c54a4cb228694f36603e17,220060035191ffabfbea4ef4a201afea6281e4b7ae762c94b675a23c29964a4d,654.3418887000298,C:\Users\imaq\SynologyDrive\IMAQ-Storage\Jupyter\Notebook\ARosypal\pMOT-Monte-Carlo-Simulation\outputs\statistics\mot_simple\refined_relationships_full_sphere_25x25_r15mm_27mW_reference_optimized_v5_20260908\01_raw_saturation\points\012_s0_35,C:\Users\imaq\SynologyDrive\IMAQ-Storage\Jupyter\Notebook\ARosypal\pMOT-Monte-Carlo-Simulation\outputs\figures\mot_simple\refined_relationships_full_sphere_25x25_r15mm_27mW_reference_optimized_v5_20260908\01_raw_saturation\points\012_s0_35,C:\Users\imaq\SynologyDrive\IMAQ-Storage\Jupyter\Notebook\ARosypal\pMOT-Monte-Carlo-Simulation\outputs\statistics\mot_simple\refined_relationships_full_sphere_25x25_r15mm_27mW_reference_optimized_v5_20260908\01_raw_saturation\points\012_s0_35\capture_velocity_spectrum.csv,C:\Users\imaq\SynologyDrive\IMAQ-Storage\Jupyter\Notebook\ARosypal\pMOT-Monte-Carlo-Simulation\outputs\figures\mot_simple\refined_relationships_full_sphere_25x25_r15mm_27mW_reference_optimized_v5_20260908\01_raw_saturation\points\012_s0_35\capture_cross_section_vs_velocity.png,completed
13,01_raw_saturation,s0,40.0,40.0,1.5706594546892592,-2.4732069249793898,0.042284739130686186,42.284739130686184,0.0127,12.7,667.6,40.0,1.5706594546892592,-15000000.0,-15.0,6065000.0,1654954.442788417,1654954.442788417,1672914.7649700837,334582.95299401676,964409.1673588088,2345499.7182180253,2.0638985616280245,0.95,25,25,625,176,25,25,0,0,"{""bounded_core_residence"":132,""escaped"":25,""two_core_entries"":468}","{""escaped"":625}",0.015,15.0,full_sphere,02509217f582bc1619712cd31de3fcb34aac11b208c54a4cb228694f36603e17,c9542f26a7ad3cb4140553a6abb0d584d4a54cda4991e76a8b27807fad6a236f,818.145315199974,C:\Users\imaq\SynologyDrive\IMAQ-Storage\Jupyter\Notebook\ARosypal\pMOT-Monte-Carlo-Simulation\outputs\statistics\mot_simple\refined_relationships_full_sphere_25x25_r15mm_27mW_reference_optimized_v5_20260908\01_raw_saturation\points\013_s0_40,C:\Users\imaq\SynologyDrive\IMAQ-Storage\Jupyter\Notebook\ARosypal\pMOT-Monte-Carlo-Simulation\outputs\figures\mot_simple\refined_relationships_full_sphere_25x25_r15mm_27mW_reference_optimized_v5_20260908\01_raw_saturation\points\013_s0_40,C:\Users\imaq\SynologyDrive\IMAQ-Storage\Jupyter\Notebook\ARosypal\pMOT-Monte-Carlo-Simulation\outputs\statistics\mot_simple\refined_relationships_full_sphere_25x25_r15mm_27mW_reference_optimized_v5_20260908\01_raw_saturation\points\013_s0_40\capture_velocity_spectrum.csv,C:\Users\imaq\SynologyDrive\IMAQ-Storage\Jupyter\Notebook\ARosypal\pMOT-Monte-Carlo-Simulation\outputs\figures\mot_simple\refined_relationships_full_sphere_25x25_r15mm_27mW_reference_optimized_v5_20260908\01_raw_saturation\points\013_s0_40\capture_cross_section_vs_velocity.png,completed
14,01_raw_saturation,s0,45.0,45.0,1.7669918865254166,-2.4732069249793898,0.04757033152202197,47.57033152202197,0.0127,12.7,751.0500000000002,45.00000000000001,1.7669918865254168,-15000000.0,-15.0,6065000.0,1681294.0881861537,1681294.0881861537,1692854.0657249857,338570.8131449971,982518.2739269634,2380069.902445344,2.0638985616280245,0.95,25,25,625,280,23,23,0,0,"{""bounded_core_residence"":149,""escaped"":23,""two_core_entries"":453}","{""escaped"":625}",0.015,15.0,full_sphere,02509217f582bc1619712cd31de3fcb34aac11b208c54a4cb228694f36603e17,ec1f759f2cf78c84848e646248cebf04cbba28c53c08aa6250f24ffc1d1e7fcf,1150.2588883000426,C:\Users\imaq\SynologyDrive\IMAQ-Storage\Jupyter\Notebook\ARosypal\pMOT-Monte-Carlo-Simulation\outputs\statistics\mot_simple\refined_relationships_full_sphere_25x25_r15mm_27mW_reference_optimized_v5_20260908\01_raw_saturation\points\014_s0_45,C:\Users\imaq\SynologyDrive\IMAQ-Storage\Jupyter\Notebook\ARosypal\pMOT-Monte-Carlo-Simulation\outputs\figures\mot_simple\refined_relationships_full_sphere_25x25_r15mm_27mW_reference_optimized_v5_20260908\01_raw_saturation\points\014_s0_45,C:\Users\imaq\SynologyDrive\IMAQ-Storage\Jupyter\Notebook\ARosypal\pMOT-Monte-Carlo-Simulation\outputs\statistics\mot_simple\refined_relationships_full_sphere_25x25_r15mm_27mW_reference_optimized_v5_20260908\01_raw_saturation\points\014_s0_45\capture_velocity_spectrum.csv,C:\Users\imaq\SynologyDrive\IMAQ-Storage\Jupyter\Notebook\ARosypal\pMOT-Monte-Carlo-Simulation\outputs\figures\mot_simple\refined_relationships_full_sphere_25x25_r15mm_27mW_reference_optimized_v5_20260908\01_raw_saturation\points\014_s0_45\capture_cross_section_vs_velocity.png,completed
15,01_raw_saturation,s0,50.0,50.0,1.963324318361574,-2.4732069249793898,0.052855923913357736,52.855923913357735,0.0127,12.7,834.5000000000001,50.0,1.963324318361574,-15000000.0,-15.0,6065000.0,1702971.3863325336,1702971.3863325336,1722471.5134964644,344494.3026992929,991970.0905024137,2413972.6821626537,2.0638985616280245,0.95,25,25,625,386,22,22,0,0,"{""bounded_core_residence"":132,""escaped"":22,""two_core_entries"":471}","{""escaped"":625}",0.015,15.0,full_sphere,02509217f582bc1619712cd31de3fcb34aac11b208c54a4cb228694f36603e17,f1035e4c7e84d9e6954abe86ff776f809ace52e4b2afb35ae09aae56117a5d67,1500.2648543000105,C:\Users\imaq\SynologyDrive\IMAQ-Storage\Jupyter\Notebook\ARosypal\pMOT-Monte-Carlo-Simulation\outputs\statistics\mot_simple\refined_relationships_full_sphere_25x25_r15mm_27mW_reference_optimized_v5_20260908\01_raw_saturation\points\015_s0_50,C:\Users\imaq\SynologyDrive\IMAQ-Storage\Jupyter\Notebook\ARosypal\pMOT-Monte-Carlo-Simulation\outputs\figures\mot_simple\refined_relationships_full_sphere_25x25_r15mm_27mW_reference_optimized_v5_20260908\01_raw_saturation\points\015_s0_50,C:\Users\imaq\SynologyDrive\IMAQ-Storage\Jupyter\Notebook\ARosypal\pMOT-Monte-Carlo-Simulation\outputs\statistics\mot_simple\refined_relationships_full_sphere_25x25_r15mm_27mW_reference_optimized_v5_20260908\01_raw_saturation\points\015_s0_50\capture_velocity_spectrum.csv,C:\Users\imaq\SynologyDrive\IMAQ-Storage\Jupyter\Notebook\ARosypal\pMOT-Monte-Carlo-Simulation\outputs\figures\mot_simple\refined_relationships_full_sphere_25x25_r15mm_27mW_reference_optimized_v5_20260908\01_raw_saturation\points\015_s0_50\capture_cross_section_vs_velocity.png,completed
16,01_raw_saturation,s0,60.0,60.0,2.355989182033889,-2.4732069249793898,0.06342710869602927,63.42710869602927,0.0127,12.7,1001.4,59.99999999999999,2.3559891820338885,-15000000.0,-15.0,6065000.0,1727680.0870706516,1727680.0870706516,1756807.0936867613,351361.41873735224,1002505.7603270483,2452854.413814255,2.0638985616280245,0.95,25,25,625,532,21,23,0,0,"{""bounded_core_residence"":113,""escaped"":21,""two_core_entries"":491}","{""escaped"":625}",0.015,15.0,full_sphere,02509217f582bc1619712cd31de3fcb34aac11b208c54a4cb228694f36603e17,b10c3f75011c54d2be2a9edfcb8c08cdcd83f573f13fa01f78d3c039da4af5af,1972.959811299981,C:\Users\imaq\SynologyDrive\IMAQ-Storage\Jupyter\Notebook\ARosypal\pMOT-Monte-Carlo-Simulation\outputs\statistics\mot_simple\refined_relationships_full_sphere_25x25_r15mm_27mW_reference_optimized_v5_20260908\01_raw_saturation\points\016_s0_60,C:\Users\imaq\SynologyDrive\IMAQ-Storage\Jupyter\Notebook\ARosypal\pMOT-Monte-Carlo-Simulation\outputs\figures\mot_simple\refined_relationships_full_sphere_25x25_r15mm_27mW_reference_optimized_v5_20260908\01_raw_saturation\points\016_s0_60,C:\Users\imaq\SynologyDrive\IMAQ-Storage\Jupyter\Notebook\ARosypal\pMOT-Monte-Carlo-Simulation\outputs\statistics\mot_simple\refined_relationships_full_sphere_25x25_r15mm_27mW_reference_optimized_v5_20260908\01_raw_saturation\points\016_s0_60\capture_velocity_spectrum.csv,C:\Users\imaq\SynologyDrive\IMAQ-Storage\Jupyter\Notebook\ARosypal\pMOT-Monte-Carlo-Simulation\outputs\figures\mot_simple\refined_relationships_full_sphere_25x25_r15mm_27mW_reference_optimized_v5_20260908\01_raw_saturation\points\016_s0_60\capture_cross_section_vs_velocity.png,completed
17,01_raw_saturation,s0,70.0,70.0,2.7486540457062034,-2.4732069249793898,0.07399829347870084,73.99829347870083,0.0127,12.7,1168.3000000000002,70.0,2.7486540457062034,-15000000.0,-15.0,6065000.0,1742895.022518412,1742895.022518412,1774940.7148543943,354988.14297087886,1010235.5048458115,2475554.5401910124,2.0638985616280245,0.95,25,25,625,592,16,19,0,0,"{""bounded_core_residence"":127,""escaped"":16,""two_core_entries"":482}","{""escaped"":625}",0.015,15.0,full_sphere,02509217f582bc1619712cd31de3fcb34aac11b208c54a4cb228694f36603e17,37b830119233ead16ea3325245432cb536a6d0314ee32d77b85922de436733fc,2152.7105945000076,C:\Users\imaq\SynologyDrive\IMAQ-Storage\Jupyter\Notebook\ARosypal\pMOT-Monte-Carlo-Simulation\outputs\statistics\mot_simple\refined_relationships_full_sphere_25x25_r15mm_27mW_reference_optimized_v5_20260908\01_raw_saturation\points\017_s0_70,C:\Users\imaq\SynologyDrive\IMAQ-Storage\Jupyter\Notebook\ARosypal\pMOT-Monte-Carlo-Simulation\outputs\figures\mot_simple\refined_relationships_full_sphere_25x25_r15mm_27mW_reference_optimized_v5_20260908\01_raw_saturation\points\017_s0_70,C:\Users\imaq\SynologyDrive\IMAQ-Storage\Jupyter\Notebook\ARosypal\pMOT-Monte-Carlo-Simulation\outputs\statistics\mot_simple\refined_relationships_full_sphere_25x25_r15mm_27mW_reference_optimized_v5_20260908\01_raw_saturation\points\017_s0_70\capture_velocity_spectrum.csv,C:\Users\imaq\SynologyDrive\IMAQ-Storage\Jupyter\Notebook\ARosypal\pMOT-Monte-Carlo-Simulation\outputs\figures\mot_simple\refined_relationships_full_sphere_25x25_r15mm_27mW_reference_optimized_v5_20260908\01_raw_saturation\points\017_s0_70\capture_cross_section_vs_velocity.png,completed
18,01_raw_saturation,s0,80.0,80.0,3.1413189093785183,-2.4732069249793898,0.08456947826137237,84.56947826137237,0.0127,12.7,1335.2,80.0,3.1413189093785183,-15000000.0,-15.0,6065000.0,1739026.6429616439,1739026.6429616439,1763795.6641193964,352759.13282387925,1010967.5761252902,2467085.7097979975,2.0638985616280245,0.95,25,25,625,606,13,16,0,0,"{""bounded_core_residence"":145,""escaped"":13,""two_core_entries"":467}","{""escaped"":625}",0.015,15.0,full_sphere,02509217f582bc1619712cd31de3fcb34aac11b208c54a4cb228694f36603e17,bfa6dcd6b17b9faa70185c482b5a436ae78953f0cf89874c84f78117f35943cf,2094.5647226999863,C:\Users\imaq\SynologyDrive\IMAQ-Storage\Jupyter\Notebook\ARosypal\pMOT-Monte-Carlo-Simulation\outputs\statistics\mot_simple\refined_relationships_full_sphere_25x25_r15mm_27mW_reference_optimized_v5_20260908\01_raw_saturation\points\018_s0_80,C:\Users\imaq\SynologyDrive\IMAQ-Storage\Jupyter\Notebook\ARosypal\pMOT-Monte-Carlo-Simulation\outputs\figures\mot_simple\refined_relationships_full_sphere_25x25_r15mm_27mW_reference_optimized_v5_20260908\01_raw_saturation\points\018_s0_80,C:\Users\imaq\SynologyDrive\IMAQ-Storage\Jupyter\Notebook\ARosypal\pMOT-Monte-Carlo-Simulation\outputs\statistics\mot_simple\refined_relationships_full_sphere_25x25_r15mm_27mW_reference_optimized_v5_20260908\01_raw_saturation\points\018_s0_80\capture_velocity_spectrum.csv,C:\Users\imaq\SynologyDrive\IMAQ-Storage\Jupyter\Notebook\ARosypal\pMOT-Monte-Carlo-Simulation\outputs\figures\mot_simple\refined_relationships_full_sphere_25x25_r15mm_27mW_reference_optimized_v5_20260908\01_raw_saturation\points\018_s0_80\capture_cross_section_vs_velocity.png,completed
19,01_raw_saturation,s0,90.0,90.0,3.533983773050833,-2.4732069249793898,0.09514066304404394,95.14066304404393,0.0127,12.7,1502.1000000000004,90.00000000000001,3.5339837730508337,-15000000.0,-15.0,6065000.0,1735723.316625742,1735723.3166257425,1754147.0992531087,350829.4198506217,1011646.9816192496,2459799.6516322345,2.0638985616280245,0.95,25,25,625,611,11,18,0,0,"{""bounded_core_residence"":118,""escaped"":11,""two_core_entries"":496}","{""escaped"":625}",0.015,15.0,full_sphere,02509217f582bc1619712cd31de3fcb34aac11b208c54a4cb228694f36603e17,3ae2d4db862c0f93927eed872e67e4988374ac6df77a9a5d33c2c62977e5c665,1930.9395674999687,C:\Users\imaq\SynologyDrive\IMAQ-Storage\Jupyter\Notebook\ARosypal\pMOT-Monte-Carlo-Simulation\outputs\statistics\mot_simple\refined_relationships_full_sphere_25x25_r15mm_27mW_reference_optimized_v5_20260908\01_raw_saturation\points\019_s0_90,C:\Users\imaq\SynologyDrive\IMAQ-Storage\Jupyter\Notebook\ARosypal\pMOT-Monte-Carlo-Simulation\outputs\figures\mot_simple\refined_relationships_full_sphere_25x25_r15mm_27mW_reference_optimized_v5_20260908\01_raw_saturation\points\019_s0_90,C:\Users\imaq\SynologyDrive\IMAQ-Storage\Jupyter\Notebook\ARosypal\pMOT-Monte-Carlo-Simulation\outputs\statistics\mot_simple\refined_relationships_full_sphere_25x25_r15mm_27mW_reference_optimized_v5_20260908\01_raw_saturation\points\019_s0_90\capture_velocity_spectrum.csv,C:\Users\imaq\SynologyDrive\IMAQ-Storage\Jupyter\Notebook\ARosypal\pMOT-Monte-Carlo-Simulation\outputs\figures\mot_simple\refined_relationships_full_sphere_25x25_r15mm_27mW_reference_optimized_v5_20260908\01_raw_saturation\points\019_s0_90\capture_cross_section_vs_velocity.png,completed
20,01_raw_saturation,s0,100.0,100.0,3.926648636723148,-2.4732069249793898,0.10571184782671547,105.71184782671547,0.0127,12.7,1669.0000000000002,100.0,3.926648636723148,-15000000.0,-15.0,6065000.0,1725821.7336046514,1725821.7336046514,1749235.2216942227,349847.04433884454,1003772.9220038945,2447870.5452054082,2.0638985616280245,0.95,25,25,625,614,10,18,0,0,"{""bounded_core_residence"":113,""escaped"":10,""two_core_entries"":502}","{""escaped"":625}",0.015,15.0,full_sphere,02509217f582bc1619712cd31de3fcb34aac11b208c54a4cb228694f36603e17,37188ccc8d3885996e8e51a6519aca7892ecaa4b0fd0de9fdfddc20ee11791b1,1826.6690185000189,C:\Users\imaq\SynologyDrive\IMAQ-Storage\Jupyter\Notebook\ARosypal\pMOT-Monte-Carlo-Simulation\outputs\statistics\mot_simple\refined_relationships_full_sphere_25x25_r15mm_27mW_reference_optimized_v5_20260908\01_raw_saturation\points\020_s0_100,C:\Users\imaq\SynologyDrive\IMAQ-Storage\Jupyter\Notebook\ARosypal\pMOT-Monte-Carlo-Simulation\outputs\figures\mot_simple\refined_relationships_full_sphere_25x25_r15mm_27mW_reference_optimized_v5_20260908\01_raw_saturation\points\020_s0_100,C:\Users\imaq\SynologyDrive\IMAQ-Storage\Jupyter\Notebook\ARosypal\pMOT-Monte-Carlo-Simulation\outputs\statistics\mot_simple\refined_relationships_full_sphere_25x25_r15mm_27mW_reference_optimized_v5_20260908\01_raw_saturation\points\020_s0_100\capture_velocity_spectrum.csv,C:\Users\imaq\SynologyDrive\IMAQ-Storage\Jupyter\Notebook\ARosypal\pMOT-Monte-Carlo-Simulation\outputs\figures\mot_simple\refined_relationships_full_sphere_25x25_r15mm_27mW_reference_optimized_v5_20260908\01_raw_saturation\points\020_s0_100\capture_cross_section_vs_velocity.png,completed
21,01_raw_saturation,s0,110.0,110.0,4.319313500395463,-2.4732069249793898,0.11628303260938702,116.28303260938702,0.0127,12.7,1835.9000000000003,110.00000000000001,4.319313500395463,-15000000.0,-15.0,6065000.0,1716751.7330145133,1716751.7330145128,1745280.0867206024,349056.0173441205,996335.5208903762,2437167.9451386505,2.0638985616280245,0.95,25,25,625,618,10,20,0,0,"{""bounded_core_residence"":135,""escaped"":10,""two_core_entries"":480}","{""escaped"":625}",0.015,15.0,full_sphere,02509217f582bc1619712cd31de3fcb34aac11b208c54a4cb228694f36603e17,f826b2135e30f17bff69b92bea7579caea23b16734c9cdf7eb401806179b3030,1832.2925381999812,C:\Users\imaq\SynologyDrive\IMAQ-Storage\Jupyter\Notebook\ARosypal\pMOT-Monte-Carlo-Simulation\outputs\statistics\mot_simple\refined_relationships_full_sphere_25x25_r15mm_27mW_reference_optimized_v5_20260908\01_raw_saturation\points\021_s0_110,C:\Users\imaq\SynologyDrive\IMAQ-Storage\Jupyter\Notebook\ARosypal\pMOT-Monte-Carlo-Simulation\outputs\figures\mot_simple\refined_relationships_full_sphere_25x25_r15mm_27mW_reference_optimized_v5_20260908\01_raw_saturation\points\021_s0_110,C:\Users\imaq\SynologyDrive\IMAQ-Storage\Jupyter\Notebook\ARosypal\pMOT-Monte-Carlo-Simulation\outputs\statistics\mot_simple\refined_relationships_full_sphere_25x25_r15mm_27mW_reference_optimized_v5_20260908\01_raw_saturation\points\021_s0_110\capture_velocity_spectrum.csv,C:\Users\imaq\SynologyDrive\IMAQ-Storage\Jupyter\Notebook\ARosypal\pMOT-Monte-Carlo-Simulation\outputs\figures\mot_simple\refined_relationships_full_sphere_25x25_r15mm_27mW_reference_optimized_v5_20260908\01_raw_saturation\points\021_s0_110\capture_cross_section_vs_velocity.png,completed
22,01_raw_saturation,s0,120.0,120.0,4.711978364067778,-2.4732069249793898,0.12685421739205854,126.85421739205854,0.0127,12.7,2002.8,119.99999999999999,4.711978364067777,-15000000.0,-15.0,6065000.0,1703587.0624286486,1703587.0624286484,1735263.9382329036,347052.7876465807,987305.3131958743,2419868.8116614227,2.0638985616280245,0.95,25,25,625,617,10,18,0,0,"{""bounded_core_residence"":139,""escaped"":10,""two_core_entries"":476}","{""escaped"":625}",0.015,15.0,full_sphere,02509217f582bc1619712cd31de3fcb34aac11b208c54a4cb228694f36603e17,5ec2cc1eebe9aaec1728c9a4975bcbaa838ba96f2dc452006502951da6fb1f64,1909.0579214000027,C:\Users\imaq\SynologyDrive\IMAQ-Storage\Jupyter\Notebook\ARosypal\pMOT-Monte-Carlo-Simulation\outputs\statistics\mot_simple\refined_relationships_full_sphere_25x25_r15mm_27mW_reference_optimized_v5_20260908\01_raw_saturation\points\022_s0_120,C:\Users\imaq\SynologyDrive\IMAQ-Storage\Jupyter\Notebook\ARosypal\pMOT-Monte-Carlo-Simulation\outputs\figures\mot_simple\refined_relationships_full_sphere_25x25_r15mm_27mW_reference_optimized_v5_20260908\01_raw_saturation\points\022_s0_120,C:\Users\imaq\SynologyDrive\IMAQ-Storage\Jupyter\Notebook\ARosypal\pMOT-Monte-Carlo-Simulation\outputs\statistics\mot_simple\refined_relationships_full_sphere_25x25_r15mm_27mW_reference_optimized_v5_20260908\01_raw_saturation\points\022_s0_120\capture_velocity_spectrum.csv,C:\Users\imaq\SynologyDrive\IMAQ-Storage\Jupyter\Notebook\ARosypal\pMOT-Monte-Carlo-Simulation\outputs\figures\mot_simple\refined_relationships_full_sphere_25x25_r15mm_27mW_reference_optimized_v5_20260908\01_raw_saturation\points\022_s0_120\capture_cross_section_vs_velocity.png,completed
23,01_raw_saturation,s0,125.0,125.0,4.908310795903935,-2.4732069249793898,0.13213980978339435,132.13980978339436,0.0127,12.7,2086.2500000000005,125.00000000000001,4.908310795903936,-15000000.0,-15.0,6065000.0,1701465.037989149,1701465.0379891486,1737956.0431923957,347591.2086384791,984072.0424456454,2418858.033532653,2.0638985616280245,0.95,25,25,625,618,8,16,0,0,"{""bounded_core_residence"":148,""escaped"":8,""two_core_entries"":469}","{""escaped"":625}",0.015,15.0,full_sphere,02509217f582bc1619712cd31de3fcb34aac11b208c54a4cb228694f36603e17,168540ebe9b80f495630dd657e8c23d64d02f0511e0582cd13f782f840ba324e,1891.685544100008,C:\Users\imaq\SynologyDrive\IMAQ-Storage\Jupyter\Notebook\ARosypal\pMOT-Monte-Carlo-Simulation\outputs\statistics\mot_simple\refined_relationships_full_sphere_25x25_r15mm_27mW_reference_optimized_v5_20260908\01_raw_saturation\points\023_s0_125,C:\Users\imaq\SynologyDrive\IMAQ-Storage\Jupyter\Notebook\ARosypal\pMOT-Monte-Carlo-Simulation\outputs\figures\mot_simple\refined_relationships_full_sphere_25x25_r15mm_27mW_reference_optimized_v5_20260908\01_raw_saturation\points\023_s0_125,C:\Users\imaq\SynologyDrive\IMAQ-Storage\Jupyter\Notebook\ARosypal\pMOT-Monte-Carlo-Simulation\outputs\statistics\mot_simple\refined_relationships_full_sphere_25x25_r15mm_27mW_reference_optimized_v5_20260908\01_raw_saturation\points\023_s0_125\capture_velocity_spectrum.csv,C:\Users\imaq\SynologyDrive\IMAQ-Storage\Jupyter\Notebook\ARosypal\pMOT-Monte-Carlo-Simulation\outputs\figures\mot_simple\refined_relationships_full_sphere_25x25_r15mm_27mW_reference_optimized_v5_20260908\01_raw_saturation\points\023_s0_125\capture_cross_section_vs_velocity.png,completed
