parameter_index,parameter_key,run_signature,model,indexed_state_count,cooling_specification_state_count,repumper_fprime0_extension,cooling_power_w_per_beam,repump_power_w_per_beam,beam_diameter_mm,cooling_peak_intensity_w_per_m2,cooling_peak_intensity_ratio,repump_peak_intensity_w_per_m2,sampling_disc_radius_mm,spectrum_velocity_min_m_per_s,spectrum_velocity_max_m_per_s,spectrum_velocity_step_m_per_s,maximum_capture_threshold_m_per_s,loading_rate_atoms_per_s,simulation_replicate_count,launch_disc_count,points_per_disc,capture_threshold_simulation_count,replicate_loading_rate_mean_atoms_per_s,replicate_loading_rate_sample_std_atoms_per_s,replicate_loading_rate_standard_error_atoms_per_s,replicate_loading_rate_95_percent_half_width_atoms_per_s,loading_rate_disc_cluster_standard_error_atoms_per_s,loading_integral_m6_per_s4,capture_velocity_mean_m_per_s,capture_velocity_std_m_per_s,valid_bracket_count,zero_capture_no_bracket_count,upper_escaped_count,upper_timeout_count,upper_other_count,sample_count,geometry_sha256,elapsed_s
0,000_diameter_mm_5p576470588,69056d998af1ef45d5425a111e4bf4bfa0f2e50a540471686918e368a355d56f,multilevel steady-state population-rate MOT,24,23,True,0.0038560387155376387,0.0001,5.576470588235294,315.7640386223976,18.90802626481423,1.5788201931119883,12.0,0.0,32.25,0.25,31.875,3400692.5966616822,10,10,25,250,3400692.596661682,2965706.5166863916,937838.7464333157,2121538.6377401575,937838.7464333157,3.7289931539340344,6.349970703125,5.915164102783439,236,14,244,6,0,250,c7390fac66b2f9801ddf5c74afa7bce9326f05b148a90714e542c0f18f1d5000,0.046999999998661224
1,001_diameter_mm_6p594117647,69056d998af1ef45d5425a111e4bf4bfa0f2e50a540471686918e368a355d56f,multilevel steady-state population-rate MOT,24,23,True,0.005391826839017,0.0001,6.594117647058823,315.7640386223976,18.90802626481423,1.5788201931119883,12.0,0.0,32.75,0.25,32.5,6463028.860236152,10,10,25,250,6463028.860236151,4590312.208908291,1451584.1751428854,3283711.539120952,1451584.1751428857,7.086965283824019,9.24767578125,6.827453241931958,245,5,248,2,0,250,c7390fac66b2f9801ddf5c74afa7bce9326f05b148a90714e542c0f18f1d5000,0.030999999999039574
2,002_diameter_mm_7p611764706,69056d998af1ef45d5425a111e4bf4bfa0f2e50a540471686918e368a355d56f,multilevel steady-state population-rate MOT,24,23,True,0.007184445649168115,0.0001,7.6117647058823525,315.7640386223976,18.90802626481423,1.5788201931119883,12.0,0.0,34.5,0.25,34.0625,11391101.585680371,10,10,25,250,11391101.585680373,6864102.159715826,2170619.691678288,4910282.883116682,2170619.691678288,12.490790808456918,12.4484765625,7.353452335073755,250,0,250,0,0,250,c7390fac66b2f9801ddf5c74afa7bce9326f05b148a90714e542c0f18f1d5000,0.031000000002677552
3,003_diameter_mm_8p629411765,69056d998af1ef45d5425a111e4bf4bfa0f2e50a540471686918e368a355d56f,multilevel steady-state population-rate MOT,24,23,True,0.009233895145990982,0.0001,8.629411764705882,315.76403862239755,18.908026264814225,1.5788201931119883,12.0,0.0,36.25,0.25,35.9375,18290279.25256991,10,10,25,250,18290279.25256991,9482947.43369243,2998771.282211663,6783691.935477101,2998771.282211662,20.05601040897617,15.540703125,7.585499395578531,250,0,250,0,0,250,c7390fac66b2f9801ddf5c74afa7bce9326f05b148a90714e542c0f18f1d5000,0.030999999999039574
4,004_diameter_mm_9p647058824,69056d998af1ef45d5425a111e4bf4bfa0f2e50a540471686918e368a355d56f,multilevel steady-state population-rate MOT,24,23,True,0.011540175329485607,0.0001,9.647058823529411,315.76403862239766,18.908026264814232,1.5788201931119883,12.0,0.0,37.0,0.25,36.71875,26623645.3155623,10,10,25,250,26623645.3155623,11875149.903804587,3755252.125195192,8494970.492908634,3755252.1251951926,29.193873980835015,18.3609375,7.580419916685437,250,0,250,0,0,250,c7390fac66b2f9801ddf5c74afa7bce9326f05b148a90714e542c0f18f1d5000,0.0319999999992433
5,005_diameter_mm_10p66470588,69056d998af1ef45d5425a111e4bf4bfa0f2e50a540471686918e368a355d56f,multilevel steady-state population-rate MOT,24,23,True,0.014103286199651986,0.0001,10.66470588235294,315.7640386223977,18.908026264814236,1.5788201931119883,12.0,0.0,37.75,0.25,37.5,36372017.80546432,10,10,25,250,36372017.80546431,14664253.907512773,4637244.25347645,10490175.303381255,4637244.25347645,39.8833477405416,20.80625,7.478201394302643,250,0,250,0,0,250,c7390fac66b2f9801ddf5c74afa7bce9326f05b148a90714e542c0f18f1d5000,0.0319999999992433
6,006_diameter_mm_11p68235294,69056d998af1ef45d5425a111e4bf4bfa0f2e50a540471686918e368a355d56f,multilevel steady-state population-rate MOT,24,23,True,0.016923227756490113,0.0001,11.68235294117647,315.7640386223976,18.90802626481423,1.5788201931119883,12.0,0.0,38.5,0.25,38.125,46863290.42508376,10,10,25,250,46863290.42508375,16985251.90142193,5371208.264019906,12150517.247026237,5371208.264019906,51.38744070472801,22.91125,7.297431349240292,250,0,250,0,0,250,c7390fac66b2f9801ddf5c74afa7bce9326f05b148a90714e542c0f18f1d5000,0.030999999999039574
7,007_diameter_mm_12p7,69056d998af1ef45d5425a111e4bf4bfa0f2e50a540471686918e368a355d56f,multilevel steady-state population-rate MOT,24,23,True,0.02,0.0001,12.7,315.76403862239766,18.908026264814232,1.5788201931119883,12.0,0.0,39.0,0.25,38.59375,56389808.8598485,10,10,25,250,56389808.8598485,19266494.09174352,6092600.38560866,13782419.602023158,6092600.385608663,61.833642769253586,24.6390625,6.9790088795907295,250,0,250,0,0,250,c7390fac66b2f9801ddf5c74afa7bce9326f05b148a90714e542c0f18f1d5000,0.030999999999039574
8,008_diameter_mm_13p71764706,69056d998af1ef45d5425a111e4bf4bfa0f2e50a540471686918e368a355d56f,multilevel steady-state population-rate MOT,24,23,True,0.023333602930181642,0.0001,13.717647058823529,315.76403862239766,18.908026264814232,1.5788201931119883,12.0,0.0,39.5,0.25,39.21875,65520147.911930025,10,10,25,250,65520147.911930025,21366246.205960423,6756600.305876603,15284491.777716734,6756600.305876604,71.8454185621409,26.030625,6.689428723039435,250,0,250,0,0,250,c7390fac66b2f9801ddf5c74afa7bce9326f05b148a90714e542c0f18f1d5000,0.030999999999039574
9,009_diameter_mm_14p73529412,69056d998af1ef45d5425a111e4bf4bfa0f2e50a540471686918e368a355d56f,multilevel steady-state population-rate MOT,24,23,True,0.026924036547035037,0.0001,14.735294117647058,315.76403862239766,18.908026264814232,1.5788201931119883,12.0,0.0,40.25,0.25,39.921875,73514095.88400368,10,10,25,250,73514095.8840037,23632058.931955818,7473113.202430649,16905356.558852762,7473113.202430647,80.61109685074311,27.1140625,6.431353444564079,250,0,250,0,0,250,c7390fac66b2f9801ddf5c74afa7bce9326f05b148a90714e542c0f18f1d5000,0.0470000000022992
10,010_diameter_mm_15p75294118,69056d998af1ef45d5425a111e4bf4bfa0f2e50a540471686918e368a355d56f,multilevel steady-state population-rate MOT,24,23,True,0.030771300850560172,0.0001,15.752941176470587,315.76403862239755,18.908026264814225,1.5788201931119883,12.0,0.0,40.75,0.25,40.390625,79452813.81371208,10,10,25,250,79452813.81371209,25574496.68476706,8087365.953628914,18294892.81970928,8087365.9536289135,87.12313458234141,27.9046875,6.136072779894014,250,0,250,0,0,250,c7390fac66b2f9801ddf5c74afa7bce9326f05b148a90714e542c0f18f1d5000,0.0470000000022992
11,011_diameter_mm_16p77058824,69056d998af1ef45d5425a111e4bf4bfa0f2e50a540471686918e368a355d56f,multilevel steady-state population-rate MOT,24,23,True,0.03487539584075708,0.0001,16.770588235294117,315.7640386223976,18.90802626481423,1.5788201931119883,12.0,0.0,41.25,0.25,40.859375,84519537.31472933,10,10,25,250,84519537.31472936,26806983.143676378,8477112.393175812,19176560.51958309,8477112.393175812,92.6789961344021,28.538125,5.861302316358541,250,0,250,0,0,250,c7390fac66b2f9801ddf5c74afa7bce9326f05b148a90714e542c0f18f1d5000,0.030999999999039574
12,012_diameter_mm_17p78823529,69056d998af1ef45d5425a111e4bf4bfa0f2e50a540471686918e368a355d56f,multilevel steady-state population-rate MOT,24,23,True,0.039236321517625745,0.0001,17.78823529411765,315.76403862239766,18.908026264814232,1.5788201931119883,12.0,0.0,41.25,0.25,40.859375,88398010.66985214,10,10,25,250,88398010.66985214,28417979.420903534,8986554.146984797,20328997.83196142,8986554.146984799,96.93189467723599,29.035,5.591381796177489,250,0,250,0,0,250,c7390fac66b2f9801ddf5c74afa7bce9326f05b148a90714e542c0f18f1d5000,0.030999999999039574
13,013_diameter_mm_18p80588235,69056d998af1ef45d5425a111e4bf4bfa0f2e50a540471686918e368a355d56f,multilevel steady-state population-rate MOT,24,23,True,0.043854077881166145,0.0001,18.805882352941175,315.7640386223976,18.90802626481423,1.5788201931119883,12.0,0.0,41.25,0.25,40.859375,91681570.59894319,10,10,25,250,91681570.5989432,30183912.297545385,9544991.15550094,21592270.110715862,9544991.15550094,100.53244725529979,29.441875,5.337219181722819,250,0,250,0,0,250,c7390fac66b2f9801ddf5c74afa7bce9326f05b148a90714e542c0f18f1d5000,0.030999999999039574
14,014_diameter_mm_19p82352941,69056d998af1ef45d5425a111e4bf4bfa0f2e50a540471686918e368a355d56f,multilevel steady-state population-rate MOT,24,23,True,0.04872866493137829,0.0001,19.823529411764703,315.76403862239766,18.908026264814232,1.5788201931119883,12.0,0.0,41.25,0.25,40.859375,94524621.9035307,10,10,25,250,94524621.90353072,31952288.17164701,10104200.707646169,22857290.004574377,10104200.707646169,103.64996480495932,29.7928125,5.090549042174257,250,0,250,0,0,250,c7390fac66b2f9801ddf5c74afa7bce9326f05b148a90714e542c0f18f1d5000,0.031000000002677552
15,015_diameter_mm_20p84117647,69056d998af1ef45d5425a111e4bf4bfa0f2e50a540471686918e368a355d56f,multilevel steady-state population-rate MOT,24,23,True,0.05386008266826223,0.0001,20.841176470588234,315.76403862239766,18.908026264814232,1.5788201931119883,12.0,0.0,41.0,0.25,40.625,97037820.73560981,10,10,25,250,97037820.73560981,33857963.547662385,10706828.174556809,24220528.04531074,10706828.17455681,106.40578614808743,30.101875,4.862194961511724,250,0,250,0,0,250,c7390fac66b2f9801ddf5c74afa7bce9326f05b148a90714e542c0f18f1d5000,0.031000000002677552
16,016_diameter_mm_21p85882353,69056d998af1ef45d5425a111e4bf4bfa0f2e50a540471686918e368a355d56f,multilevel steady-state population-rate MOT,24,23,True,0.0592483310918179,0.0001,21.85882352941177,315.7640386223976,18.90802626481423,1.5788201931119883,12.0,0.0,41.0,0.25,40.625,99542464.720038,10,10,25,250,99542464.72003801,35583437.88367139,11252471.069152322,25454858.027618706,11252471.069152327,109.15222676437344,30.3884375,4.676718862237311,250,0,250,0,0,250,c7390fac66b2f9801ddf5c74afa7bce9326f05b148a90714e542c0f18f1d5000,0.03200000000288128
17,017_diameter_mm_22p87647059,69056d998af1ef45d5425a111e4bf4bfa0f2e50a540471686918e368a355d56f,multilevel steady-state population-rate MOT,24,23,True,0.06489341020204532,0.0001,22.876470588235293,315.76403862239766,18.908026264814232,1.5788201931119883,12.0,0.0,40.75,0.25,40.390625,101163480.87192294,10,10,25,250,101163480.87192294,37160343.62308336,11751132.4483457,26582908.43834331,11751132.448345702,110.92973471635042,30.5834375,4.515852729984255,250,0,250,0,0,250,c7390fac66b2f9801ddf5c74afa7bce9326f05b148a90714e542c0f18f1d5000,0.0470000000022992
18,018_diameter_mm_23p89411765,69056d998af1ef45d5425a111e4bf4bfa0f2e50a540471686918e368a355d56f,multilevel steady-state population-rate MOT,24,23,True,0.07079531999894449,0.0001,23.89411764705882,315.76403862239766,18.908026264814232,1.5788201931119883,12.0,0.0,40.75,0.25,40.390625,102586350.11685932,10,10,25,250,102586350.11685933,38701723.93173975,12238559.699934453,27685545.48683996,12238559.699934453,112.48996679334545,30.7440625,4.390587066117269,250,0,250,0,0,250,c7390fac66b2f9801ddf5c74afa7bce9326f05b148a90714e542c0f18f1d5000,0.030999999999039574
19,019_diameter_mm_24p91176471,69056d998af1ef45d5425a111e4bf4bfa0f2e50a540471686918e368a355d56f,multilevel steady-state population-rate MOT,24,23,True,0.07695406048251544,0.0001,24.91176470588235,315.76403862239766,18.908026264814232,1.5788201931119883,12.0,0.0,40.75,0.25,40.390625,103973992.16401146,10,10,25,250,103973992.16401145,40191681.73012603,12709725.725977514,28751397.087493483,12709725.725977518,114.0115708627697,30.8815625,4.302436276129636,250,0,250,0,0,250,c7390fac66b2f9801ddf5c74afa7bce9326f05b148a90714e542c0f18f1d5000,0.0319999999992433
20,020_diameter_mm_25p92941176,69056d998af1ef45d5425a111e4bf4bfa0f2e50a540471686918e368a355d56f,multilevel steady-state population-rate MOT,24,23,True,0.08336963165275811,0.0001,25.929411764705886,315.76403862239755,18.908026264814225,1.5788201931119883,12.0,0.0,40.75,0.25,40.390625,105226618.43283983,10,10,25,250,105226618.43283984,42048490.82532252,13296900.318071246,30079678.296777837,13296900.318071242,115.38512482218499,31.001875,4.254743033515655,250,0,250,0,0,250,c7390fac66b2f9801ddf5c74afa7bce9326f05b148a90714e542c0f18f1d5000,0.0319999999992433
21,021_diameter_mm_26p94705882,69056d998af1ef45d5425a111e4bf4bfa0f2e50a540471686918e368a355d56f,multilevel steady-state population-rate MOT,24,23,True,0.09004203350967258,0.0001,26.94705882352941,315.7640386223977,18.908026264814236,1.5788201931119883,12.0,0.0,40.5,0.25,40.15625,106055618.19556323,10,10,25,250,106055618.19556321,43224039.85702299,13668641.562209142,30920615.41489063,13668641.562209146,116.29415565985704,31.0903125,4.209476253886135,250,0,250,0,0,250,c7390fac66b2f9801ddf5c74afa7bce9326f05b148a90714e542c0f18f1d5000,0.030999999999039574
22,022_diameter_mm_27p96470588,69056d998af1ef45d5425a111e4bf4bfa0f2e50a540471686918e368a355d56f,multilevel steady-state population-rate MOT,24,23,True,0.09697126605325872,0.0001,27.964705882352938,315.7640386223976,18.90802626481423,1.5788201931119883,12.0,0.0,40.5,0.25,40.15625,106966291.18216054,10,10,25,250,106966291.18216054,44348126.80982417,14024109.068102134,31724738.779468134,14024109.068102129,117.29274439905319,31.1715625,4.1929273247674175,250,0,250,0,0,250,c7390fac66b2f9801ddf5c74afa7bce9326f05b148a90714e542c0f18f1d5000,0.01599999999962165
23,023_diameter_mm_28p98235294,69056d998af1ef45d5425a111e4bf4bfa0f2e50a540471686918e368a355d56f,multilevel steady-state population-rate MOT,24,23,True,0.10415732928351672,0.0001,28.98235294117647,315.76403862239766,18.908026264814232,1.5788201931119883,12.0,0.0,40.5,0.25,40.15625,107907572.33091344,10,10,25,250,107907572.33091347,45625526.58749712,14428058.346106058,32638535.532088764,14428058.346106054,118.32489619162402,31.244375,4.180803600983907,250,0,250,0,0,250,c7390fac66b2f9801ddf5c74afa7bce9326f05b148a90714e542c0f18f1d5000,0.030999999999039574
24,024_diameter_mm_30,69056d998af1ef45d5425a111e4bf4bfa0f2e50a540471686918e368a355d56f,multilevel steady-state population-rate MOT,24,23,True,0.11160022320044638,0.0001,29.999999999999996,315.7640386223976,18.90802626481423,1.5788201931119883,12.0,0.0,40.5,0.25,40.15625,108881055.84877597,10,10,25,250,108881055.84877598,46888468.88256121,14827435.766682351,33541990.024682447,14827435.76668235,119.3923591481819,31.3140625,4.191476947796117,250,0,250,0,0,250,c7390fac66b2f9801ddf5c74afa7bce9326f05b148a90714e542c0f18f1d5000,0.030999999999039574
