parameter_index,parameter_key,run_signature,n,model,indexed_state_count,cooling_specification_state_count,repumper_fprime0_extension,cooling_power_w_per_beam,repump_power_w_per_beam,beam_diameter_mm,cooling_peak_intensity_w_per_m2,cooling_peak_intensity_ratio,repump_peak_intensity_w_per_m2,sampling_disc_radius_mm,spectrum_velocity_min_m_per_s,spectrum_velocity_max_m_per_s,spectrum_velocity_step_m_per_s,maximum_capture_threshold_m_per_s,loading_rate_atoms_per_s,simulation_replicate_count,launch_disc_count,points_per_disc,capture_threshold_simulation_count,replicate_loading_rate_mean_atoms_per_s,replicate_loading_rate_sample_std_atoms_per_s,replicate_loading_rate_standard_error_atoms_per_s,replicate_loading_rate_95_percent_half_width_atoms_per_s,loading_rate_disc_cluster_standard_error_atoms_per_s,loading_integral_m6_per_s4,capture_velocity_mean_m_per_s,capture_velocity_std_m_per_s,valid_bracket_count,zero_capture_no_bracket_count,upper_escaped_count,upper_timeout_count,upper_other_count,sample_count,geometry_sha256,elapsed_s
0,000_n_1,3229ef003dde8d82c45c819ed79d423cd023d18787130404661b344ca2c6b4ed,1.0,multilevel steady-state population-rate MOT,24,23,True,0.0010577518626160264,0.0001,12.7,16.7,1.0,1.5788201931119883,12.0,0.0,30.0,0.25,29.6875,6999608.51150742,10,10,25,250,6999608.51150742,2914671.406687117,921700.0276098215,2085030.3193561274,921700.0276098214,7.675345970774398,12.67109375,5.493720280867426,250,0,249,1,0,250,c7390fac66b2f9801ddf5c74afa7bce9326f05b148a90714e542c0f18f1d5000,0.046999999998661224
1,001_n_2,3229ef003dde8d82c45c819ed79d423cd023d18787130404661b344ca2c6b4ed,2.0,multilevel steady-state population-rate MOT,24,23,True,0.0021155037252320527,0.0001,12.7,33.4,2.0,1.5788201931119883,12.0,0.0,31.5,0.25,31.09375,15219512.704703009,10,10,25,250,15219512.704703009,6123311.854362927,1936361.2283296096,4380353.422319771,1936361.2283296103,16.68879414086474,16.25875,6.271161176369174,250,0,250,0,0,250,c7390fac66b2f9801ddf5c74afa7bce9326f05b148a90714e542c0f18f1d5000,0.06199999999989814
2,002_n_3,3229ef003dde8d82c45c819ed79d423cd023d18787130404661b344ca2c6b4ed,3.0,multilevel steady-state population-rate MOT,24,23,True,0.003173255587848079,0.0001,12.7,50.099999999999994,3.0,1.5788201931119883,12.0,0.0,33.25,0.25,32.8125,20911541.5259303,10,10,25,250,20911541.525930297,8026626.317700427,2538242.109098364,5741902.567867666,2538242.109098364,22.930327564729044,18.1125,6.446848491220342,250,0,250,0,0,250,c7390fac66b2f9801ddf5c74afa7bce9326f05b148a90714e542c0f18f1d5000,0.030999999999039574
3,003_n_4,3229ef003dde8d82c45c819ed79d423cd023d18787130404661b344ca2c6b4ed,4.0,multilevel steady-state population-rate MOT,24,23,True,0.004231007450464105,0.0001,12.7,66.8,4.0,1.5788201931119883,12.0,0.0,34.5,0.25,34.0625,25697321.383820377,10,10,25,250,25697321.38382038,9565607.025484238,3024910.5402638502,6842823.045308591,3024910.54026385,28.17812336486291,19.363125,6.565892396982302,250,0,250,0,0,250,c7390fac66b2f9801ddf5c74afa7bce9326f05b148a90714e542c0f18f1d5000,0.046999999998661224
4,004_n_5,3229ef003dde8d82c45c819ed79d423cd023d18787130404661b344ca2c6b4ed,5.0,multilevel steady-state population-rate MOT,24,23,True,0.005288759313080132,0.0001,12.7,83.5,5.0,1.5788201931119883,12.0,0.0,35.25,0.25,35.0,30076530.068065066,10,10,25,250,30076530.06806507,11049500.701999217,3494158.922594695,7904336.634502935,3494158.922594694,32.980097885943536,20.305,6.686166806362222,250,0,250,0,0,250,c7390fac66b2f9801ddf5c74afa7bce9326f05b148a90714e542c0f18f1d5000,0.030999999999039574
5,005_n_6,3229ef003dde8d82c45c819ed79d423cd023d18787130404661b344ca2c6b4ed,6.0,multilevel steady-state population-rate MOT,24,23,True,0.006346511175696158,0.0001,12.7,100.19999999999999,6.0,1.5788201931119883,12.0,0.0,36.0,0.25,35.625,33871440.543848395,10,10,25,250,33871440.543848395,12087747.887953049,3822481.510782143,8647053.929060832,3822481.510782142,37.14136644573051,21.0303125,6.787598130333458,250,0,250,0,0,250,c7390fac66b2f9801ddf5c74afa7bce9326f05b148a90714e542c0f18f1d5000,0.031000000000858563
6,006_n_7,3229ef003dde8d82c45c819ed79d423cd023d18787130404661b344ca2c6b4ed,7.0,multilevel steady-state population-rate MOT,24,23,True,0.0074042630383121845,0.0001,12.7,116.89999999999999,7.0,1.5788201931119883,12.0,0.0,36.5,0.25,36.09375,36910483.75079272,10,10,25,250,36910483.75079273,12946092.228812885,4093913.8241654444,9261076.480980225,4093913.8241654444,40.4737968230983,21.595,6.832129718058272,250,0,250,0,0,250,c7390fac66b2f9801ddf5c74afa7bce9326f05b148a90714e542c0f18f1d5000,0.04700000000048021
7,007_n_8,3229ef003dde8d82c45c819ed79d423cd023d18787130404661b344ca2c6b4ed,8.0,multilevel steady-state population-rate MOT,24,23,True,0.00846201490092821,0.0001,12.7,133.6,8.0,1.5788201931119883,12.0,0.0,36.75,0.25,36.40625,39512506.85481976,10,10,25,250,39512506.85481976,13746607.323827473,4347058.924324664,9833730.482518189,4347058.924324664,43.32701747315645,22.0653125,6.868301914695237,250,0,250,0,0,250,c7390fac66b2f9801ddf5c74afa7bce9326f05b148a90714e542c0f18f1d5000,0.04700000000048021
8,008_n_9,3229ef003dde8d82c45c819ed79d423cd023d18787130404661b344ca2c6b4ed,9.0,multilevel steady-state population-rate MOT,24,23,True,0.009519766763544239,0.0001,12.7,150.3,9.000000000000002,1.5788201931119883,12.0,0.0,37.0,0.25,36.71875,42041956.95921501,10,10,25,250,42041956.95921501,14451680.144519629,4570022.527291335,10338109.193999782,4570022.527291336,46.10065897541011,22.4840625,6.90862267642084,250,0,250,0,0,250,c7390fac66b2f9801ddf5c74afa7bce9326f05b148a90714e542c0f18f1d5000,0.06300000000010186
9,009_n_10,3229ef003dde8d82c45c819ed79d423cd023d18787130404661b344ca2c6b4ed,10.0,multilevel steady-state population-rate MOT,24,23,True,0.010577518626160264,0.0001,12.7,167.0,10.0,1.5788201931119883,12.0,0.0,37.5,0.25,37.03125,44170874.44683497,10,10,25,250,44170874.44683496,15150965.177844059,4791155.87118853,10838347.571817689,4791155.871188529,48.43510071366613,22.8275,6.922842737091462,250,0,250,0,0,250,c7390fac66b2f9801ddf5c74afa7bce9326f05b148a90714e542c0f18f1d5000,0.031000000000858563
10,010_n_11,3229ef003dde8d82c45c819ed79d423cd023d18787130404661b344ca2c6b4ed,11.0,multilevel steady-state population-rate MOT,24,23,True,0.01163527048877629,0.0001,12.7,183.7,11.0,1.5788201931119883,12.0,0.0,37.75,0.25,37.34375,46162365.39713875,10,10,25,250,46162365.39713876,15934569.540601516,5038953.328264369,11398904.3642508,5038953.328264366,50.6188488498824,23.13375,6.939746370545541,250,0,250,0,0,250,c7390fac66b2f9801ddf5c74afa7bce9326f05b148a90714e542c0f18f1d5000,0.031000000000858563
11,011_n_12,3229ef003dde8d82c45c819ed79d423cd023d18787130404661b344ca2c6b4ed,12.0,multilevel steady-state population-rate MOT,24,23,True,0.012693022351392316,0.0001,12.7,200.39999999999998,12.0,1.5788201931119883,12.0,0.0,37.75,0.25,37.5,47824306.40362149,10,10,25,250,47824306.40362149,16543829.420839028,5231618.219115564,11834742.627098542,5231618.219115564,52.44123251416892,23.3903125,6.952787555013906,250,0,250,0,0,250,c7390fac66b2f9801ddf5c74afa7bce9326f05b148a90714e542c0f18f1d5000,0.031000000000858563
12,012_n_13,3229ef003dde8d82c45c819ed79d423cd023d18787130404661b344ca2c6b4ed,13.0,multilevel steady-state population-rate MOT,24,23,True,0.013750774214008344,0.0001,12.7,217.10000000000002,13.000000000000002,1.5788201931119883,12.0,0.0,38.25,0.25,37.8125,49484676.58591795,10,10,25,250,49484676.58591794,17054136.7446563,5392991.56410833,12199794.495349402,5392991.564108327,54.2618937079674,23.6384375,6.964171709374796,250,0,250,0,0,250,c7390fac66b2f9801ddf5c74afa7bce9326f05b148a90714e542c0f18f1d5000,0.0319999999992433
13,013_n_14,3229ef003dde8d82c45c819ed79d423cd023d18787130404661b344ca2c6b4ed,14.0,multilevel steady-state population-rate MOT,24,23,True,0.014808526076624369,0.0001,12.7,233.79999999999998,14.0,1.5788201931119883,12.0,0.0,38.25,0.25,37.96875,50849644.314112976,10,10,25,250,50849644.31411298,17467168.169463374,5523603.568869823,12495259.377460573,5523603.568869821,55.75863449505787,23.84875,6.965485109631634,250,0,250,0,0,250,c7390fac66b2f9801ddf5c74afa7bce9326f05b148a90714e542c0f18f1d5000,0.030999999999039574
14,014_n_15,3229ef003dde8d82c45c819ed79d423cd023d18787130404661b344ca2c6b4ed,15.0,multilevel steady-state population-rate MOT,24,23,True,0.015866277939240395,0.0001,12.7,250.49999999999997,14.999999999999998,1.5788201931119883,12.0,0.0,38.5,0.25,38.125,52192358.44815802,10,10,25,250,52192358.44815802,18027831.55334401,5700900.8982418375,12896333.801034326,5700900.898241837,57.23097334110928,24.03875,6.9688356496978745,250,0,250,0,0,250,c7390fac66b2f9801ddf5c74afa7bce9326f05b148a90714e542c0f18f1d5000,0.031000000000858563
15,015_n_16,3229ef003dde8d82c45c819ed79d423cd023d18787130404661b344ca2c6b4ed,16.0,multilevel steady-state population-rate MOT,24,23,True,0.01692402980185642,0.0001,12.7,267.2,16.0,1.5788201931119883,12.0,0.0,38.75,0.25,38.28125,53414946.85256785,10,10,25,250,53414946.85256785,18375823.326132376,5810945.559142941,13145272.118913159,5810945.559142941,58.57158960104374,24.2128125,6.973960278970353,250,0,250,0,0,250,c7390fac66b2f9801ddf5c74afa7bce9326f05b148a90714e542c0f18f1d5000,0.030999999999039574
16,016_n_17,3229ef003dde8d82c45c819ed79d423cd023d18787130404661b344ca2c6b4ed,17.0,multilevel steady-state population-rate MOT,24,23,True,0.017981781664472448,0.0001,12.7,283.9,17.0,1.5788201931119883,12.0,0.0,38.75,0.25,38.4375,54525929.885191195,10,10,25,250,54525929.8851912,18688464.786262583,5909811.469644159,13368922.3465044,5909811.46964416,59.78982618227904,24.3690625,6.976963272363289,250,0,250,0,0,250,c7390fac66b2f9801ddf5c74afa7bce9326f05b148a90714e542c0f18f1d5000,0.031000000000858563
17,017_n_18,3229ef003dde8d82c45c819ed79d423cd023d18787130404661b344ca2c6b4ed,18.0,multilevel steady-state population-rate MOT,24,23,True,0.019039533527088478,0.0001,12.7,300.6,18.000000000000004,1.5788201931119883,12.0,0.0,38.75,0.25,38.4375,55517330.78055209,10,10,25,250,55517330.780552104,19023561.971782457,6015778.5040196385,13608636.432331312,6015778.504019638,60.87693624780921,24.5146875,6.977785908968993,250,0,250,0,0,250,c7390fac66b2f9801ddf5c74afa7bce9326f05b148a90714e542c0f18f1d5000,0.031000000000858563
18,018_n_19,3229ef003dde8d82c45c819ed79d423cd023d18787130404661b344ca2c6b4ed,19.0,multilevel steady-state population-rate MOT,24,23,True,0.0200972853897045,0.0001,12.7,317.29999999999995,18.999999999999996,1.5788201931119883,12.0,0.0,39.0,0.25,38.59375,56477033.16727177,10,10,25,250,56477033.16727177,19380744.32864956,6128729.482792352,13864149.298000613,6128729.4827923495,61.9292876521687,24.6484375,6.980753570364467,250,0,250,0,0,250,c7390fac66b2f9801ddf5c74afa7bce9326f05b148a90714e542c0f18f1d5000,0.030999999999039574
19,019_n_20,3229ef003dde8d82c45c819ed79d423cd023d18787130404661b344ca2c6b4ed,20.0,multilevel steady-state population-rate MOT,24,23,True,0.021155037252320527,0.0001,12.7,334.0,20.0,1.5788201931119883,12.0,0.0,39.0,0.25,38.75,57443787.750982024,10,10,25,250,57443787.75098203,19674762.477370895,6221706.185130905,14074477.211163808,6221706.1851309035,62.98937206783414,24.774375,6.981810323306198,250,0,250,0,0,250,c7390fac66b2f9801ddf5c74afa7bce9326f05b148a90714e542c0f18f1d5000,0.031000000000858563
20,020_n_21,3229ef003dde8d82c45c819ed79d423cd023d18787130404661b344ca2c6b4ed,21.0,multilevel steady-state population-rate MOT,24,23,True,0.022212789114936553,0.0001,12.7,350.7,21.0,1.5788201931119883,12.0,0.0,39.25,0.25,38.90625,58384953.13256113,10,10,25,250,58384953.13256113,19859739.727496795,6280201.127702157,14206801.964485487,6280201.127702152,64.02139691714673,24.89125,6.990261752967481,250,0,250,0,0,250,c7390fac66b2f9801ddf5c74afa7bce9326f05b148a90714e542c0f18f1d5000,0.031000000000858563
21,021_n_22,3229ef003dde8d82c45c819ed79d423cd023d18787130404661b344ca2c6b4ed,22.0,multilevel steady-state population-rate MOT,24,23,True,0.02327054097755258,0.0001,12.7,367.4,22.0,1.5788201931119883,12.0,0.0,39.5,0.25,39.0625,59295437.06308332,10,10,25,250,59295437.063083336,20191704.046581674,6385177.462723669,14444274.932672698,6385177.462723668,65.01977834892246,25.00875,6.999185332058296,250,0,250,0,0,250,c7390fac66b2f9801ddf5c74afa7bce9326f05b148a90714e542c0f18f1d5000,0.01599999999962165
22,022_n_23,3229ef003dde8d82c45c819ed79d423cd023d18787130404661b344ca2c6b4ed,23.0,multilevel steady-state population-rate MOT,24,23,True,0.024328292840168606,0.0001,12.7,384.09999999999997,23.0,1.5788201931119883,12.0,0.0,39.5,0.25,39.21875,59950898.926854275,10,10,25,250,59950898.92685427,20436352.391490642,6462542.062293949,14619285.815733194,6462542.06229395,65.73851805655322,25.10875,6.991896090296251,250,0,250,0,0,250,c7390fac66b2f9801ddf5c74afa7bce9326f05b148a90714e542c0f18f1d5000,0.031000000000858563
23,023_n_24,3229ef003dde8d82c45c819ed79d423cd023d18787130404661b344ca2c6b4ed,24.0,multilevel steady-state population-rate MOT,24,23,True,0.025386044702784633,0.0001,12.7,400.79999999999995,24.0,1.5788201931119883,12.0,0.0,39.75,0.25,39.375,60805312.54617795,10,10,25,250,60805312.54617796,20778556.83977843,6570756.61049702,14864084.131063554,6570756.610497019,66.6754161873086,25.205625,6.997809618239482,250,0,250,0,0,250,c7390fac66b2f9801ddf5c74afa7bce9326f05b148a90714e542c0f18f1d5000,0.031000000000858563
24,024_n_25,3229ef003dde8d82c45c819ed79d423cd023d18787130404661b344ca2c6b4ed,25.0,multilevel steady-state population-rate MOT,24,23,True,0.02644379656540066,0.0001,12.7,417.5,25.0,1.5788201931119883,12.0,0.0,40.0,0.25,39.53125,61588351.1775724,10,10,25,250,61588351.17757241,20815417.09941524,6582412.848056769,14890452.37234995,6582412.848056769,67.53404883719944,25.2975,7.0066353596073485,250,0,250,0,0,250,c7390fac66b2f9801ddf5c74afa7bce9326f05b148a90714e542c0f18f1d5000,0.030999999999039574
25,025_n_26,3229ef003dde8d82c45c819ed79d423cd023d18787130404661b344ca2c6b4ed,26.0,multilevel steady-state population-rate MOT,24,23,True,0.02750154842801669,0.0001,12.7,434.20000000000005,26.000000000000004,1.5788201931119883,12.0,0.0,40.0,0.25,39.6875,62364730.000918716,10,10,25,250,62364730.00091871,20982948.22951847,6635390.84306759,15010296.923231335,6635390.843067591,68.3853787456892,25.384375,7.0194073879584025,250,0,250,0,0,250,c7390fac66b2f9801ddf5c74afa7bce9326f05b148a90714e542c0f18f1d5000,0.031000000000858563
26,026_n_27,3229ef003dde8d82c45c819ed79d423cd023d18787130404661b344ca2c6b4ed,27.0,multilevel steady-state population-rate MOT,24,23,True,0.02855930029063271,0.0001,12.7,450.9,27.0,1.5788201931119883,12.0,0.0,40.25,0.25,39.84375,62962133.525092244,10,10,25,250,62962133.52509226,21079235.665993955,6665839.603999721,15079176.805870544,6665839.603999722,69.04045520098715,25.464375,7.014541286009015,250,0,250,0,0,250,c7390fac66b2f9801ddf5c74afa7bce9326f05b148a90714e542c0f18f1d5000,0.0319999999992433
27,027_n_28,3229ef003dde8d82c45c819ed79d423cd023d18787130404661b344ca2c6b4ed,28.0,multilevel steady-state population-rate MOT,24,23,True,0.029617052153248738,0.0001,12.7,467.59999999999997,28.0,1.5788201931119883,12.0,0.0,40.25,0.25,39.921875,63594835.89542282,10,10,25,250,63594835.89542282,21348454.2369532,6750973.991264408,15271764.169816922,6750973.991264408,69.73423822911401,25.5440625,7.023316141888121,250,0,250,0,0,250,c7390fac66b2f9801ddf5c74afa7bce9326f05b148a90714e542c0f18f1d5000,0.031000000000858563
28,028_n_29,3229ef003dde8d82c45c819ed79d423cd023d18787130404661b344ca2c6b4ed,29.0,multilevel steady-state population-rate MOT,24,23,True,0.030674804015864764,0.0001,12.7,484.29999999999995,29.0,1.5788201931119883,12.0,0.0,40.25,0.25,39.921875,64127077.12530257,10,10,25,250,64127077.12530255,21429262.89797124,6776527.933612955,15329571.203536956,6776527.933612955,70.31786166641362,25.6146875,7.030049626702946,250,0,250,0,0,250,c7390fac66b2f9801ddf5c74afa7bce9326f05b148a90714e542c0f18f1d5000,0.030999999999039574
29,029_n_30,3229ef003dde8d82c45c819ed79d423cd023d18787130404661b344ca2c6b4ed,30.0,multilevel steady-state population-rate MOT,24,23,True,0.03173255587848079,0.0001,12.7,500.99999999999994,29.999999999999996,1.5788201931119883,12.0,0.0,40.5,0.25,40.15625,65119832.56140799,10,10,25,250,65119832.561408,21162521.774533764,6692176.9840435,15138756.098784411,6692176.9840435,71.40645703913329,25.70375,7.062268359033094,250,0,250,0,0,250,c7390fac66b2f9801ddf5c74afa7bce9326f05b148a90714e542c0f18f1d5000,0.0319999999992433
30,030_n_31,3229ef003dde8d82c45c819ed79d423cd023d18787130404661b344ca2c6b4ed,31.0,multilevel steady-state population-rate MOT,24,23,True,0.03279030774109682,0.0001,12.7,517.7,31.000000000000004,1.5788201931119883,12.0,0.0,40.75,0.25,40.390625,65750871.2262487,10,10,25,250,65750871.2262487,21403041.74713151,6768236.077660518,15310813.722201735,6768236.077660515,72.09841574877045,25.7703125,7.070266919742581,250,0,250,0,0,250,c7390fac66b2f9801ddf5c74afa7bce9326f05b148a90714e542c0f18f1d5000,0.04700000000048021
31,031_n_32,3229ef003dde8d82c45c819ed79d423cd023d18787130404661b344ca2c6b4ed,32.0,multilevel steady-state population-rate MOT,24,23,True,0.03384805960371284,0.0001,12.7,534.4,32.0,1.5788201931119883,12.0,0.0,40.75,0.25,40.390625,66103271.69732604,10,10,25,250,66103271.69732604,21431538.83689718,6777247.648695095,15331199.312165154,6777247.648695097,72.48483672236287,25.82375,7.072504004284833,250,0,250,0,0,250,c7390fac66b2f9801ddf5c74afa7bce9326f05b148a90714e542c0f18f1d5000,0.030999999999039574
32,032_n_33,3229ef003dde8d82c45c819ed79d423cd023d18787130404661b344ca2c6b4ed,33.0,multilevel steady-state population-rate MOT,24,23,True,0.034905811466328866,0.0001,12.7,551.0999999999999,32.99999999999999,1.5788201931119883,12.0,0.0,40.75,0.25,40.390625,66548263.0307116,10,10,25,250,66548263.03071159,21644478.56432254,6844585.102995052,15483527.216730544,6844585.102995053,72.97278721732488,25.881875,7.077871932562076,250,0,250,0,0,250,c7390fac66b2f9801ddf5c74afa7bce9326f05b148a90714e542c0f18f1d5000,0.0319999999992433
33,033_n_34,3229ef003dde8d82c45c819ed79d423cd023d18787130404661b344ca2c6b4ed,34.0,multilevel steady-state population-rate MOT,24,23,True,0.035963563328944896,0.0001,12.7,567.8,34.0,1.5788201931119883,12.0,0.0,41.0,0.25,40.625,67042443.1992879,10,10,25,250,67042443.19928791,21915914.658339754,6930420.732622452,15677700.90111055,6930420.732622451,73.51467520427201,25.93625,7.078273204850177,250,0,250,0,0,250,c7390fac66b2f9801ddf5c74afa7bce9326f05b148a90714e542c0f18f1d5000,0.031000000000858563
34,034_n_35,3229ef003dde8d82c45c819ed79d423cd023d18787130404661b344ca2c6b4ed,35.0,multilevel steady-state population-rate MOT,24,23,True,0.03702131519156092,0.0001,12.7,584.4999999999999,34.99999999999999,1.5788201931119883,12.0,0.0,41.0,0.25,40.625,68052312.1227499,10,10,25,250,68052312.1227499,22063521.29693539,6977098.050194805,15783292.329394383,6977098.050194804,74.62203618881298,26.036875,7.107433636033825,250,0,250,0,0,250,c7390fac66b2f9801ddf5c74afa7bce9326f05b148a90714e542c0f18f1d5000,0.0319999999992433
