point_index,study_key,scan_variable,scan_value,s0,seff,detuning_n,cooling_power_w_per_beam,cooling_power_mw_per_beam,cooling_beam_diameter_m,cooling_beam_diameter_mm,cooling_beam_center_peak_intensity_w_per_m2,cooling_beam_center_on_resonance_saturation_parameter,cooling_beam_center_effective_saturation_parameter,cooling_detuning_n,cooling_detuning_hz,cooling_detuning_mhz,cooling_detuning_rad_per_s,natural_linewidth_hz,natural_linewidth_rad_per_s,repump_power_w_per_beam,repump_power_mw_per_beam,loading_rate_mean_atoms_per_s,loading_rate_from_mean_spectrum_atoms_per_s,loading_rate_sample_std_atoms_per_s,loading_rate_disc_cluster_sem_atoms_per_s,loading_rate_t95_lower_atoms_per_s,loading_rate_t95_upper_atoms_per_s,student_t_critical_95,confidence_level,disc_count,points_per_disc,capture_threshold_search_count,disc_radius_m,disc_radius_mm,phase_space,geometry_sha256,run_signature_sha256,point_elapsed_wall_time_s,statistics_directory,figures_directory,capture_cross_section_csv,capture_cross_section_plot,status
0,01_raw_saturation,s0,0.25,0.25,0.009832177129853618,-2.471169686985173,0.0002642796195667887,0.2642796195667887,0.0127,12.7,4.1725,0.25,0.009832177129853618,-2.471169686985173,-15000000.0,-15.0,-94247779.60769379,6070000.0,38138934.81458009,0.0001,0.1,236509.71490534802,236509.71490534802,299068.5260407521,54602.19265078037,124835.69197053152,348183.7378401645,2.045229642132704,0.95,30,30,900,0.015,15.0,full_sphere,3d0a416d8a0d787ae13a30fcb60dff123ad278c89cc7dd093cbeee6bde166ec4,0bad289d83a65e4acf16254cada06ecb1d822ca0df9235cd5ab5f3b927f88b52,2387.731602899963,C:\Users\imaq\SynologyDrive\IMAQ-Storage\Jupyter\Notebook\ARosypal\pMOT-Monte-Carlo-Simulation\outputs\statistics\mot_multilevel\loading_relationship_sweeps_full_sphere_30x30_r15mm_repump0p1mW\01_raw_saturation\points\000_s0_0p25,C:\Users\imaq\SynologyDrive\IMAQ-Storage\Jupyter\Notebook\ARosypal\pMOT-Monte-Carlo-Simulation\outputs\figures\mot_multilevel\loading_relationship_sweeps_full_sphere_30x30_r15mm_repump0p1mW\01_raw_saturation\points\000_s0_0p25,C:\Users\imaq\SynologyDrive\IMAQ-Storage\Jupyter\Notebook\ARosypal\pMOT-Monte-Carlo-Simulation\outputs\statistics\mot_multilevel\loading_relationship_sweeps_full_sphere_30x30_r15mm_repump0p1mW\01_raw_saturation\points\000_s0_0p25\capture_velocity_spectrum.csv,C:\Users\imaq\SynologyDrive\IMAQ-Storage\Jupyter\Notebook\ARosypal\pMOT-Monte-Carlo-Simulation\outputs\figures\mot_multilevel\loading_relationship_sweeps_full_sphere_30x30_r15mm_repump0p1mW\01_raw_saturation\points\000_s0_0p25\capture_cross_section_vs_velocity.png,completed
1,01_raw_saturation,s0,0.5,0.5,0.019664354259707237,-2.471169686985173,0.0005285592391335774,0.5285592391335774,0.0127,12.7,8.345,0.5,0.019664354259707237,-2.471169686985173,-15000000.0,-15.0,-94247779.60769379,6070000.0,38138934.81458009,0.0001,0.1,1691311.1154857075,1691311.1154857075,1930672.5387251242,352490.96687183896,970386.1414554055,2412236.0895160097,2.045229642132704,0.95,30,30,900,0.015,15.0,full_sphere,3d0a416d8a0d787ae13a30fcb60dff123ad278c89cc7dd093cbeee6bde166ec4,0640f7519607e93254c1cfa0697c13e9caf342be70174e734b63cf8436779958,1597.543565400003,C:\Users\imaq\SynologyDrive\IMAQ-Storage\Jupyter\Notebook\ARosypal\pMOT-Monte-Carlo-Simulation\outputs\statistics\mot_multilevel\loading_relationship_sweeps_full_sphere_30x30_r15mm_repump0p1mW\01_raw_saturation\points\001_s0_0p5,C:\Users\imaq\SynologyDrive\IMAQ-Storage\Jupyter\Notebook\ARosypal\pMOT-Monte-Carlo-Simulation\outputs\figures\mot_multilevel\loading_relationship_sweeps_full_sphere_30x30_r15mm_repump0p1mW\01_raw_saturation\points\001_s0_0p5,C:\Users\imaq\SynologyDrive\IMAQ-Storage\Jupyter\Notebook\ARosypal\pMOT-Monte-Carlo-Simulation\outputs\statistics\mot_multilevel\loading_relationship_sweeps_full_sphere_30x30_r15mm_repump0p1mW\01_raw_saturation\points\001_s0_0p5\capture_velocity_spectrum.csv,C:\Users\imaq\SynologyDrive\IMAQ-Storage\Jupyter\Notebook\ARosypal\pMOT-Monte-Carlo-Simulation\outputs\figures\mot_multilevel\loading_relationship_sweeps_full_sphere_30x30_r15mm_repump0p1mW\01_raw_saturation\points\001_s0_0p5\capture_cross_section_vs_velocity.png,completed
2,01_raw_saturation,s0,0.75,0.7500000000000001,0.02949653138956086,-2.471169686985173,0.0007928388587003662,0.7928388587003662,0.0127,12.7,12.517500000000004,0.7500000000000001,0.02949653138956086,-2.471169686985173,-15000000.0,-15.0,-94247779.60769379,6070000.0,38138934.81458009,0.0001,0.1,4085485.854007549,4085485.854007549,3084067.0111174607,563071.023615523,2933876.305883078,5237095.40213202,2.045229642132704,0.95,30,30,900,0.015,15.0,full_sphere,3d0a416d8a0d787ae13a30fcb60dff123ad278c89cc7dd093cbeee6bde166ec4,8312316252fbe06f6fac11ffc645d7234029b1c9c91ae474d19b4dd583391c91,1343.7858921000152,C:\Users\imaq\SynologyDrive\IMAQ-Storage\Jupyter\Notebook\ARosypal\pMOT-Monte-Carlo-Simulation\outputs\statistics\mot_multilevel\loading_relationship_sweeps_full_sphere_30x30_r15mm_repump0p1mW\01_raw_saturation\points\002_s0_0p75,C:\Users\imaq\SynologyDrive\IMAQ-Storage\Jupyter\Notebook\ARosypal\pMOT-Monte-Carlo-Simulation\outputs\figures\mot_multilevel\loading_relationship_sweeps_full_sphere_30x30_r15mm_repump0p1mW\01_raw_saturation\points\002_s0_0p75,C:\Users\imaq\SynologyDrive\IMAQ-Storage\Jupyter\Notebook\ARosypal\pMOT-Monte-Carlo-Simulation\outputs\statistics\mot_multilevel\loading_relationship_sweeps_full_sphere_30x30_r15mm_repump0p1mW\01_raw_saturation\points\002_s0_0p75\capture_velocity_spectrum.csv,C:\Users\imaq\SynologyDrive\IMAQ-Storage\Jupyter\Notebook\ARosypal\pMOT-Monte-Carlo-Simulation\outputs\figures\mot_multilevel\loading_relationship_sweeps_full_sphere_30x30_r15mm_repump0p1mW\01_raw_saturation\points\002_s0_0p75\capture_cross_section_vs_velocity.png,completed
3,01_raw_saturation,s0,1.0,1.0,0.039328708519414474,-2.471169686985173,0.0010571184782671547,1.0571184782671548,0.0127,12.7,16.69,1.0,0.039328708519414474,-2.471169686985173,-15000000.0,-15.0,-94247779.60769379,6070000.0,38138934.81458009,0.0001,0.1,7288014.269738849,7288014.269738848,3900935.807261317,712210.1790055494,5831380.900208061,8744647.639269639,2.045229642132704,0.95,30,30,900,0.015,15.0,full_sphere,3d0a416d8a0d787ae13a30fcb60dff123ad278c89cc7dd093cbeee6bde166ec4,476f864708d7bcce52b1de47b9fb72b13eab8adce3450d906ad6b17e91f80eba,1188.4146675000084,C:\Users\imaq\SynologyDrive\IMAQ-Storage\Jupyter\Notebook\ARosypal\pMOT-Monte-Carlo-Simulation\outputs\statistics\mot_multilevel\loading_relationship_sweeps_full_sphere_30x30_r15mm_repump0p1mW\01_raw_saturation\points\003_s0_1,C:\Users\imaq\SynologyDrive\IMAQ-Storage\Jupyter\Notebook\ARosypal\pMOT-Monte-Carlo-Simulation\outputs\figures\mot_multilevel\loading_relationship_sweeps_full_sphere_30x30_r15mm_repump0p1mW\01_raw_saturation\points\003_s0_1,C:\Users\imaq\SynologyDrive\IMAQ-Storage\Jupyter\Notebook\ARosypal\pMOT-Monte-Carlo-Simulation\outputs\statistics\mot_multilevel\loading_relationship_sweeps_full_sphere_30x30_r15mm_repump0p1mW\01_raw_saturation\points\003_s0_1\capture_velocity_spectrum.csv,C:\Users\imaq\SynologyDrive\IMAQ-Storage\Jupyter\Notebook\ARosypal\pMOT-Monte-Carlo-Simulation\outputs\figures\mot_multilevel\loading_relationship_sweeps_full_sphere_30x30_r15mm_repump0p1mW\01_raw_saturation\points\003_s0_1\capture_cross_section_vs_velocity.png,completed
4,01_raw_saturation,s0,2.0,2.0,0.07865741703882895,-2.471169686985173,0.0021142369565343095,2.1142369565343095,0.0127,12.7,33.38,2.0,0.07865741703882895,-2.471169686985173,-15000000.0,-15.0,-94247779.60769379,6070000.0,38138934.81458009,0.0001,0.1,15256291.696643593,15256291.696643593,5378520.273476129,981978.9599272436,13247919.219849752,17264664.173437435,2.045229642132704,0.95,30,30,900,0.015,15.0,full_sphere,3d0a416d8a0d787ae13a30fcb60dff123ad278c89cc7dd093cbeee6bde166ec4,9fed78c64809f0cd563490dd6bc6b943928e5346a854d683b9cd19ce0fdcfb40,965.3299299000064,C:\Users\imaq\SynologyDrive\IMAQ-Storage\Jupyter\Notebook\ARosypal\pMOT-Monte-Carlo-Simulation\outputs\statistics\mot_multilevel\loading_relationship_sweeps_full_sphere_30x30_r15mm_repump0p1mW\01_raw_saturation\points\004_s0_2,C:\Users\imaq\SynologyDrive\IMAQ-Storage\Jupyter\Notebook\ARosypal\pMOT-Monte-Carlo-Simulation\outputs\figures\mot_multilevel\loading_relationship_sweeps_full_sphere_30x30_r15mm_repump0p1mW\01_raw_saturation\points\004_s0_2,C:\Users\imaq\SynologyDrive\IMAQ-Storage\Jupyter\Notebook\ARosypal\pMOT-Monte-Carlo-Simulation\outputs\statistics\mot_multilevel\loading_relationship_sweeps_full_sphere_30x30_r15mm_repump0p1mW\01_raw_saturation\points\004_s0_2\capture_velocity_spectrum.csv,C:\Users\imaq\SynologyDrive\IMAQ-Storage\Jupyter\Notebook\ARosypal\pMOT-Monte-Carlo-Simulation\outputs\figures\mot_multilevel\loading_relationship_sweeps_full_sphere_30x30_r15mm_repump0p1mW\01_raw_saturation\points\004_s0_2\capture_cross_section_vs_velocity.png,completed
5,01_raw_saturation,s0,3.0,3.0000000000000004,0.11798612555824343,-2.471169686985173,0.0031713554348014646,3.1713554348014648,0.0127,12.7,50.070000000000014,3.0000000000000004,0.11798612555824343,-2.471169686985173,-15000000.0,-15.0,-94247779.60769379,6070000.0,38138934.81458009,0.0001,0.1,20492219.023184106,20492219.0231841,6638220.474617168,1211967.6985468243,18013466.76080879,22970971.285559423,2.045229642132704,0.95,30,30,900,0.015,15.0,full_sphere,3d0a416d8a0d787ae13a30fcb60dff123ad278c89cc7dd093cbeee6bde166ec4,7c05b89db222cfd0d05bd4ca144be054ebcd931d2d5920269471397c5a5ab988,895.2121426999802,C:\Users\imaq\SynologyDrive\IMAQ-Storage\Jupyter\Notebook\ARosypal\pMOT-Monte-Carlo-Simulation\outputs\statistics\mot_multilevel\loading_relationship_sweeps_full_sphere_30x30_r15mm_repump0p1mW\01_raw_saturation\points\005_s0_3,C:\Users\imaq\SynologyDrive\IMAQ-Storage\Jupyter\Notebook\ARosypal\pMOT-Monte-Carlo-Simulation\outputs\figures\mot_multilevel\loading_relationship_sweeps_full_sphere_30x30_r15mm_repump0p1mW\01_raw_saturation\points\005_s0_3,C:\Users\imaq\SynologyDrive\IMAQ-Storage\Jupyter\Notebook\ARosypal\pMOT-Monte-Carlo-Simulation\outputs\statistics\mot_multilevel\loading_relationship_sweeps_full_sphere_30x30_r15mm_repump0p1mW\01_raw_saturation\points\005_s0_3\capture_velocity_spectrum.csv,C:\Users\imaq\SynologyDrive\IMAQ-Storage\Jupyter\Notebook\ARosypal\pMOT-Monte-Carlo-Simulation\outputs\figures\mot_multilevel\loading_relationship_sweeps_full_sphere_30x30_r15mm_repump0p1mW\01_raw_saturation\points\005_s0_3\capture_cross_section_vs_velocity.png,completed
6,01_raw_saturation,s0,5.0,5.0,0.19664354259707237,-2.471169686985173,0.005285592391335773,5.285592391335773,0.0127,12.7,83.45,5.0,0.19664354259707237,-2.471169686985173,-15000000.0,-15.0,-94247779.60769379,6070000.0,38138934.81458009,0.0001,0.1,28907245.566704027,28907245.566704024,9476743.374315662,1730208.7059334374,25368571.434252895,32445919.69915516,2.045229642132704,0.95,30,30,900,0.015,15.0,full_sphere,3d0a416d8a0d787ae13a30fcb60dff123ad278c89cc7dd093cbeee6bde166ec4,c0a5eda8a2a12a61715271746412de4a48278bb625fd580e1ed1365d19b7e1ec,852.3512760999729,C:\Users\imaq\SynologyDrive\IMAQ-Storage\Jupyter\Notebook\ARosypal\pMOT-Monte-Carlo-Simulation\outputs\statistics\mot_multilevel\loading_relationship_sweeps_full_sphere_30x30_r15mm_repump0p1mW\01_raw_saturation\points\006_s0_5,C:\Users\imaq\SynologyDrive\IMAQ-Storage\Jupyter\Notebook\ARosypal\pMOT-Monte-Carlo-Simulation\outputs\figures\mot_multilevel\loading_relationship_sweeps_full_sphere_30x30_r15mm_repump0p1mW\01_raw_saturation\points\006_s0_5,C:\Users\imaq\SynologyDrive\IMAQ-Storage\Jupyter\Notebook\ARosypal\pMOT-Monte-Carlo-Simulation\outputs\statistics\mot_multilevel\loading_relationship_sweeps_full_sphere_30x30_r15mm_repump0p1mW\01_raw_saturation\points\006_s0_5\capture_velocity_spectrum.csv,C:\Users\imaq\SynologyDrive\IMAQ-Storage\Jupyter\Notebook\ARosypal\pMOT-Monte-Carlo-Simulation\outputs\figures\mot_multilevel\loading_relationship_sweeps_full_sphere_30x30_r15mm_repump0p1mW\01_raw_saturation\points\006_s0_5\capture_cross_section_vs_velocity.png,completed
7,01_raw_saturation,s0,10.0,10.0,0.39328708519414474,-2.471169686985173,0.010571184782671546,10.571184782671546,0.0127,12.7,166.9,10.0,0.39328708519414474,-2.471169686985173,-15000000.0,-15.0,-94247779.60769379,6070000.0,38138934.81458009,0.0001,0.1,41867135.35109634,41867135.35109633,12520218.6529798,2285868.7270446606,37192008.87252045,46542261.82967223,2.045229642132704,0.95,30,30,900,0.015,15.0,full_sphere,3d0a416d8a0d787ae13a30fcb60dff123ad278c89cc7dd093cbeee6bde166ec4,17013d47a83591e4e23c0d026587c97fb67d9329780db802136bdbc0b3c317f1,827.3380210000323,C:\Users\imaq\SynologyDrive\IMAQ-Storage\Jupyter\Notebook\ARosypal\pMOT-Monte-Carlo-Simulation\outputs\statistics\mot_multilevel\loading_relationship_sweeps_full_sphere_30x30_r15mm_repump0p1mW\01_raw_saturation\points\007_s0_10,C:\Users\imaq\SynologyDrive\IMAQ-Storage\Jupyter\Notebook\ARosypal\pMOT-Monte-Carlo-Simulation\outputs\figures\mot_multilevel\loading_relationship_sweeps_full_sphere_30x30_r15mm_repump0p1mW\01_raw_saturation\points\007_s0_10,C:\Users\imaq\SynologyDrive\IMAQ-Storage\Jupyter\Notebook\ARosypal\pMOT-Monte-Carlo-Simulation\outputs\statistics\mot_multilevel\loading_relationship_sweeps_full_sphere_30x30_r15mm_repump0p1mW\01_raw_saturation\points\007_s0_10\capture_velocity_spectrum.csv,C:\Users\imaq\SynologyDrive\IMAQ-Storage\Jupyter\Notebook\ARosypal\pMOT-Monte-Carlo-Simulation\outputs\figures\mot_multilevel\loading_relationship_sweeps_full_sphere_30x30_r15mm_repump0p1mW\01_raw_saturation\points\007_s0_10\capture_cross_section_vs_velocity.png,completed
8,01_raw_saturation,s0,15.0,14.999999999999998,0.589930627791217,-2.471169686985173,0.015856777174007318,15.856777174007318,0.0127,12.7,250.35,14.999999999999998,0.589930627791217,-2.471169686985173,-15000000.0,-15.0,-94247779.60769379,6070000.0,38138934.81458009,0.0001,0.1,49836153.2923762,49836153.292376205,14294352.681808425,2609779.8029203136,44498554.28000432,55173752.30474807,2.045229642132704,0.95,30,30,900,0.015,15.0,full_sphere,3d0a416d8a0d787ae13a30fcb60dff123ad278c89cc7dd093cbeee6bde166ec4,4e23016a3e8a4c72a7166333e36cdc80c2e6dd7fa0091bd77403ab2bc7e376de,809.0779817000148,C:\Users\imaq\SynologyDrive\IMAQ-Storage\Jupyter\Notebook\ARosypal\pMOT-Monte-Carlo-Simulation\outputs\statistics\mot_multilevel\loading_relationship_sweeps_full_sphere_30x30_r15mm_repump0p1mW\01_raw_saturation\points\008_s0_15,C:\Users\imaq\SynologyDrive\IMAQ-Storage\Jupyter\Notebook\ARosypal\pMOT-Monte-Carlo-Simulation\outputs\figures\mot_multilevel\loading_relationship_sweeps_full_sphere_30x30_r15mm_repump0p1mW\01_raw_saturation\points\008_s0_15,C:\Users\imaq\SynologyDrive\IMAQ-Storage\Jupyter\Notebook\ARosypal\pMOT-Monte-Carlo-Simulation\outputs\statistics\mot_multilevel\loading_relationship_sweeps_full_sphere_30x30_r15mm_repump0p1mW\01_raw_saturation\points\008_s0_15\capture_velocity_spectrum.csv,C:\Users\imaq\SynologyDrive\IMAQ-Storage\Jupyter\Notebook\ARosypal\pMOT-Monte-Carlo-Simulation\outputs\figures\mot_multilevel\loading_relationship_sweeps_full_sphere_30x30_r15mm_repump0p1mW\01_raw_saturation\points\008_s0_15\capture_cross_section_vs_velocity.png,completed
9,01_raw_saturation,s0,20.0,20.0,0.7865741703882895,-2.471169686985173,0.021142369565343093,21.142369565343092,0.0127,12.7,333.8,20.0,0.7865741703882895,-2.471169686985173,-15000000.0,-15.0,-94247779.60769379,6070000.0,38138934.81458009,0.0001,0.1,55332685.6955601,55332685.6955601,15481939.596073654,2826602.5169006535,49551634.44146797,61113736.949652225,2.045229642132704,0.95,30,30,900,0.015,15.0,full_sphere,3d0a416d8a0d787ae13a30fcb60dff123ad278c89cc7dd093cbeee6bde166ec4,f62e94b116b5b0741f334089ed8fca66307058ad49bd67888ff40fb3a5a2b30c,821.2415785999619,C:\Users\imaq\SynologyDrive\IMAQ-Storage\Jupyter\Notebook\ARosypal\pMOT-Monte-Carlo-Simulation\outputs\statistics\mot_multilevel\loading_relationship_sweeps_full_sphere_30x30_r15mm_repump0p1mW\01_raw_saturation\points\009_s0_20,C:\Users\imaq\SynologyDrive\IMAQ-Storage\Jupyter\Notebook\ARosypal\pMOT-Monte-Carlo-Simulation\outputs\figures\mot_multilevel\loading_relationship_sweeps_full_sphere_30x30_r15mm_repump0p1mW\01_raw_saturation\points\009_s0_20,C:\Users\imaq\SynologyDrive\IMAQ-Storage\Jupyter\Notebook\ARosypal\pMOT-Monte-Carlo-Simulation\outputs\statistics\mot_multilevel\loading_relationship_sweeps_full_sphere_30x30_r15mm_repump0p1mW\01_raw_saturation\points\009_s0_20\capture_velocity_spectrum.csv,C:\Users\imaq\SynologyDrive\IMAQ-Storage\Jupyter\Notebook\ARosypal\pMOT-Monte-Carlo-Simulation\outputs\figures\mot_multilevel\loading_relationship_sweeps_full_sphere_30x30_r15mm_repump0p1mW\01_raw_saturation\points\009_s0_20\capture_cross_section_vs_velocity.png,completed
10,01_raw_saturation,s0,25.0,25.0,0.9832177129853618,-2.471169686985173,0.026427961956678868,26.427961956678867,0.0127,12.7,417.25000000000006,25.0,0.9832177129853618,-2.471169686985173,-15000000.0,-15.0,-94247779.60769379,6070000.0,38138934.81458009,0.0001,0.1,59224205.15727787,59224205.15727786,16239394.18201168,2964894.1712353174,53160315.71248092,65288094.60207482,2.045229642132704,0.95,30,30,900,0.015,15.0,full_sphere,3d0a416d8a0d787ae13a30fcb60dff123ad278c89cc7dd093cbeee6bde166ec4,9cf1d21a16885c158091ac2f28a3f1f9e1bdb7534724b9cddf823acf80fc05b4,824.0653000999591,C:\Users\imaq\SynologyDrive\IMAQ-Storage\Jupyter\Notebook\ARosypal\pMOT-Monte-Carlo-Simulation\outputs\statistics\mot_multilevel\loading_relationship_sweeps_full_sphere_30x30_r15mm_repump0p1mW\01_raw_saturation\points\010_s0_25,C:\Users\imaq\SynologyDrive\IMAQ-Storage\Jupyter\Notebook\ARosypal\pMOT-Monte-Carlo-Simulation\outputs\figures\mot_multilevel\loading_relationship_sweeps_full_sphere_30x30_r15mm_repump0p1mW\01_raw_saturation\points\010_s0_25,C:\Users\imaq\SynologyDrive\IMAQ-Storage\Jupyter\Notebook\ARosypal\pMOT-Monte-Carlo-Simulation\outputs\statistics\mot_multilevel\loading_relationship_sweeps_full_sphere_30x30_r15mm_repump0p1mW\01_raw_saturation\points\010_s0_25\capture_velocity_spectrum.csv,C:\Users\imaq\SynologyDrive\IMAQ-Storage\Jupyter\Notebook\ARosypal\pMOT-Monte-Carlo-Simulation\outputs\figures\mot_multilevel\loading_relationship_sweeps_full_sphere_30x30_r15mm_repump0p1mW\01_raw_saturation\points\010_s0_25\capture_cross_section_vs_velocity.png,completed
11,01_raw_saturation,s0,30.0,29.999999999999996,1.179861255582434,-2.471169686985173,0.031713554348014636,31.713554348014636,0.0127,12.7,500.7,29.999999999999996,1.179861255582434,-2.471169686985173,-15000000.0,-15.0,-94247779.60769379,6070000.0,38138934.81458009,0.0001,0.1,62369115.389701754,62369115.389701754,16538703.610864185,3019540.346520819,56193461.967381716,68544768.81202179,2.045229642132704,0.95,30,30,900,0.015,15.0,full_sphere,3d0a416d8a0d787ae13a30fcb60dff123ad278c89cc7dd093cbeee6bde166ec4,ec511d89365e2d7a4ce4f6a609a82b9e2e87d3de5ae681f02a21598e2e928eb4,807.0930377999903,C:\Users\imaq\SynologyDrive\IMAQ-Storage\Jupyter\Notebook\ARosypal\pMOT-Monte-Carlo-Simulation\outputs\statistics\mot_multilevel\loading_relationship_sweeps_full_sphere_30x30_r15mm_repump0p1mW\01_raw_saturation\points\011_s0_30,C:\Users\imaq\SynologyDrive\IMAQ-Storage\Jupyter\Notebook\ARosypal\pMOT-Monte-Carlo-Simulation\outputs\figures\mot_multilevel\loading_relationship_sweeps_full_sphere_30x30_r15mm_repump0p1mW\01_raw_saturation\points\011_s0_30,C:\Users\imaq\SynologyDrive\IMAQ-Storage\Jupyter\Notebook\ARosypal\pMOT-Monte-Carlo-Simulation\outputs\statistics\mot_multilevel\loading_relationship_sweeps_full_sphere_30x30_r15mm_repump0p1mW\01_raw_saturation\points\011_s0_30\capture_velocity_spectrum.csv,C:\Users\imaq\SynologyDrive\IMAQ-Storage\Jupyter\Notebook\ARosypal\pMOT-Monte-Carlo-Simulation\outputs\figures\mot_multilevel\loading_relationship_sweeps_full_sphere_30x30_r15mm_repump0p1mW\01_raw_saturation\points\011_s0_30\capture_cross_section_vs_velocity.png,completed
12,01_raw_saturation,s0,35.0,35.0,1.3765047981795064,-2.471169686985173,0.03699914673935042,36.999146739350415,0.0127,12.7,584.1500000000001,35.0,1.3765047981795064,-2.471169686985173,-15000000.0,-15.0,-94247779.60769379,6070000.0,38138934.81458009,0.0001,0.1,64789494.93762655,64789494.93762655,16652895.025487488,3040388.751075022,58571201.740321085,71007788.13493201,2.045229642132704,0.95,30,30,900,0.015,15.0,full_sphere,3d0a416d8a0d787ae13a30fcb60dff123ad278c89cc7dd093cbeee6bde166ec4,2bf3670e8787c0bd9c7471a9b2048c13a9ab725f79afd02ad15811800823b12e,801.9151693999884,C:\Users\imaq\SynologyDrive\IMAQ-Storage\Jupyter\Notebook\ARosypal\pMOT-Monte-Carlo-Simulation\outputs\statistics\mot_multilevel\loading_relationship_sweeps_full_sphere_30x30_r15mm_repump0p1mW\01_raw_saturation\points\012_s0_35,C:\Users\imaq\SynologyDrive\IMAQ-Storage\Jupyter\Notebook\ARosypal\pMOT-Monte-Carlo-Simulation\outputs\figures\mot_multilevel\loading_relationship_sweeps_full_sphere_30x30_r15mm_repump0p1mW\01_raw_saturation\points\012_s0_35,C:\Users\imaq\SynologyDrive\IMAQ-Storage\Jupyter\Notebook\ARosypal\pMOT-Monte-Carlo-Simulation\outputs\statistics\mot_multilevel\loading_relationship_sweeps_full_sphere_30x30_r15mm_repump0p1mW\01_raw_saturation\points\012_s0_35\capture_velocity_spectrum.csv,C:\Users\imaq\SynologyDrive\IMAQ-Storage\Jupyter\Notebook\ARosypal\pMOT-Monte-Carlo-Simulation\outputs\figures\mot_multilevel\loading_relationship_sweeps_full_sphere_30x30_r15mm_repump0p1mW\01_raw_saturation\points\012_s0_35\capture_cross_section_vs_velocity.png,completed
13,01_raw_saturation,s0,40.0,40.0,1.573148340776579,-2.471169686985173,0.042284739130686186,42.284739130686184,0.0127,12.7,667.6,40.0,1.573148340776579,-2.471169686985173,-15000000.0,-15.0,-94247779.60769379,6070000.0,38138934.81458009,0.0001,0.1,66494360.116476506,66494360.1164765,16977250.185019657,3099607.630248007,60154950.712112576,72833769.52084044,2.045229642132704,0.95,30,30,900,0.015,15.0,full_sphere,3d0a416d8a0d787ae13a30fcb60dff123ad278c89cc7dd093cbeee6bde166ec4,d0cfd068f3dbc2c7d42de73034299ee563150402ee32f21f4e416c28789913be,801.1214308000053,C:\Users\imaq\SynologyDrive\IMAQ-Storage\Jupyter\Notebook\ARosypal\pMOT-Monte-Carlo-Simulation\outputs\statistics\mot_multilevel\loading_relationship_sweeps_full_sphere_30x30_r15mm_repump0p1mW\01_raw_saturation\points\013_s0_40,C:\Users\imaq\SynologyDrive\IMAQ-Storage\Jupyter\Notebook\ARosypal\pMOT-Monte-Carlo-Simulation\outputs\figures\mot_multilevel\loading_relationship_sweeps_full_sphere_30x30_r15mm_repump0p1mW\01_raw_saturation\points\013_s0_40,C:\Users\imaq\SynologyDrive\IMAQ-Storage\Jupyter\Notebook\ARosypal\pMOT-Monte-Carlo-Simulation\outputs\statistics\mot_multilevel\loading_relationship_sweeps_full_sphere_30x30_r15mm_repump0p1mW\01_raw_saturation\points\013_s0_40\capture_velocity_spectrum.csv,C:\Users\imaq\SynologyDrive\IMAQ-Storage\Jupyter\Notebook\ARosypal\pMOT-Monte-Carlo-Simulation\outputs\figures\mot_multilevel\loading_relationship_sweeps_full_sphere_30x30_r15mm_repump0p1mW\01_raw_saturation\points\013_s0_40\capture_cross_section_vs_velocity.png,completed
14,01_raw_saturation,s0,45.0,45.00000000000001,1.7697918833736515,-2.471169686985173,0.04757033152202197,47.57033152202197,0.0127,12.7,751.0500000000002,45.00000000000001,1.7697918833736515,-2.471169686985173,-15000000.0,-15.0,-94247779.60769379,6070000.0,38138934.81458009,0.0001,0.1,67876702.17068937,67876702.17068937,17052610.07222972,3113366.400300006,61509152.92197581,74244251.41940294,2.045229642132704,0.95,30,30,900,0.015,15.0,full_sphere,3d0a416d8a0d787ae13a30fcb60dff123ad278c89cc7dd093cbeee6bde166ec4,077713d2ee96d0294b97f2cc07806fca9bce04fd1c21b6833faf7f0cf225f4b5,806.9552233999711,C:\Users\imaq\SynologyDrive\IMAQ-Storage\Jupyter\Notebook\ARosypal\pMOT-Monte-Carlo-Simulation\outputs\statistics\mot_multilevel\loading_relationship_sweeps_full_sphere_30x30_r15mm_repump0p1mW\01_raw_saturation\points\014_s0_45,C:\Users\imaq\SynologyDrive\IMAQ-Storage\Jupyter\Notebook\ARosypal\pMOT-Monte-Carlo-Simulation\outputs\figures\mot_multilevel\loading_relationship_sweeps_full_sphere_30x30_r15mm_repump0p1mW\01_raw_saturation\points\014_s0_45,C:\Users\imaq\SynologyDrive\IMAQ-Storage\Jupyter\Notebook\ARosypal\pMOT-Monte-Carlo-Simulation\outputs\statistics\mot_multilevel\loading_relationship_sweeps_full_sphere_30x30_r15mm_repump0p1mW\01_raw_saturation\points\014_s0_45\capture_velocity_spectrum.csv,C:\Users\imaq\SynologyDrive\IMAQ-Storage\Jupyter\Notebook\ARosypal\pMOT-Monte-Carlo-Simulation\outputs\figures\mot_multilevel\loading_relationship_sweeps_full_sphere_30x30_r15mm_repump0p1mW\01_raw_saturation\points\014_s0_45\capture_cross_section_vs_velocity.png,completed
15,01_raw_saturation,s0,50.0,50.0,1.9664354259707235,-2.471169686985173,0.052855923913357736,52.855923913357735,0.0127,12.7,834.5000000000001,50.0,1.9664354259707235,-2.471169686985173,-15000000.0,-15.0,-94247779.60769379,6070000.0,38138934.81458009,0.0001,0.1,69083055.73260476,69083055.73260474,17332556.24901047,3164477.345603388,62610972.86351929,75555138.60169022,2.045229642132704,0.95,30,30,900,0.015,15.0,full_sphere,3d0a416d8a0d787ae13a30fcb60dff123ad278c89cc7dd093cbeee6bde166ec4,1b68a98aa1b31af528727dd823508b5ecc439c07e55f0c9cfde92fdca2660cb4,818.0668421000009,C:\Users\imaq\SynologyDrive\IMAQ-Storage\Jupyter\Notebook\ARosypal\pMOT-Monte-Carlo-Simulation\outputs\statistics\mot_multilevel\loading_relationship_sweeps_full_sphere_30x30_r15mm_repump0p1mW\01_raw_saturation\points\015_s0_50,C:\Users\imaq\SynologyDrive\IMAQ-Storage\Jupyter\Notebook\ARosypal\pMOT-Monte-Carlo-Simulation\outputs\figures\mot_multilevel\loading_relationship_sweeps_full_sphere_30x30_r15mm_repump0p1mW\01_raw_saturation\points\015_s0_50,C:\Users\imaq\SynologyDrive\IMAQ-Storage\Jupyter\Notebook\ARosypal\pMOT-Monte-Carlo-Simulation\outputs\statistics\mot_multilevel\loading_relationship_sweeps_full_sphere_30x30_r15mm_repump0p1mW\01_raw_saturation\points\015_s0_50\capture_velocity_spectrum.csv,C:\Users\imaq\SynologyDrive\IMAQ-Storage\Jupyter\Notebook\ARosypal\pMOT-Monte-Carlo-Simulation\outputs\figures\mot_multilevel\loading_relationship_sweeps_full_sphere_30x30_r15mm_repump0p1mW\01_raw_saturation\points\015_s0_50\capture_cross_section_vs_velocity.png,completed
