coordinate_m,force_x_n,reference_shift_x_hz,force_y_n,reference_shift_y_hz,force_z_n,reference_shift_z_hz
-0.002,2.6689938142609172e-21,3042667.8653642135,2.668993814260918e-21,3042667.8653642135,2.6689938142609157e-21,3042667.8653642135
-0.0019500000000000001,2.5978792504435684e-21,2603568.6404469074,2.5978792504435684e-21,2603568.6404469074,2.597879250443569e-21,2603568.640446906
-0.0019,2.524003762898874e-21,2151182.559782513,2.524003762898874e-21,2151182.559782513,2.5240037628988734e-21,2151182.559782513
-0.00185,2.4473775009872046e-21,1685369.954499749,2.447377500987204e-21,1685369.95449975,2.447377500987204e-21,1685369.9544997495
-0.0018,2.3679174894967725e-21,1206087.7801938674,2.3679174894967702e-21,1206087.7801938665,2.367917489496771e-21,1206087.7801938665
-0.00175,2.2854307936362957e-21,713397.1199556829,2.285430793636295e-21,713397.119955685,2.2854307936362965e-21,713397.1199556856
-0.0017000000000000001,2.1996101512890455e-21,207470.18296671676,2.1996101512890462e-21,207470.18296671892,2.1996101512890462e-21,207470.18296671892
-0.00165,2.1100518726106038e-21,-311403.3345407603,2.1100518726106038e-21,-311403.3345407592,2.110051872610606e-21,-311403.33454076084
-0.0016,2.016303162510763e-21,-842810.6598413019,2.016303162510763e-21,-842810.6598413019,2.016303162510763e-21,-842810.6598413019
-0.00155,1.917938146608954e-21,-1386211.2580772226,1.9179381466089555e-21,-1386211.2580772198,1.9179381466089555e-21,-1386211.2580772205
-0.0015,1.814650787591363e-21,-1940933.1786905131,1.8146507875913637e-21,-1940933.178690512,1.814650787591363e-21,-1940933.1786905124
-0.00145,1.7063437267441837e-21,-2506170.555653453,1.706343726744186e-21,-2506170.555653452,1.7063437267441852e-21,-2506170.5556534515
-0.0014,1.5931894487177441e-21,-3080982.374109643,1.5931894487177441e-21,-3080982.3741096426,1.5931894487177441e-21,-3080982.3741096426
-0.00135,1.4756467382674283e-21,-3664292.604345205,1.4756467382674275e-21,-3664292.604345202,1.4756467382674283e-21,-3664292.6043452015
-0.0013,1.3544363289951062e-21,-4254891.789794948,1.3544363289951062e-21,-4254891.789794948,1.354436328995107e-21,-4254891.789794948
-0.00125,1.23050187389946e-21,-4851440.159164293,1.2305018738994623e-21,-4851440.159164293,1.23050187389946e-21,-4851440.159164292
-0.0012000000000000001,1.1049716645410648e-21,-5452472.313886219,1.1049716645410648e-21,-5452472.313886219,1.104971664541064e-21,-5452472.313886219
-0.00115,9.791176452043585e-22,-6056403.521264986,9.791176452043577e-22,-6056403.521264987,9.791176452043577e-22,-6056403.521264986
-0.0010999999999999998,8.543128095250626e-22,-6661537.6210728325,8.54312809525061e-22,-6661537.621072832,8.543128095250626e-22,-6661537.621072829
-0.0010500000000000002,7.319906631012972e-22,-7266076.529404138,7.319906631012965e-22,-7266076.529404139,7.31990663101295e-22,-7266076.529404142
-0.001,6.1360530437489165e-22,-7868131.298644483,6.136053043748909e-22,-7868131.298644486,6.136053043748894e-22,-7868131.298644486
-0.0009499999999999999,5.005885787335992e-22,-8465734.666910449,5.005885787335992e-22,-8465734.666910449,5.0058857873359995e-22,-8465734.666910449
-0.0009,3.943025187583672e-22,-9056855.004728213,3.9430251875836795e-22,-9056855.004728213,3.943025187583687e-22,-9056855.004728213
-0.0008500000000000001,2.959881937881949e-22,-9639411.541532133,2.9598819378819412e-22,-9639411.541532133,2.9598819378819337e-22,-9639411.541532133
-0.0007999999999999999,2.067146292287327e-22,-10211290.730286412,2.067146292287327e-22,-10211290.730286412,2.0671462922873043e-22,-10211290.730286412
-0.00075,1.2733296421014414e-22,-10770363.585668337,1.2733296421014414e-22,-10770363.585668337,1.2733296421014338e-22,-10770363.585668338
-0.0006999999999999999,5.844122302317504e-23,-11314503.810299685,5.844122302317504e-23,-11314503.810299685,5.844122302317504e-23,-11314503.810299687
-0.00065,3.640029574653662e-25,-11841606.504950684,3.640029574653662e-25,-11841606.504950684,3.640029574661222e-25,-11841606.504950684
-0.0006000000000000001,-4.685066020871595e-23,-12349607.242911693,-4.68506602087167e-23,-12349607.242911693,-4.6850660208718206e-23,-12349607.242911693
-0.0005499999999999999,-8.341746700686229e-23,-12836501.276231408,-8.341746700686154e-23,-12836501.276231406,-8.341746700686304e-23,-12836501.276231406
-0.0005,-1.0978560562317427e-22,-13300362.632598711,-1.0978560562317352e-22,-13300362.63259871,-1.0978560562317352e-22,-13300362.63259871
-0.0004499999999999999,-1.2660028474789472e-22,-13739362.856578099,-1.2660028474789472e-22,-13739362.856578099,-1.2660028474789321e-22,-13739362.8565781
-0.00039999999999999996,-1.3465901981629424e-22,-14151789.147897488,-1.34659019816295e-22,-14151789.147897493,-1.3465901981629574e-22,-14151789.147897493
-0.00035000000000000005,-1.348675220101408e-22,-14536061.652656564,-1.3486752201014382e-22,-14536061.652656566,-1.3486752201014382e-22,-14536061.652656566
-0.0002999999999999999,-1.2819923957741452e-22,-14890749.670710858,-1.2819923957741452e-22,-14890749.670710858,-1.2819923957741603e-22,-14890749.670710852
-0.00025,-1.1566142533623317e-22,-15214586.554038333,-1.1566142533623317e-22,-15214586.554038333,-1.1566142533623317e-22,-15214586.554038333
-0.00019999999999999987,-9.82693398696223e-23,-15506483.086473601,-9.826933986962303e-23,-15506483.0864736,-9.826933986962153e-23,-15506483.0864736
-0.00014999999999999996,-7.70290560639894e-23,-15765539.154568408,-7.702905606398864e-23,-15765539.154568408,-7.70290560639894e-23,-15765539.154568408
-0.00010000000000000005,-5.292841942351455e-23,-15991053.54219574,-5.2928419423513797e-23,-15991053.54219574,-5.292841942351229e-23,-15991053.542195735
-4.9999999999999914e-05,-2.6935068209322653e-23,-16182531.707467524,-2.6935068209322653e-23,-16182531.707467524,-2.693506820932491e-23,-16182531.707467528
0.0,0.0,-16339691.429122163,0.0,-16339691.429122163,-1.503898085083264e-36,-16339691.429122163
5.000000000000013e-05,2.6935068209322653e-23,-16182531.707467524,2.693506820932416e-23,-16182531.707467524,2.693506820932491e-23,-16182531.707467528
0.00010000000000000026,5.29284194235153e-23,-15991053.542195735,5.2928419423513797e-23,-15991053.542195735,5.292841942351455e-23,-15991053.54219573
0.00014999999999999996,7.70290560639894e-23,-15765539.154568408,7.702905606398864e-23,-15765539.154568408,7.70290560639894e-23,-15765539.154568408
0.0002000000000000001,9.82693398696223e-23,-15506483.086473601,9.826933986962303e-23,-15506483.0864736,9.826933986962154e-23,-15506483.0864736
0.0002500000000000002,1.1566142533623317e-22,-15214586.554038333,1.1566142533623317e-22,-15214586.554038333,1.1566142533623317e-22,-15214586.554038333
0.0002999999999999999,1.2819923957741452e-22,-14890749.670710858,1.2819923957741452e-22,-14890749.670710858,1.2819923957741603e-22,-14890749.670710852
0.00035000000000000005,1.348675220101408e-22,-14536061.652656564,1.348675220101408e-22,-14536061.652656564,1.3486752201014382e-22,-14536061.652656566
0.0004000000000000002,1.3465901981629424e-22,-14151789.147897488,1.3465901981629424e-22,-14151789.147897488,1.3465901981629424e-22,-14151789.147897488
0.0004499999999999999,1.2660028474789474e-22,-13739362.856578099,1.2660028474789474e-22,-13739362.856578099,1.2660028474789622e-22,-13739362.856578099
0.0005,1.0978560562317425e-22,-13300362.632598711,1.097856056231735e-22,-13300362.63259871,1.097856056231735e-22,-13300362.632598706
0.0005500000000000001,8.34174670068623e-23,-12836501.276231408,8.341746700686154e-23,-12836501.276231406,8.341746700686304e-23,-12836501.276231406
0.0006000000000000003,4.685066020871595e-23,-12349607.242911693,4.68506602087167e-23,-12349607.242911693,4.6850660208718206e-23,-12349607.242911693
0.00065,-3.640029574653662e-25,-11841606.504950684,-3.640029574653662e-25,-11841606.504950684,-3.640029574661222e-25,-11841606.504950684
0.0007000000000000001,-5.844122302317579e-23,-11314503.81029968,-5.844122302317502e-23,-11314503.81029968,-5.844122302317502e-23,-11314503.810299681
0.0007500000000000002,-1.273329642101426e-22,-10770363.585668337,-1.273329642101426e-22,-10770363.585668337,-1.273329642101426e-22,-10770363.585668337
0.0007999999999999999,-2.0671462922873271e-22,-10211290.730286412,-2.0671462922873271e-22,-10211290.730286412,-2.0671462922873043e-22,-10211290.730286412
0.0008500000000000001,-2.959881937881949e-22,-9639411.541532133,-2.9598819378819412e-22,-9639411.541532133,-2.9598819378819337e-22,-9639411.541532136
0.0009000000000000002,-3.943025187583702e-22,-9056855.004728211,-3.943025187583679e-22,-9056855.004728211,-3.943025187583672e-22,-9056855.004728213
0.0009499999999999999,-5.005885787335992e-22,-8465734.666910449,-5.005885787335992e-22,-8465734.666910449,-5.0058857873359995e-22,-8465734.666910449
0.001,-6.1360530437489165e-22,-7868131.298644483,-6.136053043748909e-22,-7868131.298644486,-6.136053043748894e-22,-7868131.298644486
0.0010500000000000002,-7.319906631012972e-22,-7266076.529404138,-7.319906631012965e-22,-7266076.529404139,-7.31990663101295e-22,-7266076.529404142
0.0011000000000000003,-8.543128095250633e-22,-6661537.621072824,-8.54312809525064e-22,-6661537.621072824,-8.54312809525064e-22,-6661537.621072826
0.00115,-9.791176452043585e-22,-6056403.521264986,-9.791176452043577e-22,-6056403.521264987,-9.791176452043577e-22,-6056403.521264986
0.0012000000000000001,-1.1049716645410648e-21,-5452472.313886219,-1.1049716645410648e-21,-5452472.313886219,-1.104971664541064e-21,-5452472.313886219
0.0012500000000000002,-1.2305018738994615e-21,-4851440.159164292,-1.2305018738994615e-21,-4851440.159164292,-1.2305018738994623e-21,-4851440.159164292
0.0013,-1.3544363289951062e-21,-4254891.789794948,-1.3544363289951062e-21,-4254891.789794948,-1.354436328995107e-21,-4254891.789794948
0.00135,-1.4756467382674283e-21,-3664292.604345205,-1.4756467382674275e-21,-3664292.604345202,-1.4756467382674283e-21,-3664292.6043452015
0.0014000000000000002,-1.5931894487177471e-21,-3080982.37410964,-1.5931894487177471e-21,-3080982.37410964,-1.5931894487177479e-21,-3080982.3741096393
0.0014500000000000003,-1.706343726744186e-21,-2506170.555653447,-1.7063437267441867e-21,-2506170.5556534454,-1.706343726744186e-21,-2506170.5556534454
0.0015,-1.814650787591363e-21,-1940933.1786905131,-1.8146507875913637e-21,-1940933.178690512,-1.814650787591363e-21,-1940933.1786905124
0.0015500000000000002,-1.9179381466089577e-21,-1386211.2580772087,-1.9179381466089562e-21,-1386211.258077208,-1.9179381466089577e-21,-1386211.258077208
0.0016000000000000003,-2.0163031625107645e-21,-842810.6598412975,-2.0163031625107637e-21,-842810.6598412975,-2.0163031625107652e-21,-842810.6598412975
0.00165,-2.1100518726106038e-21,-311403.3345407603,-2.1100518726106038e-21,-311403.3345407592,-2.110051872610606e-21,-311403.33454076084
0.0017000000000000001,-2.1996101512890455e-21,207470.18296671676,-2.1996101512890462e-21,207470.18296671784,-2.1996101512890462e-21,207470.18296671892
0.0017500000000000003,-2.2854307936362957e-21,713397.1199556829,-2.285430793636295e-21,713397.119955685,-2.2854307936362965e-21,713397.1199556862
0.0018,-2.3679174894967725e-21,1206087.7801938674,-2.3679174894967725e-21,1206087.7801938674,-2.367917489496771e-21,1206087.7801938665
0.00185,-2.4473775009872046e-21,1685369.954499749,-2.447377500987204e-21,1685369.954499749,-2.447377500987204e-21,1685369.95449975
0.0019000000000000002,-2.5240037628988704e-21,2151182.559782513,-2.5240037628988727e-21,2151182.5597825143,-2.5240037628988734e-21,2151182.5597825143
0.0019500000000000003,-2.5978792504435684e-21,2603568.6404469074,-2.5978792504435684e-21,2603568.6404469074,-2.597879250443568e-21,2603568.6404469074
0.002,-2.6689938142609172e-21,3042667.8653642135,-2.668993814260918e-21,3042667.8653642135,-2.6689938142609157e-21,3042667.8653642135
