point_index,deterministic_evaluation_count,detuning_n,detuning_rad_per_s,detuning_hz,detuning_mhz,linewidth_rad_per_s,model_state_count,cooling_power_w_per_beam,repump_power_w_per_beam,restoring_slope_x_n_per_m,restoring_slope_x_coarse_n_per_m,restoring_slope_x_relative_change,restoring_slope_x_numerical_uncertainty_n_per_m,restoring_slope_x_converged,turnaround_velocity_x_m_per_s,turnaround_velocity_x_coarse_m_per_s,turnaround_velocity_x_absolute_change_m_per_s,turnaround_velocity_x_numerical_uncertainty_m_per_s,turnaround_force_x_n,turnaround_x_interior,turnaround_x_converged,restoring_slope_y_n_per_m,restoring_slope_y_coarse_n_per_m,restoring_slope_y_relative_change,restoring_slope_y_numerical_uncertainty_n_per_m,restoring_slope_y_converged,turnaround_velocity_y_m_per_s,turnaround_velocity_y_coarse_m_per_s,turnaround_velocity_y_absolute_change_m_per_s,turnaround_velocity_y_numerical_uncertainty_m_per_s,turnaround_force_y_n,turnaround_y_interior,turnaround_y_converged,restoring_slope_z_n_per_m,restoring_slope_z_coarse_n_per_m,restoring_slope_z_relative_change,restoring_slope_z_numerical_uncertainty_n_per_m,restoring_slope_z_converged,turnaround_velocity_z_m_per_s,turnaround_velocity_z_coarse_m_per_s,turnaround_velocity_z_absolute_change_m_per_s,turnaround_velocity_z_numerical_uncertainty_m_per_s,turnaround_force_z_n,turnaround_z_interior,turnaround_z_converged,all_converged,point_wall_time_s
0,1,-0.5,-19069467.407290045,-3035000.0,-3.035,38138934.81458009,24,0.027,0.0001,-3.4108084727484663e-19,-3.410835521759969e-19,7.930381233341769e-06,2.704901150280754e-24,True,3.5130196572687495,3.5177183668846825,0.004698709615932994,0.004698709615932994,-8.443900204786884e-21,True,True,-3.4108084727484447e-19,-3.410835521759969e-19,7.930381239694187e-06,2.704901152447425e-24,True,3.5130196572687353,3.517718366884674,0.004698709615938768,0.004698709615938768,-8.443900204786884e-21,True,True,-6.821390178008844e-19,-6.820764296205698e-19,9.175282263781452e-05,6.258818031461754e-23,True,4.270349783982034,4.274949489976493,0.0045997059944582475,0.0045997059944582475,-2.4398753455523874e-21,True,True,True,1.3708451999991667
1,1,-0.55,-20976414.148019053,-3338500.000000001,-3.3385000000000007,38138934.81458009,24,0.027,0.0001,-3.6128914580872137e-19,-3.612929003389691e-19,1.039203721250387e-05,3.754530247717969e-24,True,3.64781790587266,3.649582849727236,0.0017649438545759288,0.0017649438545759288,-9.092216395649423e-21,True,True,-3.6128914580870755e-19,-3.612929003389691e-19,1.0392037250752157e-05,3.7545302615365166e-24,True,3.6478179058726368,3.649582849727226,0.0017649438545892515,0.0017649438545892515,-9.092216395649423e-21,True,True,-7.225548994277047e-19,-7.224922654440296e-19,8.668404812528196e-05,6.263398367514942e-23,True,4.3901466712580035,4.391291682901797,0.0011450116437936586,0.0011450116437936586,-2.6615019312669177e-21,True,True,True,2.1026867000036873
2,1,-0.6,-22883360.888748053,-3642000.0,-3.6420000000000003,38138934.81458009,24,0.027,0.0001,-3.7904307487350164e-19,-3.7904793897156673e-19,1.2832573360478e-05,4.8640980650953655e-24,True,3.7914879557668275,3.7955761850469596,0.004088229280132083,0.004088229280132083,-9.700162583708827e-21,True,True,-3.790430748735009e-19,-3.7904793897156673e-19,1.2832573362383413e-05,4.864098065817589e-24,True,3.7914879557668333,3.795576185046951,0.004088229280117872,0.004088229280117872,-9.700162583708834e-21,True,True,-7.580622538771952e-19,-7.580003290310255e-19,8.168833872540492e-05,6.192484616966422e-23,True,4.517810878808629,4.522104425926713,0.004293547118083829,0.004293547118083829,-2.8778533009363467e-21,True,True,True,2.1683764999907
3,1,-0.65,-24790307.62947706,-3945500.0000000005,-3.945500000000001,38138934.81458009,24,0.027,0.0001,-3.94500594719451e-19,-3.9450660689045737e-19,1.5239954227766027e-05,6.0121710063509094e-24,True,3.9435476518084713,3.947670870486381,0.004123218677909879,0.004123218677909879,-1.026881547105828e-20,True,True,-3.945005947194518e-19,-3.9450660689044952e-19,1.5239954205919295e-05,6.012170997732373e-24,True,3.9435476518084682,3.947670870486372,0.004123218677903662,0.004123218677903662,-1.0268815471058286e-20,True,True,-7.889769766522248e-19,-7.889163980576042e-19,7.678119439891252e-05,6.057859462060073e-23,True,4.652753083031142,4.654697937110539,0.0019448540793973734,0.0019448540793973734,-3.0888395563197296e-21,True,True,True,2.075636899971869
4,1,-0.7,-26697254.37020606,-4249000.0,-4.2490000000000006,38138934.81458009,24,0.027,0.0001,-4.0782485624581993e-19,-4.078320368797301e-19,1.760715120764836e-05,7.180633910157607e-24,True,4.104395013528189,4.105497685834135,0.001102672305946406,0.001102672305946406,-1.0800182730252111e-20,True,True,-4.078248562458201e-19,-4.0783203687973765e-19,1.7607151225711698e-05,7.18063391752429e-24,True,4.104395013528166,4.1054976858341234,0.0011026723059570642,0.0011026723059570642,-1.0800182730252105e-20,True,True,-8.156253465035069e-19,-8.15566645930796e-19,7.197002025812762e-05,5.870057271089975e-23,True,4.794353135874704,4.7982653400088395,0.003912204134135955,0.003912204134135955,-3.2944205061914695e-21,True,True,True,2.1906885000062175
5,1,-0.75,-28604201.11093507,-4552500.000000001,-4.552500000000001,38138934.81458009,24,0.027,0.0001,-4.191780149407268e-19,-4.191863694321589e-19,1.993065269244124e-05,8.35449143209057e-24,True,4.271624358790128,4.275003302013757,0.0033789432236286387,0.0033789432236286387,-1.1296027599941043e-20,True,True,-4.1917801494072294e-19,-4.1918636943215883e-19,1.9930652701515635e-05,8.354491435894282e-24,True,4.27162435879009,4.275003302013752,0.0033789432236615013,0.0033789432236615013,-1.1296027599941053e-20,True,True,-8.383316532553757e-19,-8.382752690526394e-19,6.725763308270208e-05,5.638420273626508e-23,True,4.942283435766381,4.9462423276429615,0.003958891876580495,0.003958891876580495,-3.4945688799952926e-21,True,True,True,2.1932981999998447
6,1,-0.8,-30511147.851664074,-4856000.000000001,-4.856000000000001,38138934.81458009,24,0.027,0.0001,-4.2871731203402544e-19,-4.2872683354006245e-19,2.2209287494918663e-05,9.521506037012423e-24,True,4.444878854277209,4.44823773874987,0.0033588844726608613,0.0033588844726608613,-1.1758263554035404e-20,True,True,-4.2871731203402544e-19,-4.2872683354006255e-19,2.2209287495143276e-05,9.52150603710872e-24,True,4.444878854277228,4.44823773874987,0.0033588844726422096,0.0033588844726422096,-1.1758263554035409e-20,True,True,-8.574103599788057e-19,-8.573566478756697e-19,6.264456979194456e-05,5.371210313602861e-23,True,5.0970510656754024,5.0986043521513835,0.001553286475981075,0.001553286475981075,-3.6893880461177255e-21,True,True,True,2.2001789000059944
7,1,-0.8500000000000001,-32418094.59239308,-5159500.000000001,-5.159500000000001,38138934.81458009,24,0.027,0.0001,-4.365927765229108e-19,-4.366034483094126e-19,2.444334188655944e-05,1.0671786501751752e-23,True,4.625204196565206,4.62521541452888,1.1217963674425846e-05,1.1217963674425846e-05,-1.2189405607213763e-20,True,True,-4.365927765229241e-19,-4.3660344830939805e-19,2.4443341822815803e-05,1.0671786473922064e-23,True,4.625204196565198,4.625215414528884,1.1217963685972165e-05,1.1217963685972165e-05,-1.2189405607213771e-20,True,True,-8.731615069170614e-19,-8.731107496236045e-19,5.813047535285217e-05,5.0757293456901496e-23,True,5.25681565181503,5.260312426093125,0.0034967742780951383,0.0034967742780951383,-3.878921178503103e-21,True,True,True,2.1912951999984216
8,1,-0.9,-34325041.33312208,-5463000.0,-5.463000000000001,38138934.81458009,24,0.027,0.0001,-4.429460244571212e-19,-4.429578218451767e-19,2.6633917913499994e-05,1.1797388055502128e-23,True,4.809692955407951,4.812285484651141,0.002592529243189645,0.002592529243189645,-1.259147141358498e-20,True,True,-4.429460244571212e-19,-4.429578218451783e-19,2.6633917916978396e-05,1.1797388057042872e-23,True,4.809692955407973,4.812285484651141,0.0025925292431674407,0.0025925292431674407,-1.2591471413584965e-20,True,True,-8.858683099566202e-19,-8.85820725670272e-19,5.371485334028582e-05,4.758428634812671e-23,True,5.42103678726695,5.4236244823015385,0.002587695034588222,0.002587695034588222,-4.063258534710552e-21,True,True,True,2.1995776999974623
9,1,-0.95,-36231988.073851086,-5766500.0,-5.766500000000001,38138934.81458009,24,0.027,0.0001,-4.479097665764902e-19,-4.479226585332751e-19,2.8782486444574054e-05,1.2891956784880158e-23,True,5.000366814585659,5.002916457737762,0.0025496431521032648,0.0025496431521032648,-1.2966515875224105e-20,True,True,-4.479097665764906e-19,-4.47922658533246e-19,2.878248637878683e-05,1.289195675541343e-23,True,5.000366814585654,5.00291645773775,0.0025496431520961593,0.0025496431520961593,-1.2966515875224096e-20,True,True,-8.957961758304915e-19,-8.95751925813919e-19,4.939741624971601e-05,4.4250016572402584e-23,True,5.590644087046209,5.592298523440509,0.001654436394300518,0.001654436394300518,-4.2424834046048176e-21,True,True,True,2.234973300015554
10,1,-1.0,-38138934.81458009,-6070000.0,-6.07,38138934.81458009,24,0.027,0.0001,-4.516077534578709e-19,-4.516217038847202e-19,3.0890583127758785e-05,1.3950426849330756e-23,True,5.194404530872993,5.196917274503091,0.0025127436300982353,0.0025127436300982353,-1.3316732259802143e-20,True,True,-4.516077534578552e-19,-4.516217038847202e-19,3.0890583162516416e-05,1.3950426865027086e-23,True,5.194404530873055,5.196917274503106,0.0025127436300502737,0.0025127436300502737,-1.331673225980214e-20,True,True,-9.031925923537661e-19,-9.031517877324946e-19,4.517820630616154e-05,4.08046212715553e-23,True,5.764609284896855,5.767621765782794,0.003012480885939084,0.003012480885939084,-4.416789731848089e-21,True,True,True,2.1831113999942318
11,1,-1.05,-40045881.555309094,-6373500.0,-6.373500000000001,38138934.81458009,24,0.027,0.0001,-4.541549788721458e-19,-4.541699476450438e-19,3.295961421625634e-05,1.4968772898017975e-23,True,5.393337659321545,5.394091207416838,0.000753548095293155,0.000753548095293155,-1.3644217067821186e-20,True,True,-4.541549788721432e-19,-4.541699476450439e-19,3.295961422219349e-05,1.4968772900714277e-23,True,5.3933376593215305,5.394091207416826,0.0007535480952958196,0.0007535480952958196,-1.3644217067821183e-20,True,True,-9.082875350815009e-19,-9.082502429801158e-19,4.105759458842567e-05,3.729210138509672e-23,True,5.941884847277468,5.944881994262149,0.0029971469846810095,0.0029971469846810095,-4.586250538770313e-21,True,True,True,2.2037757000070997
12,1,-1.1,-41952828.296038106,-6677000.000000002,-6.677000000000001,38138934.81458009,24,0.027,0.0001,-4.556580274716294e-19,-4.556739712829663e-19,3.4990739492375804e-05,1.59438113368696e-23,True,5.5954711416298695,5.596275644597534,0.0008045029676644333,0.0008045029676644333,-1.395058042159622e-20,True,True,-4.556580274716746e-19,-4.556739712829737e-19,3.499073940952901e-05,1.5943811299121374e-23,True,5.595471141629846,5.59627564459752,0.0008045029676733151,0.0008045029676733151,-1.3950580421596224e-20,True,True,-9.1129416262442e-19,-9.112604117271085e-19,3.703622682521801e-05,3.3750897311455124e-23,True,6.124165857046063,6.124198999889233,3.3142843170352876e-05,3.3142843170352876e-05,-4.7510697809763884e-21,True,True,True,2.2218524000199977
13,1,-1.15,-43859775.0367671,-6980500.0,-6.9805,38138934.81458009,24,0.027,0.0001,-4.562154969251656e-19,-4.562323699698632e-19,3.6984812684722906e-05,1.6873044697645026e-23,True,5.800700910317971,5.802438422796821,0.0017375124788499008,0.0017375124788499008,-1.423777418591751e-20,True,True,-4.562154969251815e-19,-4.562323699698632e-19,3.698481264989395e-05,1.6873044681756104e-23,True,5.800700910318002,5.802438422796821,0.0017375124788188145,0.0017375124788188145,-1.42377741859175e-20,True,True,-9.124096608527534e-19,-9.12379446450982e-19,3.311495161409443e-05,3.0214401771371236e-23,True,6.308783137184821,6.311291886403627,0.002508749218805839,0.002508749218805839,-4.911365144502857e-21,True,True,True,2.1722066000220366
14,1,-1.2000000000000002,-45766721.777496114,-7284000.000000001,-7.284000000000002,38138934.81458009,24,0.027,0.0001,-4.559184528250086e-19,-4.559362073653603e-19,3.894235962969721e-05,1.7754540351726627e-23,True,6.009416572270229,6.011122607382177,0.001706035111947557,0.001706035111947557,-1.4507191005420848e-20,True,True,-4.559184528250082e-19,-4.559362073653227e-19,3.894235954816853e-05,1.775454031455618e-23,True,6.009416572270229,6.011122607382165,0.0017060351119360107,0.0017060351119360107,-1.450719100542086e-20,True,True,-9.11816152634755e-19,-9.11789441210919e-19,2.9294747366219988e-05,2.671142383587383e-23,True,6.497860651063525,6.500340367234755,0.0024797161712299953,0.0024797161712299953,-5.067262502923075e-21,True,True,True,2.1915893999976106
15,1,-1.25,-47673668.51822511,-7587500.0,-7.5875,38138934.81458009,24,0.027,0.0001,-4.548508920781091e-19,-4.548694789165301e-19,4.086358572584922e-05,1.8586838420912806e-23,True,6.220431534703539,6.222112122576159,0.001680587872620265,0.001680587872620265,-1.4760379996065475e-20,True,True,-4.548508920781403e-19,-4.548694789165307e-19,4.086358565873434e-05,1.8586838390386817e-23,True,6.220431534703531,6.222112122576152,0.0016805878726211532,0.0016805878726211532,-1.4760379996065478e-20,True,True,-9.096816245386881e-19,-9.096583579241833e-19,2.5576656576520536e-05,2.3266614504797324e-23,True,6.688871778740132,6.691323714311777,0.0024519355716456914,0.0024519355716456914,-5.218934451214626e-21,True,True,True,2.2629546000098344
16,1,-1.3,-49580615.25895412,-7891000.000000001,-7.891000000000002,38138934.81458009,24,0.027,0.0001,-4.530902008834638e-19,-4.531095697651784e-19,4.274840126055178e-05,1.9368881714590323e-23,True,6.433633316068511,6.435199825466064,0.0015665093975529842,0.0015665093975529842,-1.4998763158138047e-20,True,True,-4.53090200883464e-19,-4.531095697651943e-19,4.2748401295194595e-05,1.9368881730286652e-23,True,6.4336333160684624,6.435199825466052,0.0015665093975893996,0.0015665093975893996,-1.499876315813803e-20,True,True,-9.061608427045993e-19,-9.061409418456424e-19,2.1961729109251102e-05,1.9900858956889108e-23,True,6.883860402764522,6.884211179026808,0.0003507762622865229,0.0003507762622865229,-5.3665485780138815e-21,True,True,True,2.2823759999882895
17,1,-1.35,-51487561.99968313,-8194500.000000001,-8.194500000000001,38138934.81458009,24,0.027,0.0001,-4.507075994517538e-19,-4.507276994142172e-19,4.459645785399002e-05,2.0099962463423154e-23,True,6.649509754885011,6.650189783010463,0.0006800281254522034,0.0006800281254522034,-1.522341152258037e-20,True,True,-4.507075994517541e-19,-4.507276994142177e-19,4.459645785441731e-05,2.0099962463615747e-23,True,6.649509754885044,6.650189783010482,0.0006800281254379925,0.0006800281254379925,-1.5223411522580388e-20,True,True,-9.013962421973745e-19,-9.013796105582362e-19,1.8450974565570515e-05,1.6631639138284597e-23,True,7.0807310780956705,7.082122977905164,0.001391899809493502,0.001391899809493502,-5.5101983835215055e-21,True,True,True,2.2382586000021547
18,1,-1.4,-53394508.74041212,-8498000.0,-8.498000000000001,38138934.81458009,24,0.027,0.0001,-4.477685691021e-19,-4.477893487836704e-19,4.6407191134695885e-05,2.0779681570430435e-23,True,6.867125307294919,6.86723210099942,0.00010679370450095149,0.00010679370450095149,-1.5435490310214767e-20,True,True,-4.477685691021162e-19,-4.477893487836787e-19,4.640719111684433e-05,2.0779681562437826e-23,True,6.867125307294931,6.8672321009994155,0.0001067937044840761,0.0001067937044840761,-1.5435490310214797e-20,True,True,-8.95518781116265e-19,-8.95505307747e-19,1.5045322944867978e-05,1.3473369265088747e-23,True,7.280469347887812,7.2824218928146385,0.001952544926826505,0.001952544926826505,-5.650068422372857e-21,True,True,True,2.2561675000179093
19,1,-1.4500000000000002,-55301455.481141135,-8801500.000000002,-8.8015,38138934.81458009,24,0.027,0.0001,-4.443332593660861e-19,-4.44354667282243e-19,4.81798643376151e-05,2.140791615694837e-23,True,7.0863103630056905,7.086873261907792,0.000562898902101594,0.000562898902101594,-1.5636011314034642e-20,True,True,-4.443332593660858e-19,-4.443546672822427e-19,4.8179864337615126e-05,2.140791615694837e-23,True,7.086310363005668,7.086873261907775,0.0005628989021069231,0.0005628989021069231,-1.5636011314034666e-20,True,True,-8.886487547193911e-19,-8.886383170131687e-19,1.1745592583111894e-05,1.04377062224237e-23,True,7.482498466697383,7.484420619330336,0.0019221526329538108,0.0019221526329538108,-5.786241504307266e-21,True,True,True,2.2033718999882694
20,1,-1.5,-57208402.22187014,-9105000.000000002,-9.105000000000002,38138934.81458009,24,0.027,0.0001,-4.404568738927831e-19,-4.404788586876624e-19,4.991361511726475e-05,2.1984794879237994e-23,True,7.307009341244888,7.307967481398605,0.0009581401537168688,0.0009581401537168688,-1.5825940688863906e-20,True,True,-4.404568738927691e-19,-4.404788586876624e-19,4.991361514918613e-05,2.1984794893297282e-23,True,7.307009341244949,7.307967481398625,0.0009581401536760126,0.0009581401536760126,-1.582594068886387e-20,True,True,-8.808965671576795e-19,-8.80889033321286e-19,8.552464244320345e-06,7.533836393560589e-24,True,7.686199209021723,7.688054622918824,0.0018554138971014211,0.0018554138971014211,-5.918886285313089e-21,True,True,True,2.1744789000076707
21,1,-1.55,-59115348.96259914,-9408500.000000002,-9.408500000000002,38138934.81458009,24,0.027,0.0001,-4.361900346622409e-19,-4.362125453378482e-19,5.1607496316996794e-05,2.25106756073423e-23,True,7.529418060148046,7.530370757881928,0.0009526977338820686,0.0009526977338820686,-1.6005992456512403e-20,True,True,-4.361900346622411e-19,-4.362125453378472e-19,5.1607496314126796e-05,2.2510675606090446e-23,True,7.529418060148119,7.530370757881954,0.0009526977338349951,0.0009526977338349951,-1.6005992456512406e-20,True,True,-8.723634598250567e-19,-8.723586910854374e-19,5.4664596109600355e-06,4.76873961921103e-24,True,7.8927146192585464,7.89325721329252,0.000542594033973387,0.000542594033973387,-6.0480843900022415e-21,True,True,True,2.203558699984569
22,1,-1.6,-61022295.70332815,-9712000.000000002,-9.712000000000002,38138934.81458009,24,0.027,0.0001,-4.3157912446430534e-19,-4.316021105911326e-19,5.3260515915311735e-05,2.298612682724744e-23,True,7.753000865849303,7.7539517576532795,0.0009508918039768943,0.0009508918039768943,-1.6176956526896533e-20,True,True,-4.315791244643347e-19,-4.316021105911313e-19,5.32605158442425e-05,2.2986126796577004e-23,True,7.753000865849341,7.753951757653279,0.0009508918039378145,0.0009508918039378145,-1.617695652689655e-20,True,True,-8.631421962490944e-19,-8.631400488141719e-19,2.4879271710166284e-06,2.147434922499089e-24,True,8.100711407149456,8.101263573704422,0.0005521665549661492,0.0005521665549661492,-6.173963102999664e-21,True,True,True,2.1855247000057716
23,1,-1.6500000000000001,-62929242.44405715,-10015500.0,-10.015500000000001,38138934.81458009,24,0.027,0.0001,-4.2666660792168976e-19,-4.266900198318536e-19,5.48716720014233e-05,2.3411910163838838e-23,True,7.977638650871341,7.978591094047004,0.0009524431756631202,0.0009524431756631202,-1.633950994110791e-20,True,True,-4.2666660792164137e-19,-4.2669001983185336e-19,5.4871672114277e-05,2.3411910211987087e-23,True,7.97763865087133,7.978591094047017,0.000952443175687101,0.000952443175687101,-1.6339509941107898e-20,True,True,-8.533177040730193e-19,-8.533180308680918e-19,3.8296998981421726e-07,3.267950724371355e-25,True,8.310176807062975,8.31161582586376,0.0014390188007844529,0.0014390188007844529,-6.296648206199252e-21,True,True,True,2.210316500015324
24,1,-1.7000000000000002,-64836189.18478616,-10319000.000000002,-10.319000000000003,38138934.81458009,24,0.027,0.0001,-4.2149133156046503e-19,-4.215151205243104e-19,5.643998361086981e-05,2.3788963845396338e-23,True,8.203223414108367,8.204180507415089,0.0009570933067220011,0.0009570933067220011,-1.6494265642503833e-20,True,True,-4.2149133156046503e-19,-4.215151205243183e-19,5.643998362960403e-05,2.378896385329265e-23,True,8.203223414108361,8.204180507415085,0.0009570933067237775,0.0009570933067237775,-1.649426564250384e-20,True,True,-8.429676751389358e-19,-8.429703273348421e-19,3.146260508580938e-06,2.652195906299919e-24,True,8.521889235723933,8.523303016871369,0.0014137811474359552,0.0014137811474359552,-6.41620804307606e-21,True,True,True,2.1888513999874704
25,1,-1.75,-66743135.92551516,-10622500.0,-10.6225,38138934.81458009,24,0.027,0.0001,-4.1608880360322726e-19,-4.161129219894706e-19,5.7964516311147295e-05,2.411838624334503e-23,True,8.429759921710364,8.4306220001031,0.0008620783927355546,0.0008620783927355546,-1.6641815588227275e-20,True,True,-4.1608880360322726e-19,-4.161129219894414e-19,5.7964516241023226e-05,2.411838621416719e-23,True,8.429759921710366,8.430622000103117,0.0008620783927515419,0.0008620783927515419,-1.6641815588227287e-20,True,True,-8.321631250211013e-19,-8.321679533721806e-19,5.80216899071368e-06,4.828351079212826e-24,True,8.734864512246793,8.736254683453575,0.0013901712067827532,0.0013901712067827532,-6.5327500774575725e-21,True,True,True,2.190955300000496
26,1,-1.8,-68650082.66624416,-10926000.0,-10.926000000000002,38138934.81458009,24,0.027,0.0001,-4.104914542882386e-19,-4.10515855707777e-19,5.944440324757912e-05,2.4401419538395246e-23,True,8.657284577989621,8.65782696568114,0.0005423876915191528,0.0005423876915191528,-1.6782584476327472e-20,True,True,-4.104914542882536e-19,-4.105158557077767e-19,5.9444403210277404e-05,2.4401419523084103e-23,True,8.657284577989595,8.657826965681117,0.0005423876915227055,0.0005423876915227055,-1.6782584476327448e-20,True,True,-8.209689136160185e-19,-8.209757696221672e-19,8.351115413742096e-06,6.856006148701835e-24,True,8.949034129784176,8.950402237529063,0.0013681077448879364,0.0013681077448879364,-6.646366188622545e-21,True,True,True,2.1751465999986976
27,1,-1.85,-70557029.40697317,-11229500.0,-11.229500000000002,38138934.81458009,24,0.027,0.0001,-4.0472887760501806e-19,-4.0475351703957233e-19,6.087886463669548e-05,2.4639434554277588e-23,True,8.885527293468314,8.88571533966917,0.0001880462008561068,0.0001880462008561068,-1.6917060813163932e-20,True,True,-4.047288776050187e-19,-4.0475351703957257e-19,6.0878864635743674e-05,2.4639434553892402e-23,True,8.885527293468314,8.885715339669176,0.00018804620086143586,0.00018804620086143586,-1.6917060813163914e-20,True,True,-8.094442285721867e-19,-8.094529654818494e-19,1.0793714198349408e-05,8.736909662711596e-24,True,9.164804542219931,9.165679299921655,0.0008747577017231833,0.0008747577017231833,-6.757152958230817e-21,True,True,True,2.2031732999894302
28,1,-1.9000000000000001,-72463976.14770217,-11533000.0,-11.533000000000001,38138934.81458009,24,0.027,0.0001,-3.988280554062364e-19,-3.9885288931962674e-19,6.226721779900212e-05,2.483391339033261e-23,True,9.114415155936053,9.114452010731263,3.685479521031709e-05,3.685479521031709e-05,-1.704565972731484e-20,True,True,-3.9882805540626535e-19,-3.9885288931962674e-19,6.226721772644228e-05,2.4833913361395512e-23,True,9.114415155936028,9.114452010731245,3.685479521742252e-05,3.685479521742252e-05,-1.7045659727314876e-20,True,True,-7.976430334741831e-19,-7.976535071391086e-19,1.3130767130100098e-05,1.0473664925496137e-23,True,9.381869076137756,9.38202195589924,0.00015287976148492533,0.00015287976148492533,-6.865161741623002e-21,True,True,True,2.2138632999849506
29,1,-1.9500000000000002,-74370922.88843118,-11836500.0,-11.836500000000001,38138934.81458009,24,0.027,0.0001,-3.9281356488050667e-19,-3.9283855131543133e-19,6.360889021806511e-05,2.4986434924650944e-23,True,9.343882305853253,9.34402337081238,0.00014106495912713513,0.00014106495912713513,-1.716875940729946e-20,True,True,-3.928135648804746e-19,-3.9283855131543133e-19,6.360889029970377e-05,2.4986434956717678e-23,True,9.34388230585325,9.344023370812366,0.00014106495911647698,0.00014106495911647698,-1.716875940729944e-20,True,True,-7.856144827555251e-19,-7.8562655235395e-19,1.536325855728661e-05,1.2069598424922115e-23,True,9.599933415589957,9.600306439778397,0.0003730241884394303,0.0003730241884394303,-6.97048052241711e-21,True,True,True,2.191652099980274
30,1,-2.0,-76277869.62916018,-12140000.0,-12.14,38138934.81458009,24,0.027,0.0001,-3.8670777039607714e-19,-3.867328690545539e-19,6.490342423437693e-05,2.509865847674662e-23,True,9.573869229149025,9.574155018571673,0.00028578942264800844,0.00028578942264800844,-1.7286704964349974e-20,True,True,-3.8670777039607526e-19,-3.86732869054539e-19,6.490342420076005e-05,2.5098658463746593e-23,True,9.573869229149,9.57415501857171,0.00028578942271018093,0.00028578942271018093,-1.7286704964349998e-20,True,True,-7.734033053564936e-19,-7.7341683399357495e-19,1.7492344534475417e-05,1.3528637081397882e-23,True,9.818938006960572,9.819791012214326,0.0008530052537540911,0.0008530052537540911,-7.073181087167667e-21,True,True,True,2.1763013000017963
31,1,-2.05,-78184816.36988918,-12443500.0,-12.4435,38138934.81458009,24,0.027,0.0001,-3.8053100071340316e-19,-3.805561730220724e-19,6.615048083343041e-05,2.5172308669218071e-23,True,9.804397333781841,9.80479206758989,0.00039473380804899705,0.00039473380804899705,-1.7399837533872018e-20,True,True,-3.8053100071337216e-19,-3.805561730220724e-19,6.615048091492055e-05,2.5172308700225544e-23,True,9.8043973337818,9.80479206758989,0.00039473380808985326,0.00039473380808985326,-1.7399837533872054e-20,True,True,-7.610501591204023e-19,-7.610650143209683e-19,1.951934493150619e-05,1.4855200566048804e-23,True,10.039221430005718,10.040164983625079,0.0009435536193613814,0.0009435536193613814,-7.173339565233347e-21,True,True,True,2.152279699977953
32,1,-2.1,-80091763.11061819,-12747000.0,-12.747000000000002,38138934.81458009,24,0.027,0.0001,-3.7430171254776663e-19,-3.7432692170879175e-19,6.734984153164222e-05,2.5209161025114378e-23,True,10.035472346647001,10.035884854892375,0.00041250824537364394,0.00041250824537364394,-1.7508392668356914e-20,True,True,-3.743017125477898e-19,-3.7432692170876974e-19,6.734984141097855e-05,2.520916097995132e-23,True,10.035472346646957,10.035884854892362,0.00041250824540561837,0.00041250824540561837,-1.7508392668356926e-20,True,True,-7.48591957898813e-19,-7.486080120001315e-19,2.1445730413173824e-05,1.605410131856791e-23,True,10.26044372265331,10.261373442119393,0.0009297194660824459,0.0009297194660824459,-7.27099764858397e-21,True,True,True,2.1665028000134043
33,1,-2.1500000000000004,-81998709.85134721,-13050500.000000004,-13.050500000000003,38138934.81458009,24,0.027,0.0001,-3.680366414375163e-19,-3.680618524656721e-19,6.850140805904473e-05,2.5211028155791636e-23,True,10.266956820051073,10.26738839634691,0.00043157629583667756,0.00043157629583667756,-1.761265652488896e-20,True,True,-3.680366414375224e-19,-3.680618524656689e-19,6.850140803379446e-05,2.5211028146499024e-23,True,10.266956820051092,10.267388396346929,0.00043157629583667756,0.00043157629583667756,-1.7612656524888995e-20,True,True,-7.360621732656425e-19,-7.360793037231854e-19,2.327311219776966e-05,1.713045754294547e-23,True,10.482447568095454,10.48336451457721,0.0009169464817553319,0.0009169464817553319,-7.366225929272497e-21,True,True,True,2.186393699987093
34,1,-2.2,-83905656.59207621,-13354000.000000004,-13.354000000000003,38138934.81458009,24,0.027,0.0001,-3.6175094083013456e-19,-3.617761205766143e-19,6.960519970443346e-05,2.5179746479748207e-23,True,10.498810045663154,10.499261894692177,0.0004518490290230659,0.0004518490290230659,-1.7712871604303463e-20,True,True,-3.6175094083006687e-19,-3.617761205765971e-19,6.960519984406605e-05,2.517974653025572e-23,True,10.498810045663113,10.49926189469218,0.0004518490290674748,0.0004518490290674748,-1.7712871604303427e-20,True,True,-7.234911126736248e-19,-7.235092022870832e-19,2.5003228293323466e-05,1.808961345836925e-23,True,10.705184150070671,10.706089308875358,0.0009051588046862236,0.0009051588046862236,-7.459082441147453e-21,True,True,True,2.1600276000099257
35,1,-2.25,-85812603.3328052,-13657500.0,-13.6575,38138934.81458009,24,0.027,0.0001,-3.5545831025902614e-19,-3.554834274226914e-19,7.066134885683065e-05,2.5117163665272593e-23,True,10.730995048985879,10.731468296840516,0.0004732478546376484,0.0004732478546376484,-1.7809261257825287e-20,True,True,-3.5545831025904954e-19,-3.5548342742268448e-19,7.066134877148998e-05,2.5117163634939196e-23,True,10.73099504898584,10.731468296840525,0.00047324785468561004,0.00047324785468561004,-1.7809261257825263e-20,True,True,-7.109061757911114e-19,-7.109251128615885e-19,2.663793215188681e-05,1.893707047708094e-23,True,10.92872467577181,10.929501834059836,0.0007771582880256034,0.0007771582880256034,-7.549629997330692e-21,True,True,True,2.229860399995232
36,1,-2.3,-87719550.0735342,-13961000.0,-13.961,38138934.81458009,24,0.027,0.0001,-3.4917111343306647e-19,-3.4919613856094517e-19,7.167009788596361e-05,2.5025127878698778e-23,True,10.963478193194764,10.963973896721253,0.0004957035264894216,0.0004957035264894216,-1.7902031601544073e-20,True,True,-3.4917111343311245e-19,-3.491961385609403e-19,7.167009774033917e-05,2.5025127827854227e-23,True,10.963478193194769,10.963973896721232,0.0004957035264627763,0.0004957035264627763,-1.7902031601544025e-20,True,True,-6.983320906696461e-19,-6.983517690944884e-19,2.8179178796456243e-05,1.9678424842283052e-23,True,11.153143712373092,11.153558903495112,0.0004151911220198201,0.0004151911220198201,-7.637904719919079e-21,True,True,True,2.160890700004529
37,1,-2.35,-89626496.81426321,-14264500.0,-14.2645,38138934.81458009,24,0.027,0.0001,-3.4290048701505957e-19,-3.4292539249139543e-19,7.263179050184994e-05,2.4905476335860122e-23,True,11.196228824570998,11.196747979799115,0.0005191552281171852,0.0005191552281171852,-1.7991373219612924e-20,True,True,-3.429004870150599e-19,-3.429253924913939e-19,7.26317904963737e-05,2.490547633398234e-23,True,11.196228824570994,11.196747979799122,0.0005191552281278433,0.0005191552281278433,-1.7991373219612948e-20,True,True,-6.857911312888477e-19,-6.858114506032399e-19,2.9629013069874342e-05,2.031931439216118e-23,True,11.378172357801619,11.378220025372551,4.7667570932219405e-05,4.7667570932219405e-05,-7.723964534076387e-21,True,True,True,2.173649399977876
38,1,-2.4000000000000004,-91533443.55499223,-14568000.000000002,-14.568000000000003,38138934.81458009,24,0.027,0.0001,-3.3665644081147013e-19,-3.366812008384229e-19,7.354686841299881e-05,2.4760026952749714e-23,True,11.42927221054937,11.429762505441172,0.000490294891802634,0.000490294891802634,-1.807748059860256e-20,True,True,-3.3665644081152526e-19,-3.3668120083839255e-19,7.354686815912814e-05,2.4760026867286573e-23,True,11.429272210549351,11.429762505441138,0.0004902948917866468,0.0004902948917866468,-1.8077480598602537e-20,True,True,-6.733033179274228e-19,-6.7332418329875095e-19,3.098955667174447e-05,2.0865371328185455e-23,True,11.60377177481441,11.603951196859073,0.00017942204466336875,0.00017942204466336875,-7.807858670243705e-21,True,True,True,2.1384350000007544
39,1,-2.45,-93440390.29572123,-14871500.000000002,-14.871500000000003,38138934.81458009,24,0.027,0.0001,-3.304479500494722e-19,-3.304725406184544e-19,7.441586179759051e-05,2.4590568982178616e-23,True,11.662611216033733,11.662991823452877,0.0003806074191441411,0.0003806074191441411,-1.8160481763773744e-20,True,True,-3.304479500494584e-19,-3.304725406184544e-19,7.441586183941124e-05,2.4590568995997163e-23,True,11.66261121603372,11.66299182345286,0.000380607419138812,0.000380607419138812,-1.8160481763773744e-20,True,True,-6.608866017082107e-19,-6.609079238907605e-19,3.226299715352781e-05,2.1322182549716673e-23,True,11.829905638390796,11.830302189962396,0.0003965515715993462,0.0003965515715993462,-7.889634740590886e-21,True,True,True,2.24056879998534
40,1,-2.5,-95347337.03645022,-15175000.0,-15.175,38138934.81458009,24,0.027,0.0001,-3.2428304036625186e-19,-3.243074392228046e-19,7.523938509136237e-05,2.4398856552714232e-23,True,11.896175124713277,11.896412421316711,0.00023729660343363435,0.00023729660343363435,-1.824054286089138e-20,True,True,-3.2428304036625995e-19,-3.243074392228126e-19,7.523938509121201e-05,2.4398856552666084e-23,True,11.89617512471328,11.896412421316727,0.0002372966034478452,0.0002372966034478452,-1.824054286089127e-20,True,True,-6.4855703457223945e-19,-6.485787298261979e-19,3.345157449837049e-05,2.1695253958435513e-23,True,12.056600802920451,12.057164577427251,0.0005637745067996747,0.0005637745067996747,-7.969344539930356e-21,True,True,True,2.232083099981537
41,1,-2.5500000000000003,-97254283.77717924,-15478500.000000002,-15.478500000000002,38138934.81458009,24,0.027,0.0001,-3.181688660914436e-19,-3.1819305269293846e-19,7.601812770684101e-05,2.4186601494880156e-23,True,12.129941941058027,12.130002698923107,6.075786508041858e-05,6.075786508041858e-05,-1.831780479545713e-20,True,True,-3.1816886609144984e-19,-3.1819305269293422e-19,7.601812767384975e-05,2.4186601484383838e-23,True,12.12994194105802,12.130002698923118,6.075786509818215e-05,6.075786509818215e-05,-1.831780479545713e-20,True,True,-6.363289258368628e-19,-6.363509158195227e-19,3.455757198375237e-05,2.198998265995121e-23,True,12.283946193113383,12.28450560474266,0.0005594116292773066,0.0005594116292773066,-8.047020711532627e-21,True,True,True,2.1816383000114
42,1,-2.6,-99161230.51790825,-15782000.000000002,-15.782000000000004,38138934.81458009,24,0.027,0.0001,-3.121117823573618e-19,-3.1213573782492175e-19,7.675284598041633e-05,2.3955467559947813e-23,True,12.36389143517876,12.363867754038324,2.368114043527214e-05,2.368114043527214e-05,-1.8392399076631432e-20,True,True,-3.121117823573619e-19,-3.1213573782492175e-19,7.675284598010777e-05,2.3955467559851516e-23,True,12.363891435178806,12.363867754038377,2.3681140428166714e-05,2.3681140428166714e-05,-1.8392399076631408e-20,True,True,-6.242149864113842e-19,-6.242371980436607e-19,3.55833050471216e-05,2.2211632276461148e-23,True,12.511739162371343,12.512294701271065,0.0005555388997215971,0.0005555388997215971,-8.122712179256308e-21,True,True,True,2.1562202000059187
43,1,-2.65,-101068177.25863723,-16085500.0,-16.0855,38138934.81458009,24,0.027,0.0001,-3.06117411529464e-19,-3.061411185956906e-19,7.744435740574453e-05,2.370706622660919e-23,True,12.598004959858338,12.597976721114284,2.8238744054220888e-05,2.8238744054220888e-05,-1.8464448664466415e-20,True,True,-3.0611741152946695e-19,-3.061411185956896e-19,7.744435739284625e-05,2.3707066222661032e-23,True,12.59800495985841,12.597976721114307,2.8238744102182523e-05,2.8238744102182523e-05,-1.8464448664466488e-20,True,True,-6.122264616552449e-19,-6.12248826968349e-19,3.653111145133388e-05,2.2365313104183538e-23,True,12.739951237738703,12.740503350786199,0.0005521130474956948,0.0005521130474956948,-8.196461775775963e-21,True,True,True,2.1968219999980647
44,1,-2.7,-102975123.99936625,-16389000.000000002,-16.389000000000003,38138934.81458009,24,0.027,0.0001,-3.0019070441171234e-19,-3.0021414736477023e-19,7.809353425459731e-05,2.344295305788775e-23,True,12.832265287403304,12.832267007739837,1.7203365327844722e-06,1.7203365327844722e-06,-1.8534068727531592e-20,True,True,-3.0019070441170584e-19,-3.0021414736477023e-19,7.809353427625194e-05,2.3442953064387764e-23,True,12.832265287403285,12.832267007739823,1.7203365381135427e-06,1.7203365381135427e-06,-1.8534068727531616e-20,True,True,-6.00373253787325e-19,-6.003957097532324e-19,3.740334161418534e-05,2.2455965907427308e-23,True,12.968555871618504,12.969104965513855,0.0005490938953514046,0.0005490938953514046,-8.268311462479175e-21,True,True,True,2.1607431000156794
45,1,-2.75,-104882070.74009524,-16692500.0,-16.6925,38138934.81458009,24,0.027,0.0001,-2.9433599664566414e-19,-2.943591612693644e-19,7.870129363805413e-05,2.3164623700259728e-23,True,13.066656464116928,13.066722215164368,6.575104744044324e-05,6.575104744044324e-05,-1.8601367321178e-20,True,True,-2.9433599664571504e-19,-2.9435916126937394e-19,7.870129349752306e-05,2.3164623658900382e-23,True,13.066656464116866,13.06672221516434,6.575104747419402e-05,6.575104747419402e-05,-1.8601367321178e-20,True,True,-5.886640346791199e-19,-5.8868652302917985e-19,3.8202350976352295e-05,2.2488350059967355e-23,True,13.197528320195751,13.198074764433674,0.0005464442379228274,0.0005464442379228274,-8.33830242000952e-21,True,True,True,2.1655014000134543
46,1,-2.8000000000000003,-106789017.48082426,-16996000.000000004,-16.996000000000002,38138934.81458009,24,0.027,0.0001,-2.885570606828276e-19,-2.885799341955317e-19,7.926859474514861e-05,2.2873512704118316e-23,True,13.301217965362751,13.301327142597088,0.00010917723433756521,0.00010917723433756521,-1.866645912942901e-20,True,True,-2.8855706068288646e-19,-2.8857993419553574e-19,7.926859455508041e-05,2.287351264927746e-23,True,13.301217965362717,13.301327142597119,0.00010917723440151406,0.00010917723440151406,-1.866645912942896e-20,True,True,-5.771063498004209e-19,-5.771288168347841e-19,3.893049239701357e-05,2.246703436317354e-23,True,13.426928847008822,13.427389656392894,0.00046080938407122574,0.00046080938407122574,-8.40647914449402e-21,True,True,True,2.16845260001719
47,1,-2.85,-108695964.22155327,-17299500.000000004,-17.299500000000002,38138934.81458009,24,0.027,0.0001,-2.8285715368614454e-19,-2.8287972467698304e-19,7.979642920236074e-05,2.2570990838497703e-23,True,13.535930114618342,13.536067667199358,0.00013755258101610934,0.00013755258101610934,-1.8729413966055707e-20,True,True,-2.828571536861444e-19,-2.828797246769899e-19,7.979642922704283e-05,2.25709908454792e-23,True,13.535930114618244,13.53606766719934,0.0001375525810960454,0.0001375525810960454,-1.872941396605578e-20,True,True,-5.65706714020207e-19,-5.657291104098414e-19,3.95901075226733e-05,2.239638963435819e-23,True,13.656737612657835,13.657028128405699,0.0002905157478636511,0.0002905157478636511,-8.472872624154657e-21,True,True,True,2.182184999983292
48,1,-2.9000000000000004,-110602910.96228227,-17603000.000000004,-17.603,38138934.81458009,24,0.027,0.0001,-2.7723906168075515e-19,-2.7726132004526083e-19,8.028581676314249e-05,2.2258364505686668e-23,True,13.77076437371914,13.770930636805119,0.00016626308597800232,0.00016626308597800232,-1.8790331344157887e-20,True,True,-2.7723906168078095e-19,-2.7726132004522573e-19,8.028581654344184e-05,2.2258364444779134e-23,True,13.770764373719146,13.7709306368051,0.00016626308595313333,0.00016626308595313333,-1.8790331344157863e-20,True,True,-5.544706999069201e-19,-5.544929804926385e-19,4.0183522271144644e-05,2.2280585718406882e-23,True,13.886858409408394,13.886970139362774,0.00011172995438002431,0.00011172995438002431,-8.537525988777924e-21,True,True,True,2.2041986000258476
49,1,-2.95,-112509857.70301127,-17906500.000000004,-17.9065,38138934.81458009,24,0.027,0.0001,-2.7170514025031706e-19,-2.717270771257415e-19,8.073780055927981e-05,2.1936875424461248e-23,True,14.005708470906304,14.005903773948363,0.0001953030420587254,0.0001953030420587254,-1.8849295320925293e-20,True,True,-2.717051402503275e-19,-2.7172707712574855e-19,8.073780054669496e-05,2.1936875421042722e-23,True,14.005708470906336,14.005903773948354,0.0001953030420178692,0.0001953030420178692,-1.884929532092534e-20,True,True,-5.434030191230712e-19,-5.43425142711564e-19,4.071303933582712e-05,2.2123588492764813e-23,True,14.117271820702653,14.117301505570493,2.968486784027391e-05,2.968486784027391e-05,-8.600477914729207e-21,True,True,True,2.1772775999852456
50,1,-3.0,-114416804.44374028,-18210000.000000004,-18.210000000000004,38138934.81458009,24,0.027,0.0001,-2.662573520533771e-19,-2.662789597530762e-19,8.115343870301267e-05,2.1607699699090203e-23,True,14.2407509211379,14.240975589940922,0.00022466880302118852,0.00022466880302118852,-1.890638534651623e-20,True,True,-2.6625735205330987e-19,-2.662789597530762e-19,8.115343895547672e-05,2.1607699766305158e-23,True,14.240750921137906,14.240975589940922,0.00022466880301585945,0.00022466880301585945,-1.890638534651623e-20,True,True,-5.3250759745459275e-19,-5.325295266145908e-19,4.118093357322426e-05,2.1929159998014828e-23,True,14.347959749706893,14.348072684369928,0.00011293466303463617,0.00011293466303463617,-8.661766567348941e-21,True,True,True,2.1662877000053413
51,1,-3.0500000000000003,-116323751.18446928,-18513500.000000004,-18.513500000000004,38138934.81458009,24,0.027,0.0001,-2.6089730140394857e-19,-2.609185733532066e-19,8.153380331469671e-05,2.1271949258004688e-23,True,14.47588094929454,14.476135307876257,0.0002543585817171845,0.0002543585817171845,-1.8961676619975605e-20,True,True,-2.60897301403941e-19,-2.6091857335320764e-19,8.153380334773329e-05,2.1271949266623225e-23,True,14.475880949294536,14.47613530787626,0.00025435858172428993,0.00025435858172428993,-1.896167661997546e-20,True,True,-5.217876439754618e-19,-5.218093448355903e-19,4.1589448081065075e-05,2.1700860128458738e-23,True,14.578905328076344,14.579112784145611,0.00020745606926730886,0.00020745606926730886,-8.721429622696118e-21,True,True,True,2.163257300009718
52,1,-3.1,-118230697.92519829,-18817000.000000004,-18.817000000000004,38138934.81458009,24,0.027,0.0001,-2.556262661509889e-19,-2.556471968227131e-19,8.187997281867819e-05,2.0930671724183167e-23,True,14.711088421291182,14.711372793568808,0.0002843722776262325,0.0002843722776262325,-1.9015240411124645e-20,True,True,-2.5562626615101116e-19,-2.556471968227131e-19,8.187997273165147e-05,2.0930671701938676e-23,True,14.711088421291219,14.711372793568833,0.000284372277613798,0.000284372277613798,-1.9015240411124838e-20,True,True,-5.11245714804459e-19,-5.112671568529678e-19,4.194078872024305e-05,2.144204850874345e-23,True,14.810106634844995,14.81040526942697,0.0002986345819753211,0.0002986345819753211,-8.779507164068507e-21,True,True,True,2.168582600017544
53,1,-3.1500000000000004,-120137644.66592729,-19120500.000000004,-19.120500000000003,38138934.81458009,24,0.027,0.0001,-2.5044522706159566e-19,-2.50465811913433e-19,8.219302910608731e-05,2.0584851837354376e-23,True,14.946363782232932,14.9466784935505,0.00031471131756788395,0.00031471131756788395,-1.90671443521395e-20,True,True,-2.50445227061603e-19,-2.504658119134332e-19,8.219302907763181e-05,2.0584851830228435e-23,True,14.946363782232929,14.946678493550495,0.0003147113175661076,0.0003147113175661076,-1.9067144352139595e-20,True,True,-5.008837718736627e-19,-5.009049277623808e-19,4.22371214762285e-05,2.1155888718099416e-23,True,15.041634002821501,15.041934712470745,0.0003007096492435579,0.0003007096492435579,-8.836029948829168e-21,True,True,True,2.1653466999996454
54,1,-3.2,-122044591.4066563,-19424000.000000004,-19.424000000000003,38138934.81458009,24,0.027,0.0001,-2.453548949042025e-19,-2.4537513031718267e-19,8.247405452437854e-05,2.0235412980152365e-23,True,15.181716451980721,15.18204337933904,0.00032692735831929554,0.00032692735831929554,-1.911746164046286e-20,True,True,-2.4535489490421262e-19,-2.453751303171939e-19,8.247405452888864e-05,2.0235412981259775e-23,True,15.18171645198075,15.182043379339017,0.0003269273582677812,0.0003269273582677812,-1.9117461640462883e-20,True,True,-4.907032370953645e-19,-4.90724082447996e-19,4.2480568815632006e-05,2.0845352631483022e-23,True,15.273383852176298,15.273686716100432,0.00030286392413358953,0.00030286392413358953,-8.891036785262546e-21,True,True,True,2.18414609998581
55,1,-3.25,-123951538.1473853,-19727500.000000004,-19.727500000000003,38138934.81458009,24,0.027,0.0001,-2.403557354081445e-19,-2.4037561862641646e-19,8.272412654595078e-05,1.9883218271948407e-23,True,15.417169688146368,15.417458897288244,0.0002892091418758014,0.0002892091418758014,-1.9166237406482613e-20,True,True,-2.403557354081475e-19,-2.4037561862641646e-19,8.272412653352986e-05,1.9883218268963216e-23,True,15.417169688146293,15.417458897288238,0.0002892091419450793,0.0002892091419450793,-1.9166237406482758e-20,True,True,-4.807050422807344e-19,-4.807255555070652e-19,4.2673208155893505e-05,2.0513226330833367e-23,True,15.505342756757372,15.505647841466665,0.0003050847092929132,0.0003050847092929132,-8.944563457579665e-21,True,True,True,2.1864033000019845
56,1,-3.3000000000000003,-125858484.8881143,-20031000.0,-20.031000000000002,38138934.81458009,24,0.027,0.0001,-2.3544799226143503e-19,-2.3546752133418206e-19,8.294431631995005e-05,1.9529072747029618e-23,True,15.65269666347544,15.652916923411743,0.0002202599363023694,0.0002202599363023694,-1.9213534675706146e-20,True,True,-2.3544799226145515e-19,-2.3546752133418355e-19,8.294431624080288e-05,1.9529072728396245e-23,True,15.652696663475423,15.652916923411732,0.00022025993630947482,0.00022025993630947482,-1.9213534675706146e-20,True,True,-4.708896751378659e-19,-4.7090983725309315e-19,4.281706797111771e-05,2.016211522727554e-23,True,15.737498179804767,15.737805540504493,0.0003073606997254785,0.0003073606997254785,-8.99664529396388e-21,True,True,True,2.2427896999870427
57,1,-3.35,-127765431.62884331,-20334500.0,-20.334500000000002,38138934.81458009,24,0.027,0.0001,-2.306317082987079e-19,-2.3065088202383267e-19,8.31356853149439e-05,1.9173725124769313e-23,True,15.888289489747327,15.888409722633295,0.00012023288596729742,0.00012023288596729742,-1.9259407971110973e-20,True,True,-2.3063170829867097e-19,-2.3065088202383267e-19,8.313568547508136e-05,1.917372516169902e-23,True,15.888289489747292,15.88840972263326,0.00012023288596729742,0.00012023288596729742,-1.925940797111102e-20,True,True,-4.612572216475188e-19,-4.612770160987268e-19,4.291412747393358e-05,1.9794451208054056e-23,True,15.969838410985721,15.970148092854055,0.00030968186833391087,0.00030968186833391087,-9.04731715997312e-21,True,True,True,2.160698100022273
58,1,-3.4000000000000004,-129672378.36957233,-20638000.000000004,-20.638000000000005,38138934.81458009,24,0.027,0.0001,-2.2590674501567286e-19,-2.2592556288544674e-19,8.329928250959229e-05,1.8817869773882964e-23,True,16.123940655894856,16.12393497332607,5.682568787079845e-06,5.682568787079845e-06,-1.930390929785986e-20,True,True,-2.2590674501568586e-19,-2.259255628854558e-19,8.329928249211057e-05,1.8817869769934807e-23,True,16.123940655894867,16.123934973326072,5.682568794185272e-06,5.682568794185272e-06,-1.9303909297859836e-20,True,True,-4.51807405092914e-19,-4.518268175919665e-19,4.296631448191382e-05,1.9412499052479572e-23,True,16.20235250763995,16.202664547005146,0.0003120393651947495,0.0003120393651947495,-9.096613450061608e-21,True,True,True,2.1714218000124674
59,1,-3.45,-131579325.11030132,-20941500.0,-20.9415,38138934.81458009,24,0.027,0.0001,-2.2127280053827157e-19,-2.2129126268704537e-19,8.343614185244574e-05,1.846214877379916e-23,True,16.359642993457214,16.35957742441901,6.556903820253979e-05,6.556903820253979e-05,-1.9347088308468883e-20,True,True,-2.212728005383497e-19,-2.2129126268703536e-19,8.343614145399658e-05,1.8462148685639717e-23,True,16.359642993457218,16.359577424419005,6.556903821319793e-05,6.556903821319793e-05,-1.9347088308469052e-20,True,True,-4.425396219991186e-19,-4.425586403624277e-19,4.297550403108021e-05,1.901836330913583e-23,True,16.4350406578697,16.435344665435455,0.0003040075657558816,0.0003040075657558816,-9.144570071239508e-21,True,True,True,2.1838715999911074
60,1,-3.5,-133486271.85103032,-21245000.0,-21.245,38138934.81458009,24,0.027,0.0001,-2.167294261626727e-19,-2.167475333170002e-19,8.354728127180044e-05,1.8107154327488722e-23,True,16.595389645306586,16.595295624842418,9.402046416795429e-05,9.402046416795429e-05,-1.9388992454269644e-20,True,True,-2.167294261626666e-19,-2.1674753331701565e-19,8.354728137132974e-05,1.8107154349059137e-23,True,16.59538964530658,16.5952956248424,9.402046417861243e-05,9.402046417861243e-05,-1.938899245426974e-20,True,True,-4.3345297521422534e-19,-4.3347158921012104e-19,4.294351858236969e-05,1.8613995895695515e-23,True,16.667950217298284,16.668178873504623,0.00022865620633893968,0.00022865620633893968,-9.191216363995428e-21,True,True,True,2.1684089999762364
61,1,-3.5500000000000003,-135393218.59175932,-21548500.0,-21.5485,38138934.81458009,24,0.027,0.0001,-2.1227604157527693e-19,-2.1229379500633827e-19,8.363370133337598e-05,1.7753431061338014e-23,True,16.831174037294474,16.83108282914787,9.120814660334986e-05,9.120814660334986e-05,-1.942966712454569e-20,True,True,-2.1227604157528582e-19,-2.1229379500633827e-19,8.363370129152437e-05,1.7753431052454662e-23,True,16.83117403729449,16.831082829147856,9.120814663177157e-05,9.120814663177157e-05,-1.942966712454564e-20,True,True,-4.2454630435006287e-19,-4.245645055528119e-19,4.28721262263161e-05,1.8201202749011908e-23,True,16.90101319136457,16.901158211888493,0.00014502052392373344,0.00014502052392373344,-9.236586983108146e-21,True,True,True,2.175449300004402
62,1,-3.6,-137300165.33248833,-21852000.0,-21.852000000000004,38138934.81458009,24,0.027,0.0001,-2.0791194885166106e-19,-2.079293503296444e-19,8.369638243232308e-05,1.740147798333822e-23,True,17.06698985252096,17.066932573209286,5.727931167243128e-05,5.727931167243128e-05,-1.9469155774567013e-20,True,True,-2.079119488516549e-19,-2.079293503296444e-19,8.36963824619678e-05,1.7401477989501194e-23,True,17.066989852520965,17.066932573209307,5.727931165822042e-05,5.727931165822042e-05,-1.946915577456706e-20,True,True,-4.158182137810688e-19,-4.15835995432634e-19,4.2763041578916387e-05,1.778165156519059e-23,True,17.134220655459632,17.134274292324385,5.3636864752348856e-05,5.3636864752348856e-05,-9.28071430112795e-21,True,True,True,2.1601928000163753
63,1,-3.6500000000000004,-139207112.07321733,-22155500.0,-22.155500000000004,38138934.81458009,24,0.027,0.0001,-2.0363634532693513e-19,-2.0365339707776215e-19,8.373628391158742e-05,1.70517508270143e-23,True,17.302856944813588,17.30283864966024,1.829515334605958e-05,1.829515334605958e-05,-1.9507507464443512e-20,True,True,-2.0363634532692461e-19,-2.0365339707776215e-19,8.37362839632544e-05,1.7051750837534693e-23,True,17.30285694481348,17.30283864966025,1.829515323237274e-05,1.829515323237274e-05,-1.9507507464443753e-20,True,True,-4.072670983852633e-19,-4.072844552639961e-19,4.2617925193588004e-05,1.7356878732792797e-23,True,17.36756424630395,17.367574148014793,9.901710843251976e-06,9.901710843251976e-06,-9.323630170934784e-21,True,True,True,2.1646215000073425
64,1,-3.7,-141114058.81394634,-22459000.0,-22.459000000000003,38138934.81458009,24,0.027,0.0001,-1.9944833542164172e-19,-1.994650400859688e-19,8.375434315741681e-05,1.6704664327079753e-23,True,17.53878147811014,17.53879508554428,1.3607434141249541e-05,1.3607434141249541e-05,-1.9544749014161755e-20,True,True,-1.9944833542167325e-19,-1.9946504008596755e-19,8.375434299300532e-05,1.6704664294290795e-23,True,17.538781478110202,17.538795085544262,1.3607434059537127e-05,1.3607434059537127e-05,-1.9544749014161875e-20,True,True,-3.9889116719810774e-19,-3.9890809549417295e-19,4.2438382840412864e-05,1.6928296065212433e-23,True,17.60103612255526,17.601075150636266,3.9028081005199056e-05,3.9028081005199056e-05,-9.365365914254043e-21,True,True,True,2.1627880000160076
65,1,-3.75,-143021005.55467534,-22762500.0,-22.762500000000003,38138934.81458009,24,0.027,0.0001,-1.9534694150295019e-19,-1.9536330209740765e-19,8.375147484567301e-05,1.6360594457463492e-23,True,17.77475054229891,17.774796121949546,4.557965063511915e-05,4.557965063511915e-05,-1.958092229402424e-20,True,True,-1.9534694150295902e-19,-1.9536330209740765e-19,8.375147480044097e-05,1.6360594448628288e-23,True,17.774750542298957,17.77479612194954,4.5579650581828446e-05,4.5579650581828446e-05,-1.9580922294024215e-20,True,True,-3.906884651343151e-19,-3.9070496233307274e-19,4.222596833511337e-05,1.6497198757655632e-23,True,17.834628928159912,17.83470629429193,7.73661320181418e-05,7.73661320181418e-05,-9.405952310839405e-21,True,True,True,2.2485259999812115
66,1,-3.8000000000000003,-144927952.29540434,-23066000.0,-23.066000000000003,38138934.81458009,24,0.027,0.0001,-1.9133111385288922e-19,-1.9134713373360538e-19,8.372857081926724e-05,1.6019880716160918e-23,True,18.01075856114757,18.010836195431523,7.763428395435312e-05,7.763428395435312e-05,-1.9616063188821346e-20,True,True,-1.9133111385290431e-19,-1.9134713373360538e-19,8.372857074036873e-05,1.6019880701066442e-23,True,18.010758561147593,18.010836195431523,7.763428392948413e-05,7.763428392948413e-05,-1.9616063188821322e-20,True,True,-3.8265689292681285e-19,-3.8267295769734757e-19,4.19821799415246e-05,1.6064770534718167e-23,True,18.068335758266567,18.06846014511435,0.00012438684778359743,0.00012438684778359743,-9.445419588480097e-21,True,True,True,2.1963782000239007
67,1,-3.85,-146834899.03613335,-23369500.0,-23.369500000000002,38138934.81458009,24,0.027,0.0001,-1.8739973981080074e-19,-1.8741542263892682e-19,8.368649893492895e-05,1.5682828126082538e-23,True,18.24680013655864,18.24690992104064,0.00010978448199949753,0.00010978448199949753,-1.9650206165077094e-20,True,True,-1.8739973981076453e-19,-1.8741542263892682e-19,8.368649912815501e-05,1.568282816229002e-23,True,18.246800136558615,18.246909921040608,0.0001097844819923921,0.0001097844819923921,-1.965020616507695e-20,True,True,-3.747942254109542e-19,-3.748098575031157e-19,4.1708465877143484e-05,1.5632092161503206e-23,True,18.302183286007036,18.30232971881064,0.00014643280360360222,0.00014643280360360222,-9.483798790698807e-21,True,True,True,2.1663883000146598
68,1,-3.9000000000000004,-148741845.77686235,-23673000.0,-23.673000000000002,38138934.81458009,24,0.027,0.0001,-1.835516521531611e-19,-1.8356700186240147e-19,8.36261023004691e-05,1.5349709240380368e-23,True,18.48287003305827,18.483012076794775,0.000142043736506281,0.000142043736506281,-1.9683384350647095e-20,True,True,-1.8355165215314626e-19,-1.8356700186240147e-19,8.36261023812687e-05,1.534970925521003e-23,True,18.48287003305828,18.483012076794786,0.000142043736506281,0.000142043736506281,-1.968338435064724e-20,True,True,-3.6709812828547115e-19,-3.671133284315441e-19,4.1406220576288784e-05,1.5200146072930975e-23,True,18.53615724420243,18.53630845000576,0.00015120580333061184,0.00015120580333061184,-9.521116128276065e-21,True,True,True,2.167135000025155
69,1,-3.95,-150648792.51759136,-23976500.0,-23.9765,38138934.81458009,24,0.027,0.0001,-1.7978563676641277e-19,-1.7980065753275636e-19,8.354820003284835e-05,1.502076634359327e-23,True,18.71896316360269,18.719137589454597,0.0001744258519060793,0.0001744258519060793,-1.971562960883992e-20,True,True,-1.7978563676638174e-19,-1.7980065753275576e-19,8.35482002021182e-05,1.5020766374022962e-23,True,18.7189631636027,18.71913758945462,0.00017442585191673743,0.00017442585191673743,-1.9715629608840113e-20,True,True,-3.595661734590264e-19,-3.595809432829601e-19,4.1076789264135064e-05,1.4769823933687863e-23,True,18.770234268690714,18.770390163704224,0.0001558950135098769,0.0001558950135098769,-9.557401392043384e-21,True,True,True,2.1852097999944817
70,1,-4.0,-152555739.25832036,-24280000.0,-24.28,38138934.81458009,24,0.027,0.0001,-1.7610043966866272e-19,-1.7611513588150551e-19,8.34535840480897e-05,1.4696212842794294e-23,True,18.955074576543943,18.955281521468812,0.00020694492486938998,0.00020694492486938998,-1.9746972607541736e-20,True,True,-1.761004396686623e-19,-1.761151358815248e-19,8.345358415991604e-05,1.4696212862486927e-23,True,18.955074576543943,18.955281521468816,0.0002069449248729427,0.0002069449248729427,-1.9746972607541736e-20,True,True,-3.5219585309318758e-19,-3.522101950245225e-19,4.0721465653228154e-05,1.4341931334943627e-23,True,19.004408546337793,19.004569048718174,0.00016050238038189946,0.00016050238038189946,-9.592682494533004e-21,True,True,True,2.1643182999978308
71,1,-4.050000000000001,-154462685.9990494,-24583500.000000007,-24.583500000000008,38138934.81458009,24,0.027,0.0001,-1.7249477342568705e-19,-1.7250914966208847e-19,8.334302608658e-05,1.4376236401415743e-23,True,19.191199443654856,19.191439058981242,0.00023961532638594463,0.00023961532638594463,-1.977744288377776e-20,True,True,-1.724947734257278e-19,-1.725091496620971e-19,8.334302590038144e-05,1.4376236369300862e-23,True,19.191199443654963,19.191439058981246,0.00023961532628291593,0.00023961532628291593,-1.9777442883777616e-20,True,True,-3.449845924375487e-19,-3.4499850963184533e-19,4.034149524850825e-05,1.3917194296627926e-23,True,19.23867460286313,19.238839632932212,0.00016503006908052953,0.00016503006908052953,-9.626986766007745e-21,True,True,True,2.1904560000111815
72,1,-4.1,-156369632.73977837,-24887000.0,-24.887,38138934.81458009,24,0.027,0.0001,-1.689673230124173e-19,-1.6898138401151249e-19,8.321726854928001e-05,1.406099909517727e-23,True,19.427355403924913,19.42760550078948,0.00025009686456556324,0.00025009686456556324,-1.980707496719121e-20,True,True,-1.6896732301247944e-19,-1.6898138401151249e-19,8.321726818151373e-05,1.4060999033041957e-23,True,19.42735540392494,19.427605500789493,0.0002500968645549051,0.0002500968645549051,-1.9807074967191115e-20,True,True,-3.379297615502075e-19,-3.379432578143631e-19,3.993807498242433e-05,1.3496264155584963e-23,True,19.4730272798479,19.473196760276632,0.0001694804287311058,0.0001694804287311058,-9.660340950632377e-21,True,True,True,2.2118508999992628
73,1,-4.15,-158276579.48050737,-25190500.0,-25.190500000000004,38138934.81458009,24,0.027,0.0001,-1.655167511562533e-19,-1.6553050179662175e-19,8.307703161403591e-05,1.375064036846057e-23,True,19.663549862429768,19.663776248165142,0.00022638573537392404,0.00022638573537392404,-1.983588607068852e-20,True,True,-1.655167511562787e-19,-1.6553050179661937e-19,8.307703144603041e-05,1.3750640340654956e-23,True,19.663549862429765,19.66377624816515,0.00022638573538458218,0.00022638573538458218,-1.983588607068852e-20,True,True,-3.3102868598739866e-19,-3.310417657105882e-19,3.9512355705715395e-05,1.3079723189529662e-23,True,19.707461713333732,19.707635569290705,0.0001738559569730569,0.0001738559569730569,-9.69277120385512e-21,True,True,True,2.1637244999874383
74,1,-4.2,-160183526.22123638,-25494000.0,-25.494000000000003,38138934.81458009,24,0.027,0.0001,-1.621417032064267e-19,-1.6215514848450003e-19,8.292300998101011e-05,1.34452780733245e-23,True,19.899774158662062,19.899946795458128,0.00017263679606571714,0.00017263679606571714,-1.9863904898034046e-20,True,True,-1.6214170320642458e-19,-1.621551484844942e-19,8.292300995814591e-05,1.3445278069617085e-23,True,19.899774158662076,19.899946795458128,0.00017263679605150628,0.00017263679605150628,-1.9863904898034046e-20,True,True,-3.242786565411499e-19,-3.2429132463027243e-19,3.906544222688457e-05,1.2668089122520035e-23,True,19.941973313901983,19.942151473173446,0.0001781592714635849,0.0001781592714635849,-9.724303090973976e-21,True,True,True,2.1382727999880444
75,1,-4.25,-162090472.96196538,-25797500.0,-25.797500000000003,38138934.81458009,24,0.027,0.0001,-1.588408115622272e-19,-1.5885395657258502e-19,8.275587507091975e-05,1.3145010357807182e-23,True,20.136023820080812,20.13611272139506,8.890131424976744e-05,8.890131424976744e-05,-1.9891156129343734e-20,True,True,-1.5884081156224052e-19,-1.5885395657257549e-19,8.275587492708112e-05,1.3145010334960838e-23,True,20.136023820080858,20.136112721395083,8.890131422489844e-05,8.890131422489844e-05,-1.9891156129343686e-20,True,True,-3.176769380974684e-19,-3.176891999174187e-19,3.8598395035412936e-05,1.2261819950326507e-23,True,20.176583685877826,20.176740141205368,0.00015645532754149372,0.00015645532754149372,-9.754962538349722e-21,True,True,True,2.1953369999828283
76,1,-4.300000000000001,-163997419.70269442,-26101000.000000007,-26.101000000000006,38138934.81458009,24,0.027,0.0001,-1.556126996961432e-19,-1.556255496131769e-19,8.257627467930784e-05,1.2849917033697365e-23,True,20.372294465433974,20.372277342509143,1.71229248309146e-05,1.71229248309146e-05,-1.9917663585303665e-20,True,True,-1.556126996961612e-19,-1.5562554961316927e-19,8.257627451453704e-05,1.2849917008058423e-23,True,20.37229446543396,20.372277342509133,1.7122924827361885e-05,1.7122924827361885e-05,-1.9917663585303617e-20,True,True,-3.1122077768246086e-19,-3.112326390006147e-19,3.811223094474473e-05,1.1861318153837005e-23,True,20.411279338928587,20.411397481465105,0.0001181425365182065,0.0001181425365182065,-9.784771957224209e-21,True,True,True,2.1520259999961127
77,1,-4.35,-165904366.4434234,-26404500.0,-26.404500000000002,38138934.81458009,24,0.027,0.0001,-1.524559858021322e-19,-1.5246854586282237e-19,8.238483142590842e-05,1.2560060690179347e-23,True,20.608581796933652,20.608495885742677,8.591119097545175e-05,8.591119097545175e-05,-1.994345027067392e-20,True,True,-1.524559858021549e-19,-1.5246854586282425e-19,8.238483128930514e-05,1.2560060669355229e-23,True,20.60858179693363,20.60849588574268,8.591119095058275e-05,8.591119095058275e-05,-1.994345027067387e-20,True,True,-3.0490741175923244e-19,-3.049188786942208e-19,3.760792472109025e-05,1.1466934988343682e-23,True,20.646046520707806,20.64611962473127,7.310402346405453e-05,7.310402346405453e-05,-9.813756002306956e-21,True,True,True,2.158872500003781
78,1,-4.4,-167811313.18415242,-26708000.000000007,-26.708000000000006,38138934.81458009,24,0.027,0.0001,-1.4936928609771076e-19,-1.4938156158619824e-19,8.21821460634519e-05,1.22754884874756e-23,True,20.844881592995634,20.844756999226778,0.00012459376885587403,0.00012459376885587403,-1.9968538415298033e-20,True,True,-1.4936928609775699e-19,-1.4938156158619824e-19,8.218214575397651e-05,1.2275488441253281e-23,True,20.844881592995606,20.844756999226767,0.00012459376883811046,0.00012459376883811046,-1.996853841529808e-20,True,True,-2.987340728326026e-19,-2.9874515180732196e-19,3.708641138349529e-05,1.1078974719336946e-23,True,20.88088124169684,20.880902909506148,2.166780930679124e-05,2.166780930679124e-05,-9.841937861532935e-21,True,True,True,2.179694099992048
79,1,-4.45,-169718259.9248814,-27011500.0,-27.0115,38138934.81458009,24,0.027,0.0001,-1.463512178076139e-19,-1.4636321404086858e-19,8.196879694191988e-05,1.1996233254674994e-23,True,21.081189701483314,21.081056462304478,0.0001332391788366749,0.0001332391788366749,-1.999294951280985e-20,True,True,-1.4635121780760952e-19,-1.4636321404085255e-19,8.196879686230649e-05,1.1996233243023117e-23,True,21.081189701483314,21.081056462304446,0.00013323917886864933,0.00013323917886864933,-1.9992949512809802e-20,True,True,-2.9269799541710545e-19,-2.9270869311458767e-19,3.6548584717766586e-05,1.0697697482222534e-23,True,21.115779726007524,21.115780997702455,1.2716949306934566e-06,1.2716949306934566e-06,-9.869340144561164e-21,True,True,True,2.163064899999881
80,1,-4.5,-171625206.6656104,-27315000.0,-27.315,38138934.81458009,24,0.027,0.0001,-1.4340040185304882e-19,-1.4341212416762396e-19,8.174533978748074e-05,1.1722314575138759e-23,True,21.317502033422446,21.317390132102314,0.00011190132013183529,0.00011190132013183529,-2.0016704357199238e-20,True,True,-1.434004018530598e-19,-1.4341212416762564e-19,8.174533972267263e-05,1.1722314565846147e-23,True,21.317502033422397,21.317390132102318,0.00011190132007854459,0.00011190132007854459,-2.0016704357199142e-20,True,True,-2.8679642141535243e-19,-2.8680674473930894e-19,3.599530254094281e-05,1.0323323956505339e-23,True,21.350738397570243,21.350747791301067,9.393730824314162e-06,9.393730824314162e-06,-9.895984887150154e-21,True,True,True,2.170084000012139
81,1,-4.55,-173532153.4063394,-27618500.0,-27.6185,38138934.81458009,24,0.027,0.0001,-1.4051546527058362e-19,-1.4052691901053013e-19,8.151230844559547e-05,1.1453739946512169e-23,True,21.553829524843994,21.55375393730951,7.558753448577704e-05,7.558753448577704e-05,-2.0039827860117295e-20,True,True,-1.4051546527059753e-19,-1.4052691901053013e-19,8.151230834656025e-05,1.1453739932597325e-23,True,21.553829524843948,21.553753937309523,7.558753442538091e-05,7.558753442538091e-05,-2.0039827860117103e-20,True,True,-2.81026604956626e-19,-2.81036560993922e-19,3.5427383459089844e-05,9.956037296004549e-24,True,21.585753867234402,21.58577858885809,2.4721623688606087e-05,2.4721623688606087e-05,-9.921893556370555e-21,True,True,True,2.199070100003155
82,1,-4.6000000000000005,-175439100.14706844,-27922000.000000004,-27.922000000000008,38138934.81458009,24,0.027,0.0001,-1.3769504338082773e-19,-1.3770623388669025e-19,8.127021559933308e-05,1.119050586251939e-23,True,21.790186316011635,21.79014387237741,4.2443634225008964e-05,4.2443634225008964e-05,-2.0062332122992872e-20,True,True,-1.3769504338082872e-19,-1.3770623388667708e-19,8.127021549652861e-05,1.1190505848363805e-23,True,21.790186316011678,21.790143872377413,4.2443634264088814e-05,4.2443634264088814e-05,-2.0062332122992872e-20,True,True,-2.7538581673439266e-19,-2.7539541272144554e-19,3.484561102920929e-05,9.595987052887761e-24,True,21.820822920730127,21.82086985632357,4.6935593442043455e-05,4.6935593442043455e-05,-9.947087056587078e-21,True,True,True,2.1604130000050645
83,1,-4.65,-177346046.88779745,-28225500.000000004,-28.225500000000007,38138934.81458009,24,0.027,0.0001,-1.349377817279816e-19,-1.3494871432685077e-19,8.101955382078493e-05,1.0932598869167535e-23,True,22.02656529960133,22.02655599209949,9.307501841249177e-06,9.307501841249177e-06,-2.0084236922116943e-20,True,True,-1.3493778172798788e-19,-1.3494871432684988e-19,8.101955376761525e-05,1.0932598861993446e-23,True,22.02656529960133,22.02655599209951,9.307501819932895e-06,9.307501819932895e-06,-2.0084236922117136e-20,True,True,-2.698713478854364e-19,-2.698805911773593e-19,3.425073463825219e-05,9.243291922891523e-24,True,22.05595358738161,22.056018241783715,6.465440210590145e-05,6.465440210590145e-05,-9.971586388342276e-21,True,True,True,2.2061977999983355
84,1,-4.7,-179252993.62852642,-28529000.0,-28.529,38138934.81458009,24,0.027,0.0001,-1.3224233780764464e-19,-1.3225301780413316e-19,8.076079616842327e-05,1.0679996488518963e-23,True,22.262962568942733,22.262986406535365,2.3837592632247606e-05,2.3837592632247606e-05,-2.010555969784639e-20,True,True,-1.3224233780763802e-19,-1.3225301780413463e-19,8.07607962295946e-05,1.0679996496607868e-23,True,22.26296256894273,22.26298640653535,2.3837592621589465e-05,2.3837592621589465e-05,-2.010555969784639e-20,True,True,-2.6448051344634926e-19,-2.6448941148849025e-19,3.364346970231737e-05,8.898042140985592e-24,True,22.291150511157678,22.291220564164412,7.005300673412762e-05,7.005300673412762e-05,-9.9954100471879e-21,True,True,True,1.8859517999808304
85,1,-4.75,-181159940.36925542,-28832500.0,-28.832500000000003,38138934.81458009,24,0.027,0.0001,-1.2960738260094462e-19,-1.2961781526865192e-19,8.04943938990067e-05,1.0432667707299705e-23,True,22.499374267807163,22.49943127625249,5.700844532796623e-05,5.700844532796623e-05,-2.0126317349621266e-20,True,True,-1.296073826009518e-19,-1.2961781526865192e-19,8.049439384364978e-05,1.0432667700125616e-23,True,22.499374267807152,22.499431276252505,5.7008445352835224e-05,5.7008445352835224e-05,-2.0126317349621507e-20,True,True,-2.5921065542099567e-19,-2.5921921572334716e-19,3.302450023741062e-05,8.560302351490034e-24,True,22.52639845571373,22.52647380265867,7.534694494282235e-05,7.534694494282235e-05,-1.0018577833653354e-20,True,True,True,2.215535199997248
86,1,-4.8,-183066887.10998443,-29136000.0,-29.136000000000003,38138934.81458009,24,0.027,0.0001,-1.2703160192913121e-19,-1.2704179250361429e-19,8.022078229603156e-05,1.0190574483072978e-23,True,22.735796585938054,22.73588680785344,9.022191538576863e-05,9.022191538576863e-05,-2.014652626207275e-20,True,True,-1.2703160192913352e-19,-1.2704179250361429e-19,8.022078227783687e-05,1.0190574480761862e-23,True,22.735796585938072,22.735886807853454,9.022191538221591e-05,9.022191538221591e-05,-2.0146526262072848e-20,True,True,-2.5405914549150093e-19,-2.540673756049646e-19,3.239447825323769e-05,8.230113463660576e-24,True,22.761694545491483,22.761775086823175,8.054133169110855e-05,8.054133169110855e-05,-1.0041108451740984e-20,True,True,True,2.1067661000124644
87,1,-4.8500000000000005,-184973833.85071346,-29439500.000000004,-29.439500000000006,38138934.81458009,24,0.027,0.0001,-1.2451369764551897e-19,-1.2452365131743895e-19,7.994037690790968e-05,9.953671919980293e-24,True,22.97222575484117,22.972349249768676,0.00012349492750729496,0.00012349492750729496,-2.0166202329849542e-20,True,True,-1.245136976455327e-19,-1.2452365131744583e-19,7.994037685299084e-05,9.953671913143241e-24,True,22.972225754841077,22.97234924976865,0.00012349492757479652,0.00012349492757479652,-2.0166202329849542e-20,True,True,-2.490233874008075e-19,-2.4903129489618093e-19,3.175402702512256e-05,7.907495373412807e-24,True,22.997036046173225,22.997121687306464,8.564113323927813e-05,8.564113323927813e-05,-1.0063020084004722e-20,True,True,True,2.1778226000024006
88,1,-4.9,-186880780.59144247,-29743000.000000004,-29.743000000000006,38138934.81458009,24,0.027,0.0001,-1.2205238867621747e-19,-1.2206211058525882e-19,7.96535745575841e-05,9.721909041352322e-24,True,23.20865804381471,23.208814888284824,0.00015684447011210523,0.00015684447011210523,-2.0185360981241023e-20,True,True,-1.220523886762186e-19,-1.2206211058525882e-19,7.965357454831289e-05,9.721909040220838e-24,True,23.208658043814683,23.20881488828481,0.00015684447012631608,0.00015684447012631608,-2.0185360981240734e-20,True,True,-2.44100819035063e-19,-2.4410841148350326e-19,3.1103740127881776e-05,7.592448440269697e-24,True,23.23242035600202,23.23251100716248,9.06511604590321e-05,9.06511604590321e-05,-1.0084330400602423e-20,True,True,True,2.1488261000195052
89,1,-4.95,-188787727.33217144,-30046500.0,-30.0465,38138934.81458009,24,0.027,0.0001,-1.1964641192328235e-19,-1.1965590715289481e-19,7.936075524399802e-05,9.495229612466177e-24,True,23.445089756204105,23.445280043796256,0.00019028759215089508,0.00019028759215089508,-2.0204017200663266e-20,True,True,-1.196464119233012e-19,-1.1965590715289992e-19,7.936075512909428e-05,9.495229598719852e-24,True,23.445089756204144,23.445280043796256,0.00019028759211181523,0.00019028759211181523,-2.0204017200663844e-20,True,True,-2.3928891423012537e-19,-2.39296199185828e-19,3.0444183868912526e-05,7.284955702614376e-24,True,23.46784499764847,23.467940573715303,9.557606683330278e-05,9.557606683330278e-05,-1.0105056568707352e-20,True,True,True,2.162995699996827
90,1,-5.0,-190694674.07290044,-30350000.0,-30.35,38138934.81458009,24,0.027,0.0001,-1.1729452304134592e-19,-1.1730379661426466e-19,7.906228422509182e-05,9.273572918741473e-24,True,23.681524722467646,23.681741067251977,0.00021634478433085746,0.00021634478433085746,-2.0222189060040038e-20,True,True,-1.1729452304134917e-19,-1.1730379661426466e-19,7.906228419738154e-05,9.273572915491466e-24,True,23.681524722467646,23.681741067251966,0.00021634478432019932,0.00021634478432019932,-2.0222189060040087e-20,True,True,-2.3458518432540613e-19,-2.345921693100036e-19,2.9775898326809972e-05,6.98498459744927e-24,True,23.703307610582435,23.703408030934938,0.00010042035250279469,0.00010042035250279469,-1.0125215262225727e-20,True,True,True,2.0965059000009205
91,1,-5.05,-192601620.81362945,-30653500.0,-30.6535,38138934.81458009,24,0.027,0.0001,-1.1499549709995038e-19,-1.150045539737653e-19,7.875850831838938e-05,9.056873814923764e-24,True,23.917982725689757,23.918194336790734,0.00021161110097622782,0.00021161110097622782,-2.0239886177168936e-20,True,True,-1.1499549709994393e-19,-1.1500455397375438e-19,7.875850827945499e-05,9.056873810445977e-24,True,23.91798272568978,23.918194336790762,0.00021161110098333324,0.00021161110098333324,-2.023988617716884e-20,True,True,-2.2998717948717408e-19,-2.2999387197557993e-19,2.9099397717636277e-05,6.692488405854678e-24,True,23.938805943945063,23.938911132299452,0.00010518835438944052,0.00010518835438944052,-1.0144822671770604e-20,True,True,True,2.157390700012911
92,1,-5.1000000000000005,-194508567.55435848,-30957000.000000004,-30.957000000000004,38138934.81458009,24,0.027,0.0001,-1.127481291383588e-19,-1.1275697420209272e-19,7.844976055484266e-05,8.845063733910727e-24,True,24.154458935777473,24.15463625452363,0.00017731874615734,0.00017731874615734,-2.0257121895441216e-20,True,True,-1.1274812913837007e-19,-1.1275697420209611e-19,7.844976048501336e-05,8.845063726038488e-24,True,24.15445893577734,24.154636254523563,0.00017731874622484156,0.00017731874622484156,-2.0257121895441264e-20,True,True,-2.2549248982048166e-19,-2.2549889722820297e-19,2.8415171283171353e-05,6.407407721317759e-24,True,24.174355441888096,24.17444773408919,9.229220109219227e-05,9.229220109219227e-05,-1.0163894984844978e-20,True,True,True,2.1610631000075955
93,1,-5.15,-196415514.2950875,-31260500.000000004,-31.260500000000008,38138934.81458009,24,0.027,0.0001,-1.1055123462605384e-19,-1.1055987269670828e-19,7.813635626651725e-05,8.638070654444681e-24,True,24.39094975424605,24.391063243499335,0.00011348925328391601,0.00011348925328391601,-2.0273908756993388e-20,True,True,-1.1055123462603357e-19,-1.1055987269670284e-19,7.813635640067446e-05,8.638070669274342e-24,True,24.390949754246076,24.391063243499342,0.00011348925326615245,0.00011348925326615245,-2.0273908756993243e-20,True,True,-2.210987462883018e-19,-2.211048759603404e-19,2.7723685192823075e-05,6.129672038624738e-24,True,24.409943672213462,24.410015789130643,7.211691718111979e-05,7.211691718111979e-05,-1.0182446498594767e-20,True,True,True,2.1760462999809533
94,1,-5.2,-198322461.0358165,-31564000.000000004,-31.564000000000007,38138934.81458009,24,0.027,0.0001,-1.084036498336829e-19,-1.0841208565384716e-19,7.781859907119913e-05,8.435820164262032e-24,True,24.627451612570262,24.627471744769686,2.0132199423983366e-05,2.0132199423983366e-05,-2.0290258959855817e-20,True,True,-1.0840364983368994e-19,-1.0841208565384781e-19,7.781859901223222e-05,8.435820157870352e-24,True,24.627451612570276,24.627471744769696,2.0132199420430652e-05,2.0132199420430652e-05,-2.029025895985572e-20,True,True,-2.1680362145487583e-19,-2.1680948065587633e-19,2.702538343765987e-05,5.8592010004912815e-24,True,24.64556699267826,24.645613340898514,4.6348220255509887e-05,4.6348220255509887e-05,-1.0200492413829493e-20,True,True,True,2.13749110000208
95,1,-5.25,-200229407.77654546,-31867500.0,-31.8675,38138934.81458009,24,0.027,0.0001,-1.0630423212499622e-19,-1.0631247036059731e-19,7.74967791630024e-05,8.238235601083378e-24,True,24.86396096928495,24.863892856627125,6.811265782502574e-05,6.811265782502574e-05,-2.0306184374623047e-20,True,True,-1.0630423212502718e-19,-1.0631247036059822e-19,7.749677888035225e-05,8.23823557103887e-24,True,24.863960969284943,24.86389285662708,6.811265786410559e-05,6.811265786410559e-05,-2.0306184374622902e-20,True,True,-2.1260483006945653e-19,-2.126104259748134e-19,2.632068779923797e-05,5.595905356868206e-24,True,24.88122333755708,24.881238518012655,1.5180455573471363e-05,1.5180455573471363e-05,-1.0218047072110356e-20,True,True,True,2.2341581000073347
96,1,-5.300000000000001,-202136354.5172745,-32171000.000000004,-32.17100000000001,38138934.81458009,24,0.027,0.0001,-1.0425186017589663e-19,-1.0425990541398604e-19,7.717117062311084e-05,8.045238089410812e-24,True,25.100474307223994,25.100349865277302,0.00012444194669214426,0.00012444194669214426,-2.0321696560387206e-20,True,True,-1.0425186017589082e-19,-1.0425990541398604e-19,7.717117067888297e-05,8.045238095224713e-24,True,25.10047430722396,25.100349865277277,0.00012444194668148612,0.00012444194668148612,-2.032169656038711e-20,True,True,-2.0850012950392153e-19,-2.0850546919206736e-19,2.5609999180959703e-05,5.3396881458254225e-24,True,25.116910732926158,25.11690716805403,3.564872127270746e-06,3.564872127270746e-06,-1.0235124385302042e-20,True,True,True,2.186116899974877
97,1,-5.3500000000000005,-204043301.2580035,-32474500.000000004,-32.474500000000006,38138934.81458009,24,0.027,0.0001,-1.0224543412720086e-19,-1.022532908743201e-19,7.684203393825278e-05,7.856747119233758e-24,True,25.3369881308895,25.336836918930622,0.00015121195887957128,0.00015121195887957128,-2.0336806779977605e-20,True,True,-1.0224543412719936e-19,-1.0225329087431817e-19,7.684203393413346e-05,7.856747118812461e-24,True,25.336988130889466,25.33683691893061,0.0001512119588547023,0.0001512119588547023,-2.0336806779978086e-20,True,True,-2.0448732005847864e-19,-2.0449241050423304e-19,2.4893698802187577e-05,5.0904457544022975e-24,True,25.35262729127598,25.352622135899868,5.155376111787291e-06,5.155376111787291e-06,-1.0251737846065001e-20,True,True,True,2.2146629000199027
98,1,-5.4,-205950247.9987325,-32778000.000000004,-32.778000000000006,38138934.81458009,24,0.027,0.0001,-1.0028387567696956e-19,-1.002915483583237e-19,7.650962133585735e-05,7.672681354137136e-24,True,25.57349896390308,25.573350514000595,0.00014844990248619183,0.00014844990248619183,-2.035152601455736e-20,True,True,-1.0028387567697206e-19,-1.0029154835832726e-19,7.650962134641807e-05,7.672681355196398e-24,True,25.573498963903063,25.5733505140006,0.00014844990246132284,0.00014844990246132284,-2.0351526014557552e-20,True,True,-2.0056424514775096e-19,-2.0056909321654296e-19,2.4172148871407018e-05,4.848068791992809e-24,True,25.588371206424334,25.588370312952815,8.934715189923281e-07,8.934715189923281e-07,-1.0267900538351465e-20,True,True,True,2.17386130001978
99,1,-5.45,-207857194.7394615,-33081500.000000004,-33.081500000000005,38138934.81458009,24,0.027,0.0001,-9.836612812003746e-20,-9.83736210781249e-20,7.617416920486154e-05,7.492958087442823e-24,True,25.810005309409892,25.809887175296264,0.00011813411362737725,0.00011813411362737725,-2.0365867194128998e-20,True,True,-9.836612812003996e-20,-9.837362107813569e-20,7.617416928905016e-05,7.492958095724322e-24,True,25.810005309409878,25.809887175296268,0.00011813411360961368,0.00011813411360961368,-2.0365867194128902e-20,True,True,-1.9672879137798996e-19,-1.9673340382096284e-19,2.3445693640320464e-05,4.6124429728788704e-24,True,25.824140748760296,25.82414978065488,9.031894585120881e-06,9.031894585120881e-06,-1.0283625147873491e-20,True,True,True,2.2410576999827754
100,1,-5.5,-209764141.4801905,-33385000.0,-33.385,38138934.81458009,24,0.027,0.0001,-9.649115633722923e-20,-9.649847383148132e-20,7.583590589919979e-05,7.317494252095091e-24,True,26.046527927312507,26.04644345356344,8.447374906594973e-05,8.447374906594973e-05,-2.0379839092822493e-20,True,True,-9.649115633722482e-20,-9.649847383148242e-20,7.583590595621301e-05,7.317494257596029e-24,True,26.04652792731245,26.046443453563434,8.447374901621174e-05,8.447374901621174e-05,-2.0379839092822493e-20,True,True,-1.929788885270519e-19,-1.9298327197678312e-19,2.271465943599024e-05,4.383449731227908e-24,True,26.05993648169518,26.05995870340503,2.2221709851777405e-05,2.2221709851777405e-05,-1.0298924276337441e-20,True,True,True,2.175327800010564
101,1,-5.550000000000001,-211671088.22091952,-33688500.00000001,-33.688500000000005,38138934.81458009,24,0.027,0.0001,-9.465794674148971e-20,-9.466509294739219e-20,7.549504451003324e-05,7.146205902477121e-24,True,26.283066778440567,26.283015923134016,5.085530655080106e-05,5.085530655080106e-05,-2.0393450216694933e-20,True,True,-9.46579467414765e-20,-9.466509294739614e-20,7.549504469137932e-05,7.146205919641972e-24,True,26.283066778440567,26.28301592313401,5.085530655790649e-05,5.085530655790649e-05,-2.0393450216694933e-20,True,True,-1.893125094358333e-19,-1.893166704028563e-19,2.197935590945344e-05,4.1609670230019425e-24,True,26.295767826981294,26.295795323838387,2.7496857093467497e-05,2.7496857093467497e-05,-1.0313809275259508e-20,True,True,True,2.236936200002674
102,1,-5.6000000000000005,-213578034.96164852,-33992000.00000001,-33.992000000000004,38138934.81458009,24,0.027,0.0001,-9.286550718366477e-20,-9.28724861928151e-20,7.51517906053747e-05,6.979009150328695e-24,True,26.519618440772266,26.51960117966027,1.7261111995736655e-05,1.7261111995736655e-05,-2.0406709690855358e-20,True,True,-9.286550718367399e-20,-9.28724861928151e-20,7.515179050607968e-05,6.979009141108305e-24,True,26.519618440772227,26.519601179660278,1.7261111949551378e-05,1.7261111949551378e-05,-2.0406709690855455e-20,True,True,-1.857276698204371e-19,-1.857316146903893e-19,2.124007669945849e-05,3.944869952197786e-24,True,26.53162526935038,26.531657958364896,3.268901451747297e-05,3.268901451747297e-05,-1.0328291907941797e-20,True,True,True,2.1539358999871183
103,1,-5.65,-215484981.70237753,-34295500.00000001,-34.295500000000004,38138934.81458009,24,0.027,0.0001,-9.111286682317155e-20,-9.11196826432711e-20,7.480634006151245e-05,6.815820099553466e-24,True,26.756179511424882,26.756195837939313,1.6326514430176076e-05,1.6326514430176076e-05,-2.041962642442978e-20,True,True,-9.111286682315726e-20,-9.111968264326761e-20,7.480634018002825e-05,6.815820110350711e-24,True,26.75617951142485,26.75619583793933,1.6326514479914067e-05,1.6326514479914067e-05,-2.0419626424429395e-20,True,True,-1.8222242801334897e-19,-1.822261630448133e-19,2.0497100741367848e-05,3.7350314643262644e-24,True,26.76750719036822,26.76754499296617,3.7802597947944605e-05,3.7802597947944605e-05,-1.0342383352398342e-20,True,True,True,2.206538999977056
104,1,-5.7,-217391928.44310653,-34599000.00000001,-34.599000000000004,38138934.81458009,24,0.027,0.0001,-8.939907596715094e-20,-8.940573252178485e-20,7.445887512702216e-05,6.65655463390926e-24,True,26.992746604545502,26.992796529813507,4.99252680050688e-05,4.99252680050688e-05,-2.0432209121614285e-20,True,True,-8.939907596716568e-20,-8.940573252178485e-20,7.445887496220546e-05,6.656554619175896e-24,True,26.992746604545502,26.992796529813546,4.992526804414865e-05,4.992526804414865e-05,-2.043220912161438e-20,True,True,-1.7879488464177074e-19,-1.7879841596440496e-19,1.9750691644750633e-05,3.531322634218375e-24,True,27.003412037391495,27.003454879233804,4.2841842308405376e-05,4.2841842308405376e-05,-1.0356094440672578e-20,True,True,True,2.221621300006518
105,1,-5.75,-219298875.1838355,-34902500.0,-34.9025,38138934.81458009,24,0.027,0.0001,-8.772320588075319e-20,-8.772970701004044e-20,7.410957251253315e-05,6.501129287251553e-24,True,27.22931634928721,27.229399902139658,8.355285244832089e-05,8.355285244832089e-05,-2.0444466292289125e-20,True,True,-8.772320588075451e-20,-8.77297070100395e-20,7.410957248673535e-05,6.501129284988585e-24,True,27.229316349287192,27.229399902139654,8.355285246253175e-05,8.355285246253175e-05,-2.0444466292289125e-20,True,True,-1.7544318224825802e-19,-1.754465158616523e-19,1.9001099681094304e-05,3.3336133942675455e-24,True,27.239338319830612,27.239386130625654,4.781079504212471e-05,4.781079504212471e-05,-1.0369435668603944e-20,True,True,True,2.232706100010546
106,1,-5.800000000000001,-221205821.92456454,-35206000.00000001,-35.206,38138934.81458009,24,0.027,0.0001,-8.608434857281518e-20,-8.609069803380503e-20,7.375859950292409e-05,6.34946098985239e-24,True,27.4658853878364,27.46600261482459,0.00011722698818772415,0.00011722698818772415,-2.045640626220631e-20,True,True,-8.608434857279853e-20,-8.609069803380714e-20,7.375859972079147e-05,6.3494610086061325e-24,True,27.46588538783632,27.4660026148246,0.0001172269882800947,0.0001172269882800947,-2.045640626220602e-20,True,True,-1.721655048626692e-19,-1.7216864663538717e-19,1.8248561002256804e-05,3.1417727179707592e-24,True,27.475284605613744,27.475337318939843,5.271332609879664e-05,5.271332609879664e-05,-1.0382417205448728e-20,True,True,True,2.206145500007551
107,1,-5.8500000000000005,-223112768.66529354,-35509500.00000001,-35.5095,38138934.81458009,24,0.027,0.0001,-8.448161655978626e-20,-8.448781802686482e-20,7.340611284552051e-05,6.201467078559664e-24,True,27.702450373504206,27.702601338924243,0.00015096542003689706,0.00015096542003689706,-2.046803718277381e-20,True,True,-8.448161655979234e-20,-8.448781802686482e-20,7.34061127735621e-05,6.201467072480948e-24,True,27.70245037350424,27.70260133892426,0.0001509654200191335,0.0001509654200191335,-2.046803718277381e-20,True,True,-1.6896007752883264e-19,-1.689630331981281e-19,1.7493299829767053e-05,2.955669295472556e-24,True,27.711249517848614,27.711307070989385,5.755314077049434e-05,5.755314077049434e-05,-1.0395048903341733e-20,True,True,True,2.2349113000091165
108,1,-5.9,-225019715.40602255,-35813000.00000001,-35.813,38138934.81458009,24,0.027,0.0001,-8.291414260926266e-20,-8.292019967505658e-20,7.305226350192189e-05,6.057065793927785e-24,True,27.93900796887789,27.93919275478168,0.0001847859037908961,0.0001847859037908961,-2.047936704045949e-20,True,True,-8.29141426092612e-20,-8.292019967505658e-20,7.305226351948936e-05,6.0570657953842696e-24,True,27.939007968877977,27.93919275478171,0.00018478590373405268,0.00018478590373405268,-2.0479367040458623e-20,True,True,-1.6582516579288633e-19,-1.6582794096469602e-19,1.6735528629963173e-05,2.7751718096952386e-24,True,27.94723173168513,27.94729406545343,6.233376830167003e-05,6.233376830167003e-05,-1.0407340306589695e-20,True,True,True,2.179782299994258
109,1,-5.95,-226926662.14675155,-36116500.00000001,-36.1165,38138934.81458009,24,0.027,0.0001,-8.138107946781282e-20,-8.138699564371899e-20,7.269719134784746e-05,5.9161759061659694e-24,True,28.17557176620787,28.175773550233746,0.00020178402587589517,0.00020178402587589517,-2.0490407517161678e-20,True,True,-8.138107946780198e-20,-8.138699564371899e-20,7.269719148112391e-05,5.9161759170113624e-24,True,28.175571766207913,28.175773550233778,0.00020178402586523703,0.00020178402586523703,-2.0490407517161775e-20,True,True,-1.6275907515807089e-19,-1.627616753070014e-19,1.597544670235857e-05,2.6001489305129342e-24,True,28.183232754544647,28.183297029924507,6.427537985942422e-05,6.427537985942422e-05,-1.0419300879048691e-20,True,True,True,2.1747826999926474
110,1,-6.0,-228833608.88748056,-36420000.00000001,-36.42000000000001,38138934.81458009,24,0.027,0.0001,-7.988159957282497e-20,-7.988737829012286e-20,7.234103133626287e-05,5.7787172978885335e-24,True,28.412151468738855,28.412340418849904,0.00018895011104902437,0.00018895011104902437,-2.0501160658566474e-20,True,True,-7.988159957283336e-20,-7.988737829012196e-20,7.234103121992545e-05,5.7787172885959215e-24,True,28.412151468738863,28.412340418849897,0.00018895011103481352,0.00018895011103481352,-2.0501160658566763e-20,True,True,-1.5976015050928023e-19,-1.5976258097928574e-19,1.5213243088233452e-05,2.4304700055104433e-24,True,28.419258160672037,28.419314738109765,5.6577437728577706e-05,5.6577437728577706e-05,-1.043093917605635e-20,True,True,True,2.173703899985412
