velocity_m_per_s,captured_count,launched_count,capture_fraction,capture_cross_section_m2
0.0,250,250,1.0,0.0004523893421169302
0.25,250,250,1.0,0.0004523893421169302
0.5,250,250,1.0,0.0004523893421169302
0.75,250,250,1.0,0.0004523893421169302
1.0,250,250,1.0,0.0004523893421169302
1.25,250,250,1.0,0.0004523893421169302
1.5,250,250,1.0,0.0004523893421169302
1.75,250,250,1.0,0.0004523893421169302
2.0,250,250,1.0,0.0004523893421169302
2.25,250,250,1.0,0.0004523893421169302
2.5,250,250,1.0,0.0004523893421169302
2.75,250,250,1.0,0.0004523893421169302
3.0,250,250,1.0,0.0004523893421169302
3.25,250,250,1.0,0.0004523893421169302
3.5,250,250,1.0,0.0004523893421169302
3.75,250,250,1.0,0.0004523893421169302
4.0,250,250,1.0,0.0004523893421169302
4.25,250,250,1.0,0.0004523893421169302
4.5,250,250,1.0,0.0004523893421169302
4.75,250,250,1.0,0.0004523893421169302
5.0,250,250,1.0,0.0004523893421169302
5.25,250,250,1.0,0.0004523893421169302
5.5,250,250,1.0,0.0004523893421169302
5.75,250,250,1.0,0.0004523893421169302
6.0,250,250,1.0,0.0004523893421169302
6.25,250,250,1.0,0.0004523893421169302
6.5,250,250,1.0,0.0004523893421169302
6.75,250,250,1.0,0.0004523893421169302
7.0,250,250,1.0,0.0004523893421169302
7.25,250,250,1.0,0.0004523893421169302
7.5,250,250,1.0,0.0004523893421169302
7.75,250,250,1.0,0.0004523893421169302
8.0,250,250,1.0,0.0004523893421169302
8.25,250,250,1.0,0.0004523893421169302
8.5,250,250,1.0,0.0004523893421169302
8.75,250,250,1.0,0.0004523893421169302
9.0,250,250,1.0,0.0004523893421169302
9.25,250,250,1.0,0.0004523893421169302
9.5,250,250,1.0,0.0004523893421169302
9.75,250,250,1.0,0.0004523893421169302
10.0,250,250,1.0,0.0004523893421169302
10.25,249,250,0.996,0.0004505797847484625
10.5,248,250,0.992,0.00044877022737999474
10.75,248,250,0.992,0.00044877022737999474
11.0,248,250,0.992,0.00044877022737999474
11.25,248,250,0.992,0.00044877022737999474
11.5,247,250,0.988,0.00044696067001152704
11.75,247,250,0.988,0.00044696067001152704
12.0,247,250,0.988,0.00044696067001152704
12.25,247,250,0.988,0.00044696067001152704
12.5,246,250,0.984,0.0004451511126430593
12.75,245,250,0.98,0.0004433415552745916
13.0,244,250,0.976,0.0004415319979061239
13.25,241,250,0.964,0.0004361033258007207
13.5,239,250,0.956,0.0004324842110637852
13.75,238,250,0.952,0.0004306746536953175
14.0,238,250,0.952,0.0004306746536953175
14.25,238,250,0.952,0.0004306746536953175
14.5,234,250,0.936,0.00042343642422144667
14.75,233,250,0.932,0.00042162686685297897
15.0,231,250,0.924,0.0004180077521160435
15.25,227,250,0.908,0.00041076952264217266
15.5,225,250,0.9,0.0004071504079052372
15.75,225,250,0.9,0.0004071504079052372
16.0,224,250,0.896,0.00040534085053676945
16.25,223,250,0.892,0.00040353129316830175
16.5,220,250,0.88,0.0003981026210628986
16.75,219,250,0.876,0.00039629306369443084
17.0,217,250,0.868,0.0003926739489574954
17.25,214,250,0.856,0.00038724527685209223
17.5,214,250,0.856,0.00038724527685209223
17.75,212,250,0.848,0.0003836261621151568
18.0,211,250,0.844,0.0003818166047466891
18.25,210,250,0.84,0.0003800070473782214
18.5,207,250,0.828,0.00037457837527281817
18.75,206,250,0.824,0.00037276881790435047
19.0,204,250,0.816,0.000369149703167415
19.25,202,250,0.808,0.0003655305884304796
19.5,197,250,0.788,0.000356482801588141
19.75,195,250,0.78,0.00035286368685120555
20.0,192,250,0.768,0.0003474350147458024
20.25,187,250,0.748,0.0003383872279034638
20.5,184,250,0.736,0.00033295855579806063
20.75,181,250,0.724,0.0003275298836926575
21.0,172,250,0.688,0.00031124386737644796
21.25,168,250,0.672,0.0003040056379025771
21.5,163,250,0.652,0.0002949578510602385
21.75,159,250,0.636,0.00028771962158636764
22.0,157,250,0.628,0.0002841005068494322
22.25,154,250,0.616,0.000278671834744029
22.5,153,250,0.612,0.0002768622773755613
22.75,148,250,0.592,0.00026781449053322266
23.0,145,250,0.58,0.0002623858184278195
23.25,145,250,0.58,0.0002623858184278195
23.5,142,250,0.568,0.00025695714632241635
23.75,139,250,0.556,0.0002515284742170132
24.0,137,250,0.548,0.00024790935948007775
24.25,133,250,0.532,0.0002406711300062069
24.5,133,250,0.532,0.0002406711300062069
24.75,132,250,0.528,0.00023886157263773916
25.0,129,250,0.516,0.00023343290053233598
25.25,127,250,0.508,0.00022981378579540055
25.5,124,250,0.496,0.00022438511368999737
25.75,124,250,0.496,0.00022438511368999737
26.0,122,250,0.488,0.00022076599895306194
26.25,122,250,0.488,0.00022076599895306194
26.5,119,250,0.476,0.00021533732684765876
26.75,118,250,0.472,0.00021352776947919104
27.0,116,250,0.464,0.00020990865474225563
27.25,113,250,0.452,0.00020447998263685245
27.5,113,250,0.452,0.00020447998263685245
27.75,108,250,0.432,0.00019543219579451384
28.0,101,250,0.404,0.0001827652942152398
28.25,100,250,0.4,0.00018095573684677208
28.5,96,250,0.384,0.0001737175073729012
28.75,92,250,0.368,0.00016647927789903032
29.0,84,250,0.336,0.00015200281895128855
29.25,80,250,0.32,0.00014476458947741767
29.5,79,250,0.316,0.00014295503210894994
29.75,77,250,0.308,0.0001393359173720145
30.0,74,250,0.296,0.00013390724526661133
30.25,71,250,0.284,0.00012847857316120818
30.5,69,250,0.276,0.00012485945842427275
30.75,67,250,0.268,0.0001212403436873373
31.0,65,250,0.26,0.00011762122895040185
31.25,63,250,0.252,0.00011400211421346641
31.5,57,250,0.228,0.00010314477000266009
31.75,54,250,0.216,9.771609789725692e-05
32.0,51,250,0.204,9.228742579185375e-05
32.25,47,250,0.188,8.504919631798287e-05
32.5,47,250,0.188,8.504919631798287e-05
32.75,43,250,0.172,7.781096684411199e-05
33.0,41,250,0.164,7.419185210717656e-05
33.25,39,250,0.156,7.057273737024111e-05
33.5,37,250,0.148,6.695362263330567e-05
33.75,35,250,0.14,6.333450789637024e-05
34.0,32,250,0.128,5.7905835790967064e-05
34.25,30,250,0.12,5.428672105403162e-05
34.5,30,250,0.12,5.428672105403162e-05
34.75,27,250,0.108,4.885804894862846e-05
35.0,26,250,0.104,4.704849158016074e-05
35.25,19,250,0.076,3.43815900008867e-05
35.5,19,250,0.076,3.43815900008867e-05
35.75,19,250,0.076,3.43815900008867e-05
36.0,17,250,0.068,3.0762475263951256e-05
36.25,17,250,0.068,3.0762475263951256e-05
36.5,14,250,0.056,2.533380315854809e-05
36.75,13,250,0.052,2.352424579008037e-05
37.0,11,250,0.044,1.990513105314493e-05
37.25,9,250,0.036,1.6286016316209485e-05
37.5,8,250,0.032,1.4476458947741766e-05
37.75,5,250,0.02,9.047786842338604e-06
38.0,5,250,0.02,9.047786842338604e-06
38.25,5,250,0.02,9.047786842338604e-06
38.5,4,250,0.016,7.238229473870883e-06
38.75,4,250,0.016,7.238229473870883e-06
39.0,4,250,0.016,7.238229473870883e-06
39.25,3,250,0.012,5.428672105403162e-06
39.5,1,250,0.004,1.8095573684677207e-06
39.75,1,250,0.004,1.8095573684677207e-06
40.0,0,250,0.0,0.0
40.25,0,250,0.0,0.0
