disc_index,point_index,theta_rad,phi_rad,theta_prime_rad,s_m,radial_distance_m,capture_velocity_m_per_s,velocity_resolution_m_per_s,trapped_velocity_lower_m_per_s,untrapped_velocity_upper_m_per_s,lower_classification,upper_classification,lower_entered_trap_core,upper_entered_trap_core,lower_core_entry_count,upper_core_entry_count,x0_m,y0_m,z0_m,vx_hat,vy_hat,vz_hat
0,0,1.457732450100625,1.2321308014259056,1.827742438217883,0.009384522984768127,0.014999999999999998,25.0,0.15625,25.0,25.15625,bounded_core_residence,escaped,True,False,1,0,0.0075412323873708074,0.014231192179924966,-0.007326135056723521,-0.3301074616281862,-0.9371766124472372,-0.11282313973346286
0,1,1.457732450100625,1.2321308014259056,3.8153963609818535,0.008950474226866317,0.014999999999999998,20.46875,0.15625,20.46875,20.625,bounded_core_residence,escaped,True,False,1,0,0.011339372210216313,0.011139613427434112,0.007241452855007884,-0.3301074616281862,-0.9371766124472372,-0.11282313973346286
0,2,1.457732450100625,1.2321308014259056,1.5816530479606417,0.011915412058105462,0.014999999999999998,19.84375,0.15625,19.84375,20.0,bounded_core_residence,escaped,True,False,1,0,0.005520224006993471,0.015282571911274218,-0.010146288346178136,-0.3301074616281862,-0.9371766124472372,-0.11282313973346286
0,3,1.457732450100625,1.2321308014259056,2.8881218146580228,0.009286699447567708,0.014999999999999998,17.65625,0.15625,17.65625,17.8125,bounded_core_residence,escaped,True,False,1,0,0.013518231114743155,0.011318739724332973,-0.0006215667386943184,-0.3301074616281862,-0.9371766124472372,-0.11282313973346286
0,4,1.457732450100625,1.2321308014259056,1.3750346880527706,0.00936877971337152,0.014999999999999998,28.125,0.15625,28.125,28.28125,bounded_core_residence,escaped,True,False,1,0,0.003577231328018333,0.015641021171328262,-0.00743881079619498,-0.3301074616281862,-0.9371766124472372,-0.11282313973346286
0,5,1.457732450100625,1.2321308014259056,4.408657018303798,0.006780070336953952,0.014999999999999998,26.40625,0.15625,26.40625,26.5625,bounded_core_residence,escaped,True,False,1,0,0.006621731514300408,0.012695479935768276,0.008120764417656062,-0.3301074616281862,-0.9371766124472372,-0.11282313973346286
0,6,1.457732450100625,1.2321308014259056,4.466857415209028,0.004273351592213325,0.014999999999999998,29.84375,0.15625,29.84375,30.0,bounded_core_residence,escaped,True,False,1,0,0.005775968418936974,0.013271444000428994,0.005811066752119796,-0.3301074616281862,-0.9371766124472372,-0.11282313973346286
0,7,1.457732450100625,1.2321308014259056,3.6319650499248723,0.010860947045753987,0.014999999999999998,16.875,0.15625,16.875,17.03125,bounded_core_residence,escaped,True,False,1,0,0.013796736298744821,0.010330231700075534,0.006774699348039276,-0.3301074616281862,-0.9371766124472372,-0.11282313973346286
0,8,1.457732450100625,1.2321308014259056,6.123345430767714,0.008396584037313021,0.014999999999999998,31.25,0.15625,31.25,31.40625,bounded_core_residence,escaped,True,False,1,0,-0.0029171754917173935,0.016669463338515947,0.003020215663169752,-0.3301074616281862,-0.9371766124472372,-0.11282313973346286
0,9,1.457732450100625,1.2321308014259056,3.466531775867146,0.008171150242325106,0.014999999999999998,20.9375,0.15625,20.9375,21.09375,bounded_core_residence,escaped,True,False,1,0,0.012157544208025412,0.011207419326675964,0.004284339756439427,-0.3301074616281862,-0.9371766124472372,-0.11282313973346286
0,10,1.457732450100625,1.2321308014259056,6.1004348568114235,0.009805408172979112,0.014999999999999998,30.15625,0.15625,30.15625,30.3125,bounded_core_residence,escaped,True,False,1,0,-0.004209622888454074,0.01707141039055657,0.003462954208898271,-0.3301074616281862,-0.9371766124472372,-0.11282313973346286
0,11,1.457732450100625,1.2321308014259056,2.9888010024663316,0.011991219331984245,0.014999999999999998,14.53125,0.15625,14.53125,14.6875,bounded_core_residence,escaped,True,False,1,0,0.01619836214030203,0.01031444399090893,-0.00012103800140887385,-0.3301074616281862,-0.9371766124472372,-0.11282313973346286
0,12,1.457732450100625,1.2321308014259056,0.7516918299293118,0.008136560169195855,0.014999999999999998,31.71875,0.15625,31.71875,31.875,bounded_core_residence,escaped,True,False,1,0,-0.0004465329077893831,0.01662369693609324,-0.003828435702232673,-0.3301074616281862,-0.9371766124472372,-0.11282313973346286
0,13,1.457732450100625,1.2321308014259056,0.8156720429478449,0.011003480952367821,0.014999999999999998,21.5625,0.15625,21.5625,21.71875,bounded_core_residence,escaped,True,False,1,0,-0.0018612393224789227,0.017415827328064626,-0.006269078060816996,-0.3301074616281862,-0.9371766124472372,-0.11282313973346286
0,14,1.457732450100625,1.2321308014259056,4.342712506600791,0.00910614588083791,0.014999999999999998,22.8125,0.15625,22.8125,22.96875,bounded_core_residence,escaped,True,False,1,0,0.007736634256951818,0.01206099419842536,0.010129106679407154,-0.3301074616281862,-0.9371766124472372,-0.11282313973346286
0,15,1.457732450100625,1.2321308014259056,1.1479125477268195,0.006002621039828125,0.014999999999999998,31.71875,0.15625,31.71875,31.875,bounded_core_residence,escaped,True,False,1,0,0.0028332869730493863,0.015458567794944096,-0.0037465485456955085,-0.3301074616281862,-0.9371766124472372,-0.11282313973346286
0,16,1.457732450100625,1.2321308014259056,6.013249811893112,0.005752939755413158,0.014999999999999998,32.65625,0.15625,32.65625,32.8125,bounded_core_residence,escaped,True,False,1,0,-0.000335566494228748,0.015736475298295447,0.0032166840291675157,-0.3301074616281862,-0.9371766124472372,-0.11282313973346286
0,17,1.457732450100625,1.2321308014259056,0.11339549664687432,0.008342107740171254,0.014999999999999998,31.875,0.15625,31.875,32.03125,bounded_core_residence,escaped,True,False,1,0,-0.0028307400663788876,0.016911785496670575,0.0007544425358005123,-0.3301074616281862,-0.9371766124472372,-0.11282313973346286
0,18,1.457732450100625,1.2321308014259056,3.5394254960495157,0.010237355989069944,0.014999999999999998,17.5,0.15625,17.5,17.65625,bounded_core_residence,escaped,True,False,1,0,0.013704713885099373,0.010500066860393448,0.005633193668051714,-0.3301074616281862,-0.9371766124472372,-0.11282313973346286
0,19,1.457732450100625,1.2321308014259056,4.35560878643774,0.010419433648110652,0.014999999999999998,20.9375,0.15625,20.9375,21.09375,bounded_core_residence,escaped,True,False,1,0,0.00801803103324346,0.011809685614223051,0.01139329195581937,-0.3301074616281862,-0.9371766124472372,-0.11282313973346286
0,20,1.457732450100625,1.2321308014259056,4.584765016542169,0.010770603037129253,0.014999999999999998,20.15625,0.15625,20.15625,20.3125,bounded_core_residence,escaped,True,False,1,0,0.005844172089761577,0.012465382098270233,0.01230714392183636,-0.3301074616281862,-0.9371766124472372,-0.11282313973346286
0,21,1.457732450100625,1.2321308014259056,0.14215538780527315,0.010995496370890898,0.014999999999999998,26.09375,0.15625,26.09375,26.25,bounded_core_residence,escaped,True,False,1,0,-0.005256323723360913,0.017839594329112158,0.00014448366764939252,-0.3301074616281862,-0.9371766124472372,-0.11282313973346286
0,22,1.457732450100625,1.2321308014259056,4.278136046901158,0.01183878602430233,0.014999999999999998,18.59375,0.15625,18.59375,18.75,bounded_core_residence,escaped,True,False,1,0,0.009247085860703008,0.01125993979912956,0.012363737838290687,-0.3301074616281862,-0.9371766124472372,-0.11282313973346286
0,23,1.457732450100625,1.2321308014259056,1.7311722642766951,0.007159025518739635,0.014999999999999998,28.28125,0.15625,28.28125,28.4375,bounded_core_residence,escaped,True,False,1,0,0.0062947945384678235,0.01442988765886365,-0.005329685755184394,-0.3301074616281862,-0.9371766124472372,-0.11282313973346286
0,24,1.457732450100625,1.2321308014259056,2.162321263856304,0.009689973344866924,0.014999999999999998,21.71875,0.15625,21.71875,21.875,bounded_core_residence,escaped,True,False,1,0,0.010349586105921574,0.013118438934103903,-0.006299857997807048,-0.3301074616281862,-0.9371766124472372,-0.11282313973346286
1,0,1.3384844104219924,0.8609172676841867,3.6102252252557068,0.011572120591011571,0.014999999999999998,18.59375,0.15625,18.59375,18.75,bounded_core_residence,escaped,True,False,1,0,0.0165597587368763,0.003429428072736063,0.008539753429888525,-0.6342341256142944,-0.738066505184506,-0.23022794754547254
1,1,1.3384844104219924,0.8609172676841867,4.0369040220621315,0.010810477261744616,0.014999999999999998,20.78125,0.15625,20.78125,20.9375,bounded_core_residence,escaped,True,False,1,0,0.013374318861977173,0.0051923877198389624,0.011663323856076553,-0.6342341256142944,-0.738066505184506,-0.23022794754547254
1,2,1.3384844104219924,0.8609172676841867,4.07089128417928,0.010338564827621974,0.014999999999999998,21.71875,0.15625,21.71875,21.875,bounded_core_residence,escaped,True,False,1,0,0.01296275094685849,0.0055925828707632875,0.011514166379651917,-0.6342341256142944,-0.738066505184506,-0.23022794754547254
1,3,1.3384844104219924,0.8609172676841867,1.3882826473355971,0.008610681950877998,0.014999999999999998,29.0625,0.15625,29.0625,29.21875,bounded_core_residence,escaped,True,False,1,0,0.0095987442113243,0.013568151614489727,-0.004786775009436327,-0.6342341256142944,-0.738066505184506,-0.23022794754547254
1,4,1.3384844104219924,0.8609172676841867,3.5294555714064324,0.009079762906025583,0.014999999999999998,20.15625,0.15625,20.15625,20.3125,bounded_core_residence,escaped,True,False,1,0,0.015373164497659228,0.004993264839356628,0.006795234653902162,-0.6342341256142944,-0.738066505184506,-0.23022794754547254
1,5,1.3384844104219924,0.8609172676841867,5.555372733964005,0.009244635305516606,0.014999999999999998,27.34375,0.15625,27.34375,27.5,bounded_core_residence,escaped,True,False,1,0,0.003355715213397013,0.014495682039108528,0.009438096183004617,-0.6342341256142944,-0.738066505184506,-0.23022794754547254
1,6,1.3384844104219924,0.8609172676841867,1.5845506041367028,0.007112807417152141,0.014999999999999998,31.71875,0.15625,31.71875,31.875,bounded_core_residence,escaped,True,False,1,0,0.010654879311340794,0.012249118698326946,-0.0034676602095005745,-0.6342341256142944,-0.738066505184506,-0.23022794754547254
1,7,1.3384844104219924,0.8609172676841867,3.757954140943534,0.011277593565565446,0.014999999999999998,20.78125,0.15625,20.78125,20.9375,bounded_core_residence,escaped,True,False,1,0,0.015514758336672384,0.0039350730782532145,0.009797529803656871,-0.6342341256142944,-0.738066505184506,-0.23022794754547254
1,8,1.3384844104219924,0.8609172676841867,5.857332057053818,0.005673200987896912,0.014999999999999998,27.8125,0.15625,27.8125,27.96875,bounded_core_residence,escaped,True,False,1,0,0.005243368318074335,0.014029004299267905,0.005734050618996258,-0.6342341256142944,-0.738066505184506,-0.23022794754547254
1,9,1.3384844104219924,0.8609172676841867,5.642506708043221,0.011471443061001408,0.014999999999999998,21.40625,0.15625,21.40625,21.5625,bounded_core_residence,escaped,True,False,1,0,0.0015095999821860637,0.015867453860427528,0.010126155330765208,-0.6342341256142944,-0.738066505184506,-0.23022794754547254
1,10,1.3384844104219924,0.8609172676841867,5.063935144159541,0.007612563582663279,0.014999999999999998,27.34375,0.15625,27.34375,27.5,bounded_core_residence,escaped,True,False,1,0,0.006452946498908133,0.011531498082557016,0.010408417639310224,-0.6342341256142944,-0.738066505184506,-0.23022794754547254
1,11,1.3384844104219924,0.8609172676841867,4.021469105815741,0.009630185952871633,0.014999999999999998,23.75,0.15625,23.75,23.90625,bounded_core_residence,escaped,True,False,1,0,0.013054306042690377,0.005775469142933517,0.010675651334213122,-0.6342341256142944,-0.738066505184506,-0.23022794754547254
1,12,1.3384844104219924,0.8609172676841867,3.4912964742327794,0.006156418542109298,0.014999999999999998,24.6875,0.15625,24.6875,24.84375,bounded_core_residence,escaped,True,False,1,0,0.0135836783579905,0.006933138661213673,0.005506065731234226,-0.6342341256142944,-0.738066505184506,-0.23022794754547254
1,13,1.3384844104219924,0.8609172676841867,5.928596533106158,0.008097158799121503,0.014999999999999998,22.96875,0.15625,22.96875,23.125,bounded_core_residence,escaped,True,False,1,0,0.0033325018284523604,0.015529049125524077,0.006189268570567305,-0.6342341256142944,-0.738066505184506,-0.23022794754547254
1,14,1.3384844104219924,0.8609172676841867,6.15989471912206,0.009778368082671574,0.014999999999999998,17.8125,0.15625,17.8125,17.96875,bounded_core_residence,escaped,True,False,1,0,0.001973055705754647,0.017185617477757004,0.004623644174286348,-0.6342341256142944,-0.738066505184506,-0.23022794754547254
1,15,1.3384844104219924,0.8609172676841867,3.6737417931433587,0.010952342126909062,0.014999999999999998,19.84375,0.15625,19.84375,20.0,bounded_core_residence,escaped,True,False,1,0,0.0158377175832477,0.003949618659346769,0.008861208284646812,-0.6342341256142944,-0.738066505184506,-0.23022794754547254
1,16,1.3384844104219924,0.8609172676841867,0.7485371591533894,0.011893524232240755,0.014999999999999998,10.15625,0.15625,10.15625,10.3125,bounded_core_residence,escaped,True,False,1,0,0.004118851568690432,0.018163802766236505,-0.004423488384437499,-0.6342341256142944,-0.738066505184506,-0.23022794754547254
1,17,1.3384844104219924,0.8609172676841867,2.4016109536076593,0.005976897558490306,0.014999999999999998,24.53125,0.15625,24.53125,24.6875,bounded_core_residence,escaped,True,False,1,0,0.013465844946341916,0.008898029899824847,-0.0004683889490458095,-0.6342341256142944,-0.738066505184506,-0.23022794754547254
1,18,1.3384844104219924,0.8609172676841867,2.7110119428633666,0.009161097396084384,0.014999999999999998,12.96875,0.15625,12.96875,13.125,bounded_core_residence,escaped,True,False,1,0,0.01640122102712522,0.006313002200323389,-0.0002676892576134898,-0.6342341256142944,-0.738066505184506,-0.23022794754547254
1,19,1.3384844104219924,0.8609172676841867,3.398256506248853,0.00728694950546652,0.014999999999999998,21.25,0.15625,21.25,21.40625,bounded_core_residence,escaped,True,False,1,0,0.014581622674722173,0.006154353060685261,0.0052535560976999995,-0.6342341256142944,-0.738066505184506,-0.23022794754547254
1,20,1.3384844104219924,0.8609172676841867,0.4846930011680369,0.008661238383929569,0.014999999999999998,12.96875,0.15625,12.96875,13.125,bounded_core_residence,escaped,True,False,1,0,0.004306647677323434,0.016770372290763984,-0.00047376086355359467,-0.6342341256142944,-0.738066505184506,-0.23022794754547254
1,21,1.3384844104219924,0.8609172676841867,2.332598563578699,0.0028029538309723915,0.014999999999999998,33.125,0.15625,33.125,33.28125,bounded_core_residence,escaped,True,False,1,0,0.011285176589252904,0.010164241887439822,0.0014797048291989578,-0.6342341256142944,-0.738066505184506,-0.23022794754547254
1,22,1.3384844104219924,0.8609172676841867,0.05208746181120221,0.006314908260865643,0.014999999999999998,20.46875,0.15625,20.46875,20.625,bounded_core_residence,escaped,True,False,1,0,0.004779857143488759,0.015238516409687151,0.0031334724608146755,-0.6342341256142944,-0.738066505184506,-0.23022794754547254
1,23,1.3384844104219924,0.8609172676841867,4.1758743088891235,0.01102032016876803,0.014999999999999998,19.84375,0.15625,19.84375,20.0,bounded_core_residence,escaped,True,False,1,0,0.012364528141126131,0.005745826350783763,0.012670887104543796,-0.6342341256142944,-0.738066505184506,-0.23022794754547254
1,24,1.3384844104219924,0.8609172676841867,0.031942780962296156,0.011089663848574084,0.014999999999999998,15.15625,0.15625,15.15625,15.3125,bounded_core_residence,escaped,True,False,1,0,0.0011600936425188533,0.018356754732177252,0.0031087590317755796,-0.6342341256142944,-0.738066505184506,-0.23022794754547254
2,0,1.5673420794615047,0.24216107092987377,2.3335629129266713,0.01126624283950639,0.015,18.28125,0.15625,18.28125,18.4375,bounded_core_residence,escaped,True,False,1,0,0.016456197202358972,-0.003953251066481173,-0.008092812079936569,-0.9708162229988772,-0.23979976935979364,-0.0034542404641504207
2,1,1.5673420794615047,0.24216107092987377,4.836434255774384,0.006654951477240882,0.015,27.8125,0.15625,27.8125,27.96875,bounded_core_residence,escaped,True,False,1,0,0.014342645486526723,0.0043909010970434,0.006655590670122996,-0.9708162229988772,-0.23979976935979364,-0.0034542404641504207
2,2,1.5673420794615047,0.24216107092987377,3.6714546425288703,0.011164492757390117,0.015,20.46875,0.15625,20.46875,20.625,bounded_core_residence,escaped,True,False,1,0,0.016853465394519068,-0.00576017109690574,0.005694473782531305,-0.9708162229988772,-0.23979976935979364,-0.0034542404641504207
2,3,1.5673420794615047,0.24216107092987377,0.6981352261481493,0.009262756590693439,0.015,19.6875,0.15625,19.6875,19.84375,bounded_core_residence,escaped,True,False,1,0,0.012880661520300932,0.010490553528853759,-0.005902161054743217,-0.9708162229988772,-0.23979976935979364,-0.0034542404641504207
2,4,1.5673420794615047,0.24216107092987377,3.1419771610558054,0.009118748611815526,0.015,28.90625,0.15625,28.90625,29.0625,bounded_core_residence,escaped,True,False,1,0,0.016748918284903318,-0.0052556876095732515,5.531981287996921e-05,-0.9708162229988772,-0.23979976935979364,-0.0034542404641504207
2,5,1.5673420794615047,0.24216107092987377,4.329345502260524,0.007699979287429612,0.015,28.4375,0.15625,28.4375,28.59375,bounded_core_residence,escaped,True,False,1,0,0.015228400083660993,0.0007972202291118189,0.007193743936580856,-0.9708162229988772,-0.23979976935979364,-0.0034542404641504207
2,6,1.5673420794615047,0.24216107092987377,3.6681347231975345,0.0077101645391269335,0.015,29.6875,0.15625,29.6875,29.84375,bounded_core_residence,escaped,True,False,1,0,0.01614772196903249,-0.002877540541828219,0.003926508991632498,-0.9708162229988772,-0.23979976935979364,-0.0034542404641504207
2,7,1.5673420794615047,0.24216107092987377,3.28827306748926,0.003399728352453034,0.015,33.59375,0.15625,33.59375,33.75,bounded_core_residence,escaped,True,False,1,0,0.015367081501877728,0.0003314959116308795,0.0005486979548826477,-0.9708162229988772,-0.23979976935979364,-0.0034542404641504207
2,8,1.5673420794615047,0.24216107092987377,2.6455768397669925,0.011423703739881868,0.015,19.6875,0.15625,19.6875,19.84375,bounded_core_residence,escaped,True,False,1,0,0.016989754367684507,-0.006152333428120448,-0.005384983477371854,-0.9708162229988772,-0.23979976935979364,-0.0034542404641504207
2,9,1.5673420794615047,0.24216107092987377,4.82911550202721,0.010670339181149385,0.015,21.71875,0.15625,21.71875,21.875,bounded_core_residence,escaped,True,False,1,0,0.014228706973099567,0.004794644201450095,0.010649479944858363,-0.9708162229988772,-0.23979976935979364,-0.0034542404641504207
2,10,1.5673420794615047,0.24216107092987377,1.6244935992164584,0.007591517975559519,0.015,27.65625,0.15625,27.65625,27.8125,bounded_core_residence,escaped,True,False,1,0,0.014685370951972409,0.0032077163391254545,-0.007528717092833008,-0.9708162229988772,-0.23979976935979364,-0.0034542404641504207
2,11,1.5673420794615047,0.24216107092987377,5.213385890571066,0.011485933590554746,0.015,19.0625,0.15625,19.0625,19.21875,bounded_core_residence,escaped,True,False,1,0,0.013205549164431231,0.00894438143520242,0.010126113887075818,-0.9708162229988772,-0.23979976935979364,-0.0034542404641504207
2,12,1.5673420794615047,0.24216107092987377,4.333593408520199,0.00394790825843047,0.015,31.875,0.15625,31.875,32.03125,bounded_core_residence,escaped,True,False,1,0,0.01490003885260873,0.0021766132362856946,0.0037198355645592404,-0.9708162229988772,-0.23979976935979364,-0.0034542404641504207
2,13,1.5673420794615047,0.24216107092987377,2.9323713358643606,0.01165609250925408,0.015,23.4375,0.15625,23.4375,23.59375,bounded_core_residence,escaped,True,False,1,0,0.017304552969820582,-0.0074702208522142675,-0.0023691220986065396,-0.9708162229988772,-0.23979976935979364,-0.0034542404641504207
2,14,1.5673420794615047,0.24216107092987377,4.2671874124517135,0.008037646336006883,0.015,28.28125,0.15625,28.28125,28.4375,bounded_core_residence,escaped,True,False,1,0,0.015367948039835096,0.00023065185546057186,0.00730593809097956,-0.9708162229988772,-0.23979976935979364,-0.0034542404641504207
2,15,1.5673420794615047,0.24216107092987377,3.175410093919699,0.005960759666515466,0.015,31.71875,0.15625,31.71875,31.875,bounded_core_residence,escaped,True,False,1,0,0.015990147548381062,-0.0021866984565112194,0.0002533516197938485,-0.9708162229988772,-0.23979976935979364,-0.0034542404641504207
2,16,1.5673420794615047,0.24216107092987377,3.8583381387232047,0.007518355172781437,0.015,29.53125,0.15625,29.53125,29.6875,bounded_core_residence,escaped,True,False,1,0,0.015904980752223373,-0.0019101475348621555,0.0049908504456208065,-0.9708162229988772,-0.23979976935979364,-0.0034542404641504207
2,17,1.5673420794615047,0.24216107092987377,2.758779394760355,0.011168651452032156,0.015,23.28125,0.15625,23.28125,23.4375,bounded_core_residence,escaped,True,False,1,0,0.01706063049125686,-0.006457493141602821,-0.004120005439793659,-0.9708162229988772,-0.23979976935979364,-0.0034542404641504207
2,18,1.5673420794615047,0.24216107092987377,2.167654097931804,0.005607310302195413,0.015,30.78125,0.15625,30.78125,30.9375,bounded_core_residence,escaped,True,False,1,0,0.01533354590358432,0.0005412266200355981,-0.00458599744805251,-0.9708162229988772,-0.23979976935979364,-0.0034542404641504207
2,19,1.5673420794615047,0.24216107092987377,1.2852710488468955,0.0050885675286682155,0.015,29.21875,0.15625,29.21875,29.375,bounded_core_residence,escaped,True,False,1,0,0.014234920822326538,0.004992475028358835,-0.004830708205545472,-0.9708162229988772,-0.23979976935979364,-0.0034542404641504207
2,20,1.5673420794615047,0.24216107092987377,1.3428757155554447,0.011987746776085098,0.015,19.53125,0.15625,19.53125,19.6875,bounded_core_residence,escaped,True,False,1,0,0.013951864080395825,0.006236296483506191,-0.011625840512389105,-0.9708162229988772,-0.23979976935979364,-0.0034542404641504207
2,21,1.5673420794615047,0.24216107092987377,0.7458350749719469,0.009876590887912418,0.015,18.59375,0.15625,18.59375,18.75,bounded_core_residence,escaped,True,False,1,0,0.012845064385681771,0.010645442665603268,-0.006650257058808928,-0.9708162229988772,-0.23979976935979364,-0.0034542404641504207
2,22,1.5673420794615047,0.24216107092987377,1.563952858172982,0.004032964784640182,0.015,30.9375,0.15625,30.9375,31.09375,bounded_core_residence,escaped,True,False,1,0,0.014569149051009542,0.003627131053906585,-0.0039810326802730564,-0.9708162229988772,-0.23979976935979364,-0.0034542404641504207
2,23,1.5673420794615047,0.24216107092987377,4.3424892640993,0.010749335263371589,0.015,19.84375,0.15625,19.84375,20.0,bounded_core_residence,escaped,True,False,1,0,0.015460530423122879,-0.00018403652891961367,0.010074042793043867,-0.9708162229988772,-0.23979976935979364,-0.0034542404641504207
2,24,1.5673420794615047,0.24216107092987377,2.0406004369780724,0.011496485559110998,0.015,18.125,0.15625,18.125,18.28125,bounded_core_residence,escaped,True,False,1,0,0.015844686897978667,-0.0014472454635285651,-0.010199046910577818,-0.9708162229988772,-0.23979976935979364,-0.0034542404641504207
3,0,0.40060196789834845,1.0446245108769725,2.34855743365393,0.011455008240115718,0.015,13.90625,0.15625,13.90625,14.0625,bounded_core_residence,escaped,True,False,1,0,0.013662825386077503,0.007520346138822753,0.010629619475925224,-0.19585469736270542,-0.33722345787890873,-0.9208264097956547
3,1,0.40060196789834845,1.0446245108769725,1.1490212136458882,0.009591573082704967,0.015,15.46875,0.15625,15.46875,15.625,bounded_core_residence,escaped,True,False,1,0,0.0035893642990630532,0.013998573804924645,0.010399743725571299,-0.19585469736270542,-0.33722345787890873,-0.9208264097956547
3,2,0.40060196789834845,1.0446245108769725,3.2320463914669153,0.0044112695902484055,0.015,33.59375,0.15625,33.59375,33.75,bounded_core_residence,escaped,True,False,1,0,0.0065525308158797604,0.002534659849933235,0.013967789329379681,-0.19585469736270542,-0.33722345787890873,-0.9208264097956547
3,3,0.40060196789834845,1.0446245108769725,0.49608312621149986,0.004492655113985619,0.015,30.78125,0.15625,30.78125,30.9375,bounded_core_residence,escaped,True,False,1,0,0.0005101254000736302,0.008745465343557038,0.012978465162493739,-0.19585469736270542,-0.33722345787890873,-0.9208264097956547
3,4,0.40060196789834845,1.0446245108769725,3.926211440500915,0.010547372513628025,0.015,23.125,0.15625,23.125,23.28125,bounded_core_residence,escaped,True,False,1,0,0.0059457297566430966,-0.004624291283144046,0.016718591290262548,-0.19585469736270542,-0.33722345787890873,-0.9208264097956547
3,5,0.40060196789834845,1.0446245108769725,3.1936497433537285,0.005094170316300219,0.015,32.65625,0.15625,32.65625,32.8125,bounded_core_residence,escaped,True,False,1,0,0.007214381308162573,0.002292323429537223,0.013915765406412378,-0.19585469736270542,-0.33722345787890873,-0.9208264097956547
3,6,0.40060196789834845,1.0446245108769725,5.656352262757171,0.0064959979078524875,0.015,34.53125,0.15625,34.53125,34.6875,bounded_core_residence,escaped,True,False,1,0,-0.003373779392984471,0.004666439453861158,0.015298364103712044,-0.19585469736270542,-0.33722345787890873,-0.9208264097956547
3,7,0.40060196789834845,1.0446245108769725,4.699890496061554,0.010183532300491974,0.015,20.3125,0.15625,20.3125,20.46875,bounded_core_residence,escaped,True,False,1,0,-0.0016612648079522,-0.003113795110485279,0.017783385767702976,-0.19585469736270542,-0.33722345787890873,-0.9208264097956547
3,8,0.40060196789834845,1.0446245108769725,0.42193692947696915,0.00790170962073179,0.015,23.125,0.15625,23.125,23.28125,bounded_core_residence,escaped,True,False,1,0,-0.0017992902746412492,0.011255472225519286,0.01255045474947066,-0.19585469736270542,-0.33722345787890873,-0.9208264097956547
3,9,0.40060196789834845,1.0446245108769725,2.537698766953808,0.007494797635258253,0.015,23.125,0.15625,23.125,23.28125,bounded_core_residence,escaped,True,False,1,0,0.010240763366154551,0.005348897322972112,0.012152697424860102,-0.19585469736270542,-0.33722345787890873,-0.9208264097956547
3,10,0.40060196789834845,1.0446245108769725,2.4639081778043828,0.011759006705726223,0.015,13.125,0.15625,13.125,13.28125,bounded_core_residence,escaped,True,False,1,0,0.014268949901352548,0.006328408947205712,0.010937209315677017,-0.19585469736270542,-0.33722345787890873,-0.9208264097956547
3,11,0.40060196789834845,1.0446245108769725,1.0996558933376308,0.01172839730311917,0.015,13.125,0.15625,13.125,13.28125,bounded_core_residence,escaped,True,False,1,0,0.0031673764168575116,0.016053501469581427,0.009736946158826948,-0.19585469736270542,-0.33722345787890873,-0.9208264097956547
3,12,0.40060196789834845,1.0446245108769725,5.872784396327424,0.007892806951562348,0.015,32.1875,0.15625,32.1875,32.34375,bounded_core_residence,escaped,True,False,1,0,-0.004776936397565461,0.006185666717817157,0.015040439072192486,-0.19585469736270542,-0.33722345787890873,-0.9208264097956547
3,13,0.40060196789834845,1.0446245108769725,0.6388408308002494,0.011085597629238188,0.015,11.875,0.15625,11.875,12.03125,bounded_core_residence,escaped,True,False,1,0,-0.0017009286901149322,0.01479117925492841,0.011234693259590612,-0.19585469736270542,-0.33722345787890873,-0.9208264097956547
3,14,0.40060196789834845,1.0446245108769725,0.14598863655447517,0.009857855013782208,0.015,18.4375,0.15625,18.4375,18.59375,bounded_core_residence,escaped,True,False,1,0,-0.004832757844983921,0.01109844110093359,0.013253164234008623,-0.19585469736270542,-0.33722345787890873,-0.9208264097956547
3,15,0.40060196789834845,1.0446245108769725,1.4998012526568407,0.01158443257478507,0.015,15.78125,0.15625,15.78125,15.9375,bounded_core_residence,escaped,True,False,1,0,0.007571108638345401,0.014672174636153078,0.009306163737670825,-0.19585469736270542,-0.33722345787890873,-0.9208264097956547
3,16,0.40060196789834845,1.0446245108769725,0.12983448937754366,0.011151919692611633,0.015,15.9375,0.15625,15.9375,16.09375,bounded_core_residence,escaped,True,False,1,0,-0.005956757251204279,0.011761691774492076,0.013249338190359918,-0.19585469736270542,-0.33722345787890873,-0.9208264097956547
3,17,0.40060196789834845,1.0446245108769725,1.2194093573531744,0.009149337875819483,0.015,16.40625,0.15625,16.40625,16.5625,bounded_core_residence,escaped,True,False,1,0,0.0041872801465720755,0.01348016317703924,0.010462421768425495,-0.19585469736270542,-0.33722345787890873,-0.9208264097956547
3,18,0.40060196789834845,1.0446245108769725,4.809669125674481,0.009509390921957734,0.015,21.40625,0.15625,21.40625,21.5625,bounded_core_residence,escaped,True,False,1,0,-0.0022378184729933866,-0.0020140421795764385,0.017503265932031904,-0.19585469736270542,-0.33722345787890873,-0.9208264097956547
3,19,0.40060196789834845,1.0446245108769725,2.606750566797005,0.010417006733432007,0.015,14.53125,0.15625,14.53125,14.6875,bounded_core_residence,escaped,True,False,1,0,0.013143309469951445,0.004785151036856123,0.01174179607283005,-0.19585469736270542,-0.33722345787890873,-0.9208264097956547
3,20,0.40060196789834845,1.0446245108769725,5.509402089549634,0.007610511509008547,0.015,34.84375,0.15625,34.84375,35.0,bounded_core_residence,escaped,True,False,1,0,-0.004229091992818519,0.0035572323227245333,0.015886496295508132,-0.19585469736270542,-0.33722345787890873,-0.9208264097956547
3,21,0.40060196789834845,1.0446245108769725,4.936953797713378,0.00781680764795895,0.015,26.40625,0.15625,26.40625,26.5625,bounded_core_residence,escaped,True,False,1,0,-0.0020916142661028423,-0.000135458429679422,0.01678419740651466,-0.19585469736270542,-0.33722345787890873,-0.9208264097956547
3,22,0.40060196789834845,1.0446245108769725,6.001677862414155,0.01032664912436853,0.015,19.6875,0.15625,19.6875,19.84375,bounded_core_residence,escaped,True,False,1,0,-0.006967215656932175,0.007756192606809108,0.014931144107994544,-0.19585469736270542,-0.33722345787890873,-0.9208264097956547
3,23,0.40060196789834845,1.0446245108769725,3.1981026222542717,0.006931378806555465,0.015,30.78125,0.15625,30.78125,30.9375,bounded_core_residence,escaped,True,False,1,0,0.008741018779427345,0.0012710581193801549,0.013965064056953785,-0.19585469736270542,-0.33722345787890873,-0.9208264097956547
3,24,0.40060196789834845,1.0446245108769725,2.2588366486638662,0.011339930710404431,0.015,14.375,0.15625,14.375,14.53125,bounded_core_residence,escaped,True,False,1,0,0.013216084163428937,0.008417094787076735,0.0103962331277873,-0.19585469736270542,-0.33722345787890873,-0.9208264097956547
4,0,1.146840186104423,0.13255032373604866,4.255217032300519,0.011136704156457844,0.015,16.40625,0.15625,16.40625,16.5625,bounded_core_residence,escaped,True,False,1,0,0.010127032342989964,-0.003609122530667648,0.015278862194258044,-0.9034732935484739,-0.1204619944927981,-0.4113695610123457
4,1,1.146840186104423,0.13255032373604866,3.6152250438770714,0.009740470570238285,0.015,20.78125,0.15625,20.78125,20.9375,bounded_core_residence,escaped,True,False,1,0,0.012886094830723394,-0.007026793575882624,0.010220053766258601,-0.9034732935484739,-0.1204619944927981,-0.4113695610123457
4,2,1.146840186104423,0.13255032373604866,4.286793872153064,0.009687019690540493,0.015,18.75,0.15625,18.75,18.90625,bounded_core_residence,escaped,True,False,1,0,0.01048304820580908,-0.0026370769925549847,0.014212314228687014,-0.9034732935484739,-0.1204619944927981,-0.4113695610123457
4,3,1.146840186104423,0.13255032373604866,4.140363382162882,0.008671933072067853,0.015,21.25,0.15625,21.25,21.40625,bounded_core_residence,escaped,True,False,1,0,0.011199372403646234,-0.0032427399232921976,0.012816439394806901,-0.9034732935484739,-0.1204619944927981,-0.4113695610123457
4,4,1.146840186104423,0.13255032373604866,5.710096374691633,0.002941781233984381,0.015,31.5625,0.15625,31.5625,31.71875,bounded_core_residence,escaped,True,False,1,0,0.012574994945731855,0.004170297712378257,0.007624447254298085,-0.9034732935484739,-0.1204619944927981,-0.4113695610123457
4,5,1.146840186104423,0.13255032373604866,1.0998252526539956,0.006515126154699295,0.015,32.34375,0.15625,32.34375,32.5,bounded_core_residence,escaped,True,False,1,0,0.015528777831798958,0.005052896698186629,0.0008787279554735442,-0.9034732935484739,-0.1204619944927981,-0.4113695610123457
4,6,1.146840186104423,0.13255032373604866,6.258453873448325,0.006231401324511117,0.015,27.03125,0.15625,27.03125,27.1875,bounded_core_residence,escaped,True,False,1,0,0.012665959279884186,0.007973403056192587,0.006310996885669744,-0.9034732935484739,-0.1204619944927981,-0.4113695610123457
4,7,1.146840186104423,0.13255032373604866,5.142293074480975,0.008653961524502178,0.015,23.28125,0.15625,23.28125,23.4375,bounded_core_residence,escaped,True,False,1,0,0.00986775917370811,0.004954437423623782,0.013340612008924464,-0.9034732935484739,-0.1204619944927981,-0.4113695610123457
4,8,1.146840186104423,0.13255032373604866,3.391697649507253,0.010380530829685639,0.015,20.0,0.15625,20.0,20.15625,bounded_core_residence,escaped,True,False,1,0,0.01383369512657453,-0.008302084909480555,0.008512325511093741,-0.9034732935484739,-0.1204619944927981,-0.4113695610123457
4,9,1.146840186104423,0.13255032373604866,3.130303412437133,0.006792564347757834,0.015,29.53125,0.15625,29.53125,29.6875,bounded_core_residence,escaped,True,False,1,0,0.01448103226834986,-0.0049214524423586425,0.006100650843888957,-0.9034732935484739,-0.1204619944927981,-0.4113695610123457
4,10,1.146840186104423,0.13255032373604866,0.025452717793326862,0.01165470790609215,0.015,14.53125,0.15625,14.53125,14.6875,bounded_core_residence,escaped,True,False,1,0,0.012133229530336392,0.013371787641741822,0.005900190912560406,-0.9034732935484739,-0.1204619944927981,-0.4113695610123457
4,11,1.146840186104423,0.13255032373604866,3.971650794519301,0.005104230556145803,0.015,29.21875,0.15625,29.21875,29.375,bounded_core_residence,escaped,True,False,1,0,0.012471390573356958,-0.001812148099336148,0.0096038380870956,-0.9034732935484739,-0.1204619944927981,-0.4113695610123457
4,12,1.146840186104423,0.13255032373604866,0.8352162391582152,0.011289035799086796,0.015,19.21875,0.15625,19.21875,19.375,bounded_core_residence,escaped,True,False,1,0,0.015963975607801623,0.009770686256803066,-0.0014585959473746675,-0.9034732935484739,-0.1204619944927981,-0.4113695610123457
4,13,1.146840186104423,0.13255032373604866,1.4467166037937162,0.010443543244303145,0.015,27.34375,0.15625,27.34375,27.5,bounded_core_residence,escaped,True,False,1,0,0.017607009080575664,0.0036515271577135474,-0.0032752368080241684,-0.9034732935484739,-0.1204619944927981,-0.4113695610123457
4,14,1.146840186104423,0.13255032373604866,1.0304236092948142,0.011748471360797194,0.015,20.9375,0.15625,20.9375,21.09375,bounded_core_residence,escaped,True,False,1,0,0.016861294585752626,0.008345706593777483,-0.003012060035676595,-0.9034732935484739,-0.1204619944927981,-0.4113695610123457
4,15,1.146840186104423,0.13255032373604866,4.162827676430037,0.005526119195738571,0.015,28.4375,0.15625,28.4375,28.59375,bounded_core_residence,escaped,True,False,1,0,0.01201202781213047,-0.0013103190353271619,0.010465765391588598,-0.9034732935484739,-0.1204619944927981,-0.4113695610123457
4,16,1.146840186104423,0.13255032373604866,0.34380428254056794,0.009761338970770634,0.015,18.59375,0.15625,18.59375,18.75,bounded_core_residence,escaped,True,False,1,0,0.013679155293013629,0.011095296219586628,0.0031715691339665557,-0.9034732935484739,-0.1204619944927981,-0.4113695610123457
4,17,1.146840186104423,0.13255032373604866,3.4561866956326437,0.006451408205455436,0.015,28.75,0.15625,28.75,28.90625,bounded_core_residence,escaped,True,False,1,0,0.013548890270528077,-0.004382574634368448,0.00799007383224946,-0.9034732935484739,-0.1204619944927981,-0.4113695610123457
4,18,1.146840186104423,0.13255032373604866,0.9228677138808372,0.0033339763436545894,0.015,34.0625,0.15625,34.0625,34.21875,bounded_core_residence,escaped,True,False,1,0,0.014370115754161774,0.003945979753690422,0.0037475879249865857,-0.9034732935484739,-0.1204619944927981,-0.4113695610123457
4,19,1.146840186104423,0.13255032373604866,5.944803463272737,0.01190212341826574,0.015,15.78125,0.15625,15.78125,15.9375,bounded_core_residence,escaped,True,False,1,0,0.010457204401980199,0.012720827318536798,0.009771794629995226,-0.9034732935484739,-0.1204619944927981,-0.4113695610123457
4,20,1.146840186104423,0.13255032373604866,5.55205526984563,0.0031454136999154157,0.015,31.25,0.15625,31.25,31.40625,bounded_core_residence,escaped,True,False,1,0,0.012386248276252385,0.004013715817831977,0.008084835577569636,-0.9034732935484739,-0.1204619944927981,-0.4113695610123457
4,21,1.146840186104423,0.13255032373604866,1.5528402705050905,0.0055193856800722,0.015,34.375,0.15625,34.375,34.53125,bounded_core_residence,escaped,True,False,1,0,0.01578922965909647,0.0022051892757737395,0.001140607432777327,-0.9034732935484739,-0.1204619944927981,-0.4113695610123457
4,22,1.146840186104423,0.13255032373604866,4.924037644594658,0.008937075439726282,0.015,22.03125,0.15625,22.03125,22.1875,bounded_core_residence,escaped,True,False,1,0,0.009741099084540308,0.003192845522739753,0.014134639843605759,-0.9034732935484739,-0.1204619944927981,-0.4113695610123457
4,23,1.146840186104423,0.13255032373604866,3.3768888464153872,0.001293044848180972,0.015,34.375,0.15625,34.375,34.53125,two_core_entries,escaped,True,True,2,1,0.01359536348762392,0.0005441553991064867,0.006445304610366602,-0.9034732935484739,-0.1204619944927981,-0.4113695610123457
4,24,1.146840186104423,0.13255032373604866,2.6581450432677025,0.004538571592996641,0.015,33.59375,0.15625,33.59375,33.75,bounded_core_residence,escaped,True,False,1,0,0.014943433753463301,-0.0020615624935249955,0.004247632263497011,-0.9034732935484739,-0.1204619944927981,-0.4113695610123457
5,0,0.9404099994359895,0.6007277038522987,5.782454095357249,0.00943445638078336,0.015000000000000001,24.21875,0.15625,24.21875,24.375,bounded_core_residence,escaped,True,False,1,0,0.0031151984864098165,0.012167233100890924,0.012500517759667323,-0.6663738866297031,-0.4566031463468528,-0.5894568771031332
5,1,0.9404099994359895,0.6007277038522987,5.360459616401752,0.002072797472949142,0.015000000000000001,38.59375,0.15625,38.59375,38.75,bounded_core_residence,escaped,True,False,1,0,0.008484793436509314,0.007330625114633105,0.010176772825033643,-0.6663738866297031,-0.4566031463468528,-0.5894568771031332
5,2,0.9404099994359895,0.6007277038522987,1.2721812847231786,0.0015176643272956877,0.015000000000000001,38.75,0.15625,38.75,38.90625,bounded_core_residence,escaped,True,False,1,0,0.010448548171903452,0.0077006561335394835,0.007670139583002362,-0.6663738866297031,-0.4566031463468528,-0.5894568771031332
5,3,0.9404099994359895,0.6007277038522987,3.366424880500157,0.006348887364791806,0.015000000000000001,37.03125,0.15625,37.03125,37.1875,bounded_core_residence,escaped,True,False,1,0,0.012805683131661909,0.0012719057557587536,0.009985244416174823,-0.6663738866297031,-0.4566031463468528,-0.5894568771031332
5,4,0.9404099994359895,0.6007277038522987,3.675338032878462,0.011826674393847228,0.015000000000000001,18.90625,0.15625,18.90625,19.0625,bounded_core_residence,escaped,True,False,1,0,0.012824938651741178,-0.0035548321605126353,0.013702348123870663,-0.6663738866297031,-0.4566031463468528,-0.5894568771031332
5,5,0.9404099994359895,0.6007277038522987,0.5505177190124706,0.005263932825716122,0.015000000000000001,30.625,0.15625,30.625,30.78125,bounded_core_residence,escaped,True,False,1,0,0.008798825260403076,0.011467328753989738,0.006617403877538732,-0.6663738866297031,-0.4566031463468528,-0.5894568771031332
5,6,0.9404099994359895,0.6007277038522987,4.703123102654093,0.010031279572445508,0.015000000000000001,15.0,0.15625,15.0,15.15625,bounded_core_residence,escaped,True,False,1,0,0.005170571341459078,0.0034302309715448505,0.016944771386634257,-0.6663738866297031,-0.4566031463468528,-0.5894568771031332
5,7,0.9404099994359895,0.6007277038522987,0.5561488924188213,0.008960157250167144,0.015000000000000001,14.0625,0.15625,14.0625,14.21875,bounded_core_residence,escaped,True,False,1,0,0.007994330571537043,0.014702619216174976,0.005020765364451261,-0.6663738866297031,-0.4566031463468528,-0.5894568771031332
5,8,0.9404099994359895,0.6007277038522987,1.0269966515658364,0.00421013598127963,0.015000000000000001,34.375,0.15625,34.375,34.53125,bounded_core_residence,escaped,True,False,1,0,0.010516244290638155,0.009846380249529024,0.00593149618411498,-0.6663738866297031,-0.4566031463468528,-0.5894568771031332
5,9,0.9404099994359895,0.6007277038522987,3.818870196323814,0.0040872457608287106,0.015000000000000001,38.4375,0.15625,38.4375,38.59375,bounded_core_residence,escaped,True,False,1,0,0.010550487406928492,0.003368153718740322,0.010910927270978912,-0.6663738866297031,-0.4566031463468528,-0.5894568771031332
5,10,0.9404099994359895,0.6007277038522987,3.1830665045860096,0.009822837044195462,0.015000000000000001,20.3125,0.15625,20.3125,20.46875,bounded_core_residence,escaped,True,False,1,0,0.01534508286912435,-0.0013827819506950344,0.009170849110816132,-0.6663738866297031,-0.4566031463468528,-0.5894568771031332
5,11,0.9404099994359895,0.6007277038522987,2.2905317824927005,0.011297405958350909,0.015000000000000001,10.0,0.15625,10.0,10.15625,bounded_core_residence,escaped,True,False,1,0,0.01833598616622399,0.003536320293746426,0.0019792502317449107,-0.6663738866297031,-0.4566031463468528,-0.5894568771031332
5,12,0.9404099994359895,0.6007277038522987,6.277218151759548,0.004398073215279791,0.015000000000000001,33.90625,0.15625,33.90625,34.0625,bounded_core_residence,escaped,True,False,1,0,0.007496911537890569,0.01046831688269942,0.008863052918909774,-0.6663738866297031,-0.4566031463468528,-0.5894568771031332
5,13,0.9404099994359895,0.6007277038522987,3.647432213820035,0.010744828189463105,0.015000000000000001,22.1875,0.15625,22.1875,22.34375,bounded_core_residence,escaped,True,False,1,0,0.01277684531411441,-0.0026392842553957345,0.013047518356357802,-0.6663738866297031,-0.4566031463468528,-0.5894568771031332
5,14,0.9404099994359895,0.6007277038522987,3.373839729020242,0.008219502951799785,0.015000000000000001,30.46875,0.15625,30.46875,30.625,bounded_core_residence,escaped,True,False,1,0,0.013596964784558765,-0.00037971325473746664,0.010370081738650418,-0.6663738866297031,-0.4566031463468528,-0.5894568771031332
5,15,0.9404099994359895,0.6007277038522987,3.5998203039151853,0.006779472101026594,0.015000000000000001,36.5625,0.15625,36.5625,36.71875,bounded_core_residence,escaped,True,False,1,0,0.01197406706383013,0.0008342205961028755,0.011264414583835869,-0.6663738866297031,-0.4566031463468528,-0.5894568771031332
5,16,0.9404099994359895,0.6007277038522987,5.4438286503214055,0.005891443058845336,0.015000000000000001,32.65625,0.15625,32.65625,32.8125,bounded_core_residence,escaped,True,False,1,0,0.005639306139884834,0.008634388523850654,0.012383644955967943,-0.6663738866297031,-0.4566031463468528,-0.5894568771031332
5,17,0.9404099994359895,0.6007277038522987,0.03431424481171415,0.007981978564033388,0.015000000000000001,19.21875,0.15625,19.21875,19.375,bounded_core_residence,escaped,True,False,1,0,0.00561966497835561,0.013520941098575939,0.008620643777385308,-0.6663738866297031,-0.4566031463468528,-0.5894568771031332
5,18,0.9404099994359895,0.6007277038522987,5.990022634673729,0.011454504686830728,0.015000000000000001,17.65625,0.15625,17.65625,17.8125,bounded_core_residence,escaped,True,False,1,0,0.0021876907396154235,0.014792107144656463,0.011515782781445267,-0.6663738866297031,-0.4566031463468528,-0.5894568771031332
5,19,0.9404099994359895,0.6007277038522987,2.2167453490952496,0.0020950411737679837,0.015000000000000001,38.75,0.15625,38.75,38.90625,bounded_core_residence,escaped,True,False,1,0,0.011521934315708254,0.00636611968401465,0.007490443732722978,-0.6663738866297031,-0.4566031463468528,-0.5894568771031332
5,20,0.9404099994359895,0.6007277038522987,1.3685943501561975,0.0041905825176092575,0.015000000000000001,35.78125,0.15625,35.78125,35.9375,bounded_core_residence,escaped,True,False,1,0,0.011516097342730677,0.008911087407219437,0.005525667837514214,-0.6663738866297031,-0.4566031463468528,-0.5894568771031332
5,21,0.9404099994359895,0.6007277038522987,1.3884508342746378,0.009941366977518528,0.015000000000000001,22.8125,0.15625,22.8125,22.96875,bounded_core_residence,escaped,True,False,1,0,0.013730545305673286,0.011593579750849816,0.0009443577453668219,-0.6663738866297031,-0.4566031463468528,-0.5894568771031332
5,22,0.9404099994359895,0.6007277038522987,2.872494300306049,0.004950511082160025,0.015000000000000001,28.75,0.15625,28.75,28.90625,bounded_core_residence,escaped,True,False,1,0,0.013333133648113829,0.003350745775642863,0.007778663756914524,-0.6663738866297031,-0.4566031463468528,-0.5894568771031332
5,23,0.9404099994359895,0.6007277038522987,3.6635379616279384,0.006431143094513459,0.015000000000000001,36.5625,0.15625,36.5625,36.71875,bounded_core_residence,escaped,True,False,1,0,0.011587633156452044,0.00118190830480924,0.011431948744314083,-0.6663738866297031,-0.4566031463468528,-0.5894568771031332
5,24,0.9404099994359895,0.6007277038522987,0.4523132130910353,0.006190197721792456,0.015000000000000001,25.625,0.15625,25.625,25.78125,bounded_core_residence,escaped,True,False,1,0,0.008164029250862669,0.012343386613562834,0.006656424050048277,-0.6663738866297031,-0.4566031463468528,-0.5894568771031332
6,0,0.9259539759492723,0.5056439283308706,0.3275972122760196,0.005658229409120466,0.014999999999999998,29.84375,0.15625,29.84375,30.0,bounded_core_residence,escaped,True,False,1,0,0.00885025136586467,0.011023579131132062,0.007561039210777571,-0.699185533603531,-0.3871065681092549,-0.6010724536411732
6,1,0.9259539759492723,0.5056439283308706,1.4146290347550026,0.007550876335735086,0.014999999999999998,26.25,0.15625,26.25,26.40625,bounded_core_residence,escaped,True,False,1,0,0.01384128409371907,0.009005672823040127,0.003054905085085293,-0.699185533603531,-0.3871065681092549,-0.6010724536411732
6,2,0.9259539759492723,0.5056439283308706,0.34371084771154453,0.006448996317143505,0.014999999999999998,26.5625,0.15625,26.5625,26.71875,bounded_core_residence,escaped,True,False,1,0,0.00868957230431556,0.01175129991930211,0.007279274474369862,-0.699185533603531,-0.3871065681092549,-0.6010724536411732
6,3,0.9259539759492723,0.5056439283308706,2.4502719812794327,0.005894343374895677,0.014999999999999998,16.40625,0.15625,16.40625,16.5625,bounded_core_residence,escaped,True,False,1,0,0.01466347591944282,0.00292792338536972,0.006012738347084644,-0.699185533603531,-0.3871065681092549,-0.6010724536411732
6,4,0.9259539759492723,0.5056439283308706,4.784642024783487,0.011226439257308572,0.014999999999999998,14.6875,0.15625,14.6875,14.84375,bounded_core_residence,escaped,True,False,1,0,0.004207143557359669,0.0032556611695424465,0.017964786440003662,-0.699185533603531,-0.3871065681092549,-0.6010724536411732
6,5,0.9259539759492723,0.5056439283308706,3.4812919128340845,0.009719113602775331,0.014999999999999998,25.3125,0.15625,25.3125,25.46875,bounded_core_residence,escaped,True,False,1,0,0.013223464863769555,-0.0031532404165152024,0.011604232895627328,-0.699185533603531,-0.3871065681092549,-0.6010724536411732
6,6,0.9259539759492723,0.5056439283308706,4.980383422091235,0.005607602221778094,0.014999999999999998,30.46875,0.15625,30.46875,30.625,bounded_core_residence,escaped,True,False,1,0,0.00692501904069427,0.0055313355963031085,0.01333767747716155,-0.699185533603531,-0.3871065681092549,-0.6010724536411732
6,7,0.9259539759492723,0.5056439283308706,3.145719933901798,0.010740118089921076,0.014999999999999998,20.15625,0.15625,20.15625,20.3125,bounded_core_residence,escaped,True,False,1,0,0.015666629449888607,-0.003602356312020903,0.009051512982180165,-0.699185533603531,-0.3871065681092549,-0.6010724536411732
6,8,0.9259539759492723,0.5056439283308706,5.859168806253867,0.011929153451501102,0.014999999999999998,17.65625,0.15625,17.65625,17.8125,bounded_core_residence,escaped,True,False,1,0,0.002640465074807046,0.013889855754946603,0.012938491154882069,-0.699185533603531,-0.3871065681092549,-0.6010724536411732
6,9,0.9259539759492723,0.5056439283308706,5.4627485313538715,0.010988864088644279,0.014999999999999998,20.625,0.15625,20.625,20.78125,bounded_core_residence,escaped,True,False,1,0,0.002631543119743139,0.010022108012291649,0.015439801350975597,-0.699185533603531,-0.3871065681092549,-0.6010724536411732
6,10,0.9259539759492723,0.5056439283308706,5.472125629825889,0.007900053828992431,0.014999999999999998,27.96875,0.15625,27.96875,28.125,bounded_core_residence,escaped,True,False,1,0,0.004840384424356896,0.008899166825078303,0.01359361463867675,-0.699185533603531,-0.3871065681092549,-0.6010724536411732
6,11,0.9259539759492723,0.5056439283308706,3.718227203383703,0.009254361837067281,0.014999999999999998,25.9375,0.15625,25.9375,26.09375,bounded_core_residence,escaped,True,False,1,0,0.01159228683042233,-0.00244951121047887,0.013048447949174743,-0.699185533603531,-0.3871065681092549,-0.6010724536411732
6,12,0.9259539759492723,0.5056439283308706,1.009585745028483,0.00583556586421859,0.014999999999999998,31.875,0.15625,31.875,32.03125,bounded_core_residence,escaped,True,False,1,0,0.011581414022641515,0.009962082511746122,0.0050677006838365825,-0.699185533603531,-0.3871065681092549,-0.6010724536411732
6,13,0.9259539759492723,0.5056439283308706,1.5866649717531418,0.008221535087658513,0.014999999999999998,21.5625,0.15625,21.5625,21.71875,bounded_core_residence,escaped,True,False,1,0,0.014873772048043486,0.00808579746595069,0.0024463081572168466,-0.699185533603531,-0.3871065681092549,-0.6010724536411732
6,14,0.9259539759492723,0.5056439283308706,4.640979515597708,0.005695337801919055,0.014999999999999998,27.8125,0.15625,27.8125,27.96875,bounded_core_residence,escaped,True,False,1,0,0.0076973155463680824,0.0037971671489730706,0.013556169359386451,-0.699185533603531,-0.3871065681092549,-0.6010724536411732
6,15,0.9259539759492723,0.5056439283308706,1.4549419610572385,0.001753727878295929,0.014999999999999998,37.65625,0.15625,37.65625,37.8125,bounded_core_residence,escaped,True,False,1,0,0.011305616000838374,0.006491114250906164,0.007623912649970652,-0.699185533603531,-0.3871065681092549,-0.6010724536411732
6,16,0.9259539759492723,0.5056439283308706,2.91969344488074,0.010616477953257535,0.014999999999999998,14.21875,0.15625,14.21875,14.375,bounded_core_residence,escaped,True,False,1,0,0.016732676416570613,-0.0025733791419085064,0.007148766597276415,-0.699185533603531,-0.3871065681092549,-0.6010724536411732
6,17,0.9259539759492723,0.5056439283308706,3.509704104469268,0.007001968277389663,0.014999999999999998,35.0,0.15625,35.0,35.15625,bounded_core_residence,escaped,True,False,1,0,0.012327135922899928,-0.0006423760758068157,0.011029806556470168,-0.699185533603531,-0.3871065681092549,-0.6010724536411732
6,18,0.9259539759492723,0.5056439283308706,4.167969274305478,0.011493924627993864,0.014999999999999998,15.625,0.15625,15.625,15.78125,bounded_core_residence,escaped,True,False,1,0,0.00820088714720919,-0.0022639926827161226,0.016873947092644056,-0.699185533603531,-0.3871065681092549,-0.6010724536411732
6,19,0.9259539759492723,0.5056439283308706,1.1350801798240424,0.004455265008598687,0.014999999999999998,34.375,0.15625,34.375,34.53125,bounded_core_residence,escaped,True,False,1,0,0.011700910185085154,0.008627602720794431,0.005788139461826644,-0.699185533603531,-0.3871065681092549,-0.6010724536411732
6,20,0.9259539759492723,0.5056439283308706,0.5477524216709485,0.011722469397252256,0.014999999999999998,11.09375,0.15625,11.09375,11.25,bounded_core_residence,escaped,True,False,1,0,0.008850667749667689,0.016339070801207417,0.0041372375454690954,-0.699185533603531,-0.3871065681092549,-0.6010724536411732
6,21,0.9259539759492723,0.5056439283308706,5.751494772431845,0.011134786564041974,0.014999999999999998,19.84375,0.15625,19.84375,20.0,bounded_core_residence,escaped,True,False,1,0,0.0028703819258190004,0.01255965258320698,0.013527731015061002,-0.699185533603531,-0.3871065681092549,-0.6010724536411732
6,22,0.9259539759492723,0.5056439283308706,4.185271934396263,0.0055131828608831574,0.014999999999999998,32.34375,0.15625,32.34375,32.5,bounded_core_residence,escaped,True,False,1,0,0.009325510749134973,0.0019930365202762944,0.01282411166335309,-0.699185533603531,-0.3871065681092549,-0.6010724536411732
6,23,0.9259539759492723,0.5056439283308706,5.639190538310221,0.009275495720857344,0.014999999999999998,24.53125,0.15625,24.53125,24.6875,bounded_core_residence,escaped,True,False,1,0,0.003966419652513898,0.010674664640195224,0.013466769130981646,-0.699185533603531,-0.3871065681092549,-0.6010724536411732
6,24,0.9259539759492723,0.5056439283308706,4.175021153482612,0.0034160106950466467,0.014999999999999998,36.09375,0.15625,36.09375,36.25,bounded_core_residence,escaped,True,False,1,0,0.009791589312141033,0.0034224624948618926,0.01136136691962293,-0.699185533603531,-0.3871065681092549,-0.6010724536411732
7,0,0.24976483536291105,0.9156687054618924,2.7952980269246477,0.00999179670226131,0.015,21.875,0.15625,21.875,22.03125,bounded_core_residence,escaped,True,False,1,0,-0.006926155554600414,-0.0003855324475916162,0.016634774879890978,-0.15059462054330133,-0.19600327528390712,-0.9689705755808068
7,1,0.24976483536291105,0.9156687054618924,0.19794391482035295,0.003445905792242393,0.015,32.96875,0.15625,32.96875,33.125,bounded_core_residence,escaped,True,False,1,0,0.005617854998291901,0.0022755428434025242,0.014146938775403529,-0.15059462054330133,-0.19600327528390712,-0.9689705755808068
7,2,0.24976483536291105,0.9156687054618924,1.7137921997499612,0.007875079582500036,0.015,33.4375,0.15625,33.4375,33.59375,bounded_core_residence,escaped,True,False,1,0,0.0013845900138227426,-0.0047034614827971485,0.016216572973479167,-0.15059462054330133,-0.19600327528390712,-0.9689705755808068
7,3,0.24976483536291105,0.9156687054618924,1.80688788947804,0.00810807059342394,0.015,33.4375,0.15625,33.4375,33.59375,bounded_core_residence,escaped,True,False,1,0,0.0006221936407739936,-0.0047901927858264885,0.016352606425152606,-0.15059462054330133,-0.19600327528390712,-0.9689705755808068
7,4,0.24976483536291105,0.9156687054618924,4.68759121074381,0.006891084410744977,0.015,27.03125,0.15625,27.03125,27.1875,bounded_core_residence,escaped,True,False,1,0,0.0018827161799703771,0.009695391274314817,0.013226557079589165,-0.15059462054330133,-0.19600327528390712,-0.9689705755808068
7,5,0.24976483536291105,0.9156687054618924,0.9084864195928648,0.005452572691779374,0.015,32.8125,0.15625,32.8125,32.96875,bounded_core_residence,escaped,True,False,1,0,0.00570157510848701,-0.0012763059466923757,0.014852394869914319,-0.15059462054330133,-0.19600327528390712,-0.9689705755808068
7,6,0.24976483536291105,0.9156687054618924,5.752979154195536,0.004314655212956268,0.015,30.78125,0.15625,30.78125,30.9375,bounded_core_residence,escaped,True,False,1,0,0.005871348993747135,0.005079695461541174,0.013540317744363062,-0.15059462054330133,-0.19600327528390712,-0.9689705755808068
7,7,0.24976483536291105,0.9156687054618924,3.1121036863953737,0.011923872968088278,0.015,15.78125,0.15625,15.78125,15.9375,bounded_core_residence,escaped,True,False,1,0,-0.009507798316088705,0.002595296742387623,0.016433044531024656,-0.15059462054330133,-0.19600327528390712,-0.9689705755808068
7,8,0.24976483536291105,0.9156687054618924,4.028025776927725,0.008304342772091237,0.015,27.1875,0.15625,27.1875,27.34375,bounded_core_residence,escaped,True,False,1,0,-0.0031223211190799832,0.009249628500746843,0.014094594435594902,-0.15059462054330133,-0.19600327528390712,-0.9689705755808068
7,9,0.24976483536291105,0.9156687054618924,2.4208630759855856,0.006118390405615922,0.015,35.0,0.15625,35.0,35.15625,bounded_core_residence,escaped,True,False,1,0,-0.0021619059078253435,-0.0010193597564577724,0.016022539426949686,-0.15059462054330133,-0.19600327528390712,-0.9689705755808068
7,10,0.24976483536291105,0.9156687054618924,2.183178508517319,0.005764592033609667,0.015,35.15625,0.15625,35.15625,35.3125,bounded_core_residence,escaped,True,False,1,0,-0.0008733781537212668,-0.0016855115109920913,0.015957029261766478,-0.15059462054330133,-0.19600327528390712,-0.9689705755808068
7,11,0.24976483536291105,0.9156687054618924,4.289351959906458,0.0071082033477185575,0.015,28.28125,0.15625,28.28125,28.4375,bounded_core_residence,escaped,True,False,1,0,-0.0008197074841242808,0.009295916612112511,0.013727365690970666,-0.15059462054330133,-0.19600327528390712,-0.9689705755808068
7,12,0.24976483536291105,0.9156687054618924,4.637976107271338,0.00700342630003319,0.015,27.03125,0.15625,27.03125,27.1875,bounded_core_residence,escaped,True,False,1,0,0.0015342055335188962,0.009788626579779755,0.013261861973438942,-0.15059462054330133,-0.19600327528390712,-0.9689705755808068
7,13,0.24976483536291105,0.9156687054618924,0.5313575378394103,0.008267251676066102,0.015,27.8125,0.15625,27.8125,27.96875,bounded_core_residence,escaped,True,False,1,0,0.009427826250152727,-0.0011677477442733194,0.014251312489665416,-0.15059462054330133,-0.19600327528390712,-0.9689705755808068
7,14,0.24976483536291105,0.9156687054618924,1.0060634111166034,0.009644434155997007,0.015,23.28125,0.15625,23.28125,23.4375,bounded_core_residence,escaped,True,False,1,0,0.0076045259831161085,-0.005048884309192076,0.015319760507066281,-0.15059462054330133,-0.19600327528390712,-0.9689705755808068
7,15,0.24976483536291105,0.9156687054618924,2.119221468157415,0.009477192970702647,0.015,25.78125,0.15625,25.78125,25.9375,bounded_core_residence,escaped,True,False,1,0,-0.0023799097678055647,-0.0049904134842173225,0.016859685327952633,-0.15059462054330133,-0.19600327528390712,-0.9689705755808068
7,16,0.24976483536291105,0.9156687054618924,6.078804876824468,0.004478796736832446,0.015,30.9375,0.15625,30.9375,31.09375,bounded_core_residence,escaped,True,False,1,0,0.006565111112992839,0.003831436042391517,0.013684993026559497,-0.15059462054330133,-0.19600327528390712,-0.9689705755808068
7,17,0.24976483536291105,0.9156687054618924,2.5139079102728976,0.010652136685926161,0.015,17.8125,0.15625,17.8125,17.96875,bounded_core_residence,escaped,True,False,1,0,-0.0060722269434968,-0.0031943162178474658,0.017070220262864862,-0.15059462054330133,-0.19600327528390712,-0.9689705755808068
7,18,0.24976483536291105,0.9156687054618924,3.1603068997859687,0.0016558371674117065,0.015,35.625,0.15625,35.625,35.78125,two_core_entries,escaped,True,True,2,1,0.0006220787507082706,0.002970434038202296,0.014782805429876578,-0.15059462054330133,-0.19600327528390712,-0.9689705755808068
7,19,0.24976483536291105,0.9156687054618924,3.438787434475023,0.009463660656499465,0.015,25.9375,0.15625,25.9375,26.09375,bounded_core_residence,escaped,True,False,1,0,-0.006765946678012372,0.0056576243592717824,0.015387466496504347,-0.15059462054330133,-0.19600327528390712,-0.9689705755808068
7,20,0.24976483536291105,0.9156687054618924,1.900292705017313,0.010276043764511399,0.015,21.71875,0.15625,21.71875,21.875,bounded_core_residence,escaped,True,False,1,0,-0.0007339426018573543,-0.006594599658513092,0.016928368469857673,-0.15059462054330133,-0.19600327528390712,-0.9689705755808068
7,21,0.24976483536291105,0.9156687054618924,3.4812342367610785,0.008908623711354676,0.015,29.375,0.15625,29.375,29.53125,bounded_core_residence,escaped,True,False,1,0,-0.006130484228122261,0.0058503820855733725,0.015249713735413433,-0.15059462054330133,-0.19600327528390712,-0.9689705755808068
7,22,0.24976483536291105,0.9156687054618924,3.3217415112038102,0.005403796706415467,0.015,33.59375,0.15625,33.59375,33.75,bounded_core_residence,escaped,True,False,1,0,-0.0030235059711411845,0.0038894993982346226,0.015163483271262997,-0.15059462054330133,-0.19600327528390712,-0.9689705755808068
7,23,0.24976483536291105,0.9156687054618924,5.720006256989243,0.005914682137714844,0.015,28.4375,0.15625,28.4375,28.59375,bounded_core_residence,escaped,True,False,1,0,0.00710577232310299,0.00603651235051815,0.013154922391427036,-0.15059462054330133,-0.19600327528390712,-0.9689705755808068
7,24,0.24976483536291105,0.9156687054618924,3.336243262279888,0.004888322102426032,0.015,34.0625,0.15625,34.0625,34.21875,bounded_core_residence,escaped,True,False,1,0,-0.0025086553672397844,0.003867226761877415,0.01508797197762857,-0.15059462054330133,-0.19600327528390712,-0.9689705755808068
8,0,0.8986655624347945,1.290641528889039,1.365251328215337,0.01027251854641315,0.015,14.21875,0.15625,14.21875,14.375,bounded_core_residence,escaped,True,False,1,0,0.002961928013826092,0.017877033480991077,0.001470813940251588,-0.2163637954987145,-0.7519892375834605,-0.6226547153567829
8,1,0.8986655624347945,1.290641528889039,2.2449621166783795,0.009428893157174248,0.015,22.65625,0.15625,22.65625,22.8125,bounded_core_residence,escaped,True,False,1,0,0.010170126930682427,0.014060077188860414,0.003575859872324753,-0.2163637954987145,-0.7519892375834605,-0.6226547153567829
8,2,0.8986655624347945,1.290641528889039,5.901777101707705,0.007589053182220666,0.015,29.84375,0.15625,29.84375,30.0,bounded_core_residence,escaped,True,False,1,0,-0.004009988129421574,0.011537121422432002,0.011550262018176568,-0.2163637954987145,-0.7519892375834605,-0.6226547153567829
8,3,0.8986655624347945,1.290641528889039,2.6042277879528744,0.004308785646638373,0.015,34.21875,0.15625,34.21875,34.375,bounded_core_residence,escaped,True,False,1,0,0.007182375964478197,0.011576113569185083,0.0076139808173446115,-0.2163637954987145,-0.7519892375834605,-0.6226547153567829
8,4,0.8986655624347945,1.290641528889039,3.945434125642461,0.008041895618758241,0.015,26.40625,0.15625,26.40625,26.5625,bounded_core_residence,escaped,True,False,1,0,0.007611611169832036,0.006271922767635111,0.013870776666759201,-0.2163637954987145,-0.7519892375834605,-0.6226547153567829
8,5,0.8986655624347945,1.290641528889039,5.086673869959552,0.0019641694372006966,0.015,35.78125,0.15625,35.78125,35.9375,bounded_core_residence,escaped,True,False,1,0,0.0022405868217607473,0.010384450504357962,0.010770372323867223,-0.2163637954987145,-0.7519892375834605,-0.6226547153567829
8,6,0.8986655624347945,1.290641528889039,3.858438880996788,0.010915433322683299,0.015,20.3125,0.15625,20.3125,20.46875,bounded_core_residence,escaped,True,False,1,0,0.009918872692316163,0.00471319225411258,0.014951537309298428,-0.2163637954987145,-0.7519892375834605,-0.6226547153567829
8,7,0.8986655624347945,1.290641528889039,4.358480318421313,0.010813583846909388,0.015,18.90625,0.15625,18.90625,19.0625,bounded_core_residence,escaped,True,False,1,0,0.0051006176066033795,0.004173995317175106,0.017277009542671078,-0.2163637954987145,-0.7519892375834605,-0.6226547153567829
8,8,0.8986655624347945,1.290641528889039,3.6053003507882506,0.010742183453990181,0.015,18.59375,0.15625,18.59375,18.75,bounded_core_residence,escaped,True,False,1,0,0.011651488768477613,0.005748247395068977,0.013099426198208194,-0.2163637954987145,-0.7519892375834605,-0.6226547153567829
8,9,0.8986655624347945,1.290641528889039,5.815999754667118,0.009824927616206644,0.015,22.65625,0.15625,22.65625,22.8125,bounded_core_residence,escaped,True,False,1,0,-0.005946446542501296,0.011057588180555453,0.01280229353710165,-0.2163637954987145,-0.7519892375834605,-0.6226547153567829
8,10,0.8986655624347945,1.290641528889039,0.3799481722129018,0.0034248757518327818,0.015,36.40625,0.15625,36.40625,36.5625,bounded_core_residence,escaped,True,False,1,0,0.0004075191324238326,0.012919352020905103,0.008345899917452635,-0.2163637954987145,-0.7519892375834605,-0.6226547153567829
8,11,0.8986655624347945,1.290641528889039,5.654415249746171,0.007669564248252936,0.015,27.8125,0.15625,27.8125,27.96875,bounded_core_residence,escaped,True,False,1,0,-0.0034921049721706445,0.010295729400769074,0.012869552234928765,-0.2163637954987145,-0.7519892375834605,-0.6226547153567829
8,12,0.8986655624347945,1.290641528889039,2.2628413651871577,0.007493566335988533,0.015,27.96875,0.15625,27.96875,28.125,bounded_core_residence,escaped,True,False,1,0,0.008834108386694826,0.013410083220825472,0.004825114864386534,-0.2163637954987145,-0.7519892375834605,-0.6226547153567829
8,13,0.8986655624347945,1.290641528889039,2.5954091068125873,0.007920438178077565,0.015,25.0,0.15625,25.0,25.15625,bounded_core_residence,escaped,True,False,1,0,0.010458017610106115,0.011870222242048681,0.006120541848875132,-0.2163637954987145,-0.7519892375834605,-0.6226547153567829
8,14,0.8986655624347945,1.290641528889039,2.2797887526715983,0.007128744356410558,0.015,28.90625,0.15625,28.90625,29.0625,bounded_core_residence,escaped,True,False,1,0,0.008637379628179065,0.013234234344312912,0.005105850622333289,-0.2163637954987145,-0.7519892375834605,-0.6226547153567829
8,15,0.8986655624347945,1.290641528889039,0.46482652723927265,0.008546689297024877,0.015,15.0,0.15625,15.0,15.15625,bounded_core_residence,escaped,True,False,1,0,-0.0034369580715217975,0.015684811987900164,0.006341915330458467,-0.2163637954987145,-0.7519892375834605,-0.6226547153567829
8,16,0.8986655624347945,1.290641528889039,5.2694565940257485,0.0076615222728140565,0.015,22.8125,0.15625,22.8125,22.96875,bounded_core_residence,escaped,True,False,1,0,-0.001766891567243323,0.008508498436895577,0.014428529796059467,-0.2163637954987145,-0.7519892375834605,-0.6226547153567829
8,17,0.8986655624347945,1.290641528889039,3.0340205055684684,0.0115848771232682,0.015,12.5,0.15625,12.5,12.65625,bounded_core_residence,escaped,True,False,1,0,0.014528459405315743,0.008839353452334123,0.008366545034482526,-0.2163637954987145,-0.7519892375834605,-0.6226547153567829
8,18,0.8986655624347945,1.290641528889039,5.461985922961221,0.010543926897594015,0.015,19.21875,0.15625,19.21875,19.375,bounded_core_residence,escaped,True,False,1,0,-0.004987239154087498,0.008648105077490318,0.015378950504193365,-0.2163637954987145,-0.7519892375834605,-0.6226547153567829
8,19,0.8986655624347945,1.290641528889039,1.8141489594543645,0.010730208452314965,0.015,20.15625,0.15625,20.15625,20.3125,bounded_core_residence,escaped,True,False,1,0,0.007523135018251689,0.01679647766161462,0.0011908614907568636,-0.2163637954987145,-0.7519892375834605,-0.6226547153567829
8,20,0.8986655624347945,1.290641528889039,5.418569412036644,0.009577912420768456,0.015,20.625,0.15625,20.625,20.78125,bounded_core_residence,escaped,True,False,1,0,-0.003982272032438814,0.008637851179100535,0.015042122284015571,-0.2163637954987145,-0.7519892375834605,-0.6226547153567829
8,21,0.8986655624347945,1.290641528889039,3.0126104018336894,0.01141758682231764,0.015,12.65625,0.15625,12.65625,12.8125,bounded_core_residence,escaped,True,False,1,0,0.01437959936955208,0.009027820904147913,0.00819065690521638,-0.2163637954987145,-0.7519892375834605,-0.6226547153567829
8,22,0.8986655624347945,1.290641528889039,2.1490771463978047,0.010314681814782994,0.015,20.9375,0.15625,20.9375,21.09375,bounded_core_residence,escaped,True,False,1,0,0.010150602777119256,0.014889477585931116,0.002580965210809457,-0.2163637954987145,-0.7519892375834605,-0.6226547153567829
8,23,0.8986655624347945,1.290641528889039,0.47139455747727077,0.011605313643390038,0.015,13.125,0.15625,13.125,13.28125,bounded_core_residence,escaped,True,False,1,0,-0.005783647178509275,0.0172924249409224,0.00521581918192546,-0.2163637954987145,-0.7519892375834605,-0.6226547153567829
8,24,0.8986655624347945,1.290641528889039,4.9898124920317235,0.011569325316793659,0.015,13.90625,0.15625,13.90625,14.0625,bounded_core_residence,escaped,True,False,1,0,-0.0017152920690259258,0.005497825729432575,0.01804663330520484,-0.2163637954987145,-0.7519892375834605,-0.6226547153567829
9,0,1.3592910432132472,1.0202241064044864,3.271259528349621,0.0060304241296320876,0.015000000000000001,23.75,0.15625,23.75,23.90625,bounded_core_residence,escaped,True,False,1,0,0.012683242541057972,0.00923052788360789,0.003911358947716697,-0.5115165522212837,-0.833234315078643,-0.2099318769960283
9,1,1.3592910432132472,1.0202241064044864,0.8036920511319887,0.0024442016051335826,0.015000000000000001,36.40625,0.15625,36.40625,36.5625,two_core_entries,escaped,True,True,2,1,0.0064202907071454,0.013700847728842122,0.0014285517958273915,-0.5115165522212837,-0.833234315078643,-0.2099318769960283
9,2,1.3592910432132472,1.0202241064044864,4.605715391301934,0.011574108722985543,0.015000000000000001,17.65625,0.15625,17.65625,17.8125,bounded_core_residence,escaped,True,False,1,0,0.007458983929222678,0.009794855460963882,0.01440084573814725,-0.5115165522212837,-0.833234315078643,-0.2099318769960283
9,3,1.3592910432132472,1.0202241064044864,4.645471718758519,0.005882377896472088,0.015000000000000001,29.21875,0.15625,29.21875,29.375,bounded_core_residence,escaped,True,False,1,0,0.0073633395695818565,0.01124267323431561,0.008887401118793775,-0.5115165522212837,-0.833234315078643,-0.2099318769960283
9,4,1.3592910432132472,1.0202241064044864,2.586595240607821,0.0047213669582345415,0.015000000000000001,27.34375,0.15625,27.34375,27.5,bounded_core_residence,escaped,True,False,1,0,0.011365718111947122,0.010844276565540826,0.000716535780075309,-0.5115165522212837,-0.833234315078643,-0.2099318769960283
9,5,1.3592910432132472,1.0202241064044864,3.794066656972726,0.009345199996734369,0.015000000000000001,21.09375,0.15625,21.09375,21.25,bounded_core_residence,escaped,True,False,1,0,0.013377808683784027,0.0075985271880797695,0.00869651553043225,-0.5115165522212837,-0.833234315078643,-0.2099318769960283
9,6,1.3592910432132472,1.0202241064044864,0.13115465336276752,0.010265986556108941,0.015000000000000001,16.875,0.15625,16.875,17.03125,bounded_core_residence,escaped,True,False,1,0,-0.0008535888070739456,0.018063493333749542,0.0018363209687397941,-0.5115165522212837,-0.833234315078643,-0.2099318769960283
9,7,1.3592910432132472,1.0202241064044864,5.453228410740323,0.008936404227147053,0.015000000000000001,29.0625,0.15625,29.0625,29.21875,bounded_core_residence,escaped,True,False,1,0,0.0018085196923313127,0.014474149972484812,0.009596226321186861,-0.5115165522212837,-0.833234315078643,-0.2099318769960283
9,8,1.3592910432132472,1.0202241064044864,2.0961079321301024,0.007863243624305336,0.015000000000000001,26.09375,0.15625,26.09375,26.25,bounded_core_residence,escaped,True,False,1,0,0.01178049493790014,0.011652613355327104,-0.003502447901759586,-0.5115165522212837,-0.833234315078643,-0.2099318769960283
9,9,1.3592910432132472,1.0202241064044864,5.3597870111133785,0.007074721397802223,0.015000000000000001,31.5625,0.15625,31.5625,31.71875,bounded_core_residence,escaped,True,False,1,0,0.0034166274127403005,0.013721207797608189,0.008666417746329126,-0.5115165522212837,-0.833234315078643,-0.2099318769960283
9,10,1.3592910432132472,1.0202241064044864,2.9855477825342063,0.007159941286276121,0.015000000000000001,20.15625,0.15625,20.15625,20.3125,bounded_core_residence,escaped,True,False,1,0,0.01382270535113685,0.008997206601546615,0.0020610311418462544,-0.5115165522212837,-0.833234315078643,-0.2099318769960283
9,11,1.3592910432132472,1.0202241064044864,0.25170447655658806,0.00536692919082787,0.015000000000000001,21.5625,0.15625,21.5625,21.71875,bounded_core_residence,escaped,True,False,1,0,0.0033898470327110904,0.015457021756523791,0.0018421032686932388,-0.5115165522212837,-0.833234315078643,-0.2099318769960283
9,12,1.3592910432132472,1.0202241064044864,4.875149563519426,0.009122573799494119,0.015000000000000001,20.9375,0.15625,20.9375,21.09375,bounded_core_residence,escaped,True,False,1,0,0.00542424713964274,0.01166135493739765,0.011950384793776542,-0.5115165522212837,-0.833234315078643,-0.2099318769960283
9,13,1.3592910432132472,1.0202241064044864,5.7272438967323716,0.001741195002617499,0.015000000000000001,36.71875,0.15625,36.71875,36.875,two_core_entries,escaped,True,True,2,1,0.006311401620850717,0.013107878609763111,0.004047405090817795,-0.5115165522212837,-0.833234315078643,-0.2099318769960283
9,14,1.3592910432132472,1.0202241064044864,3.777337724854379,0.010871947935139988,0.015000000000000001,19.375,0.15625,19.375,19.53125,bounded_core_residence,escaped,True,False,1,0,0.0144189052252638,0.006766886184235384,0.009460638212026673,-0.5115165522212837,-0.833234315078643,-0.2099318769960283
9,15,1.3592910432132472,1.0202241064044864,5.165175884439306,0.0009401362203258941,0.015000000000000001,36.09375,0.15625,36.09375,36.25,two_core_entries,escaped,True,True,2,1,0.007229390017470708,0.012562438596520837,0.003975539283758512,-0.5115165522212837,-0.833234315078643,-0.2099318769960283
9,16,1.3592910432132472,1.0202241064044864,6.032664111867764,0.010362544517647272,0.015000000000000001,23.125,0.15625,23.125,23.28125,bounded_core_residence,escaped,True,False,1,0,-0.0011649454986923527,0.01729108796470094,0.005660698531300908,-0.5115165522212837,-0.833234315078643,-0.2099318769960283
9,17,1.3592910432132472,1.0202241064044864,2.2081721724290975,0.0073112327605032645,0.015000000000000001,25.46875,0.15625,25.46875,25.625,bounded_core_residence,escaped,True,False,1,0,0.012025976202798522,0.011273494204510839,-0.002595833058738636,-0.5115165522212837,-0.833234315078643,-0.2099318769960283
9,18,1.3592910432132472,1.0202241064044864,6.018892824358948,0.00498029789519316,0.015000000000000001,35.78125,0.15625,35.78125,35.9375,bounded_core_residence,escaped,True,False,1,0,0.0034328974982718793,0.014780852020786935,0.004420972226877579,-0.5115165522212837,-0.833234315078643,-0.2099318769960283
9,19,1.3592910432132472,1.0202241064044864,2.703999978600771,0.010381657212540175,0.015000000000000001,12.34375,0.15625,12.34375,12.5,bounded_core_residence,escaped,True,False,1,0,0.016169780852950087,0.00836595191891222,-0.0011523203272984376,-0.5115165522212837,-0.833234315078643,-0.2099318769960283
9,20,1.3592910432132472,1.0202241064044864,1.2934340615884659,0.009815930622751204,0.015000000000000001,26.25,0.15625,26.25,26.40625,bounded_core_residence,escaped,True,False,1,0,0.006419032277918556,0.015593744007778677,-0.006081419770544635,-0.5115165522212837,-0.833234315078643,-0.2099318769960283
9,21,1.3592910432132472,1.0202241064044864,2.206905905053188,0.006575161217154434,0.015000000000000001,26.5625,0.15625,26.5625,26.71875,bounded_core_residence,escaped,True,False,1,0,0.011582545756323833,0.011401213340756413,-0.0020223039318545957,-0.5115165522212837,-0.833234315078643,-0.2099318769960283
9,22,1.3592910432132472,1.0202241064044864,2.370999809977126,0.009590996985108643,0.015000000000000001,18.4375,0.15625,18.4375,18.59375,bounded_core_residence,escaped,True,False,1,0,0.014271103330359393,0.010093517020494332,-0.0033828607803986412,-0.5115165522212837,-0.833234315078643,-0.2099318769960283
9,23,1.3592910432132472,1.0202241064044864,2.6932935578513546,0.008157468258176124,0.015000000000000001,17.1875,0.15625,17.1875,17.34375,bounded_core_residence,escaped,True,False,1,0,0.014326123375373614,0.009285022555274455,-0.0003079505881945421,-0.5115165522212837,-0.833234315078643,-0.2099318769960283
9,24,1.3592910432132472,1.0202241064044864,2.5181364871715606,0.004832601823718344,0.015000000000000001,27.5,0.15625,27.5,27.65625,bounded_core_residence,escaped,True,False,1,0,0.011326275292284149,0.010950668679459295,0.00039036375690976047,-0.5115165522212837,-0.833234315078643,-0.2099318769960283
