projected_speed_m_per_s,atom_frame_wavelength_nm,scalar_mhz_per_1e5_w_per_m2,vector_mhz_per_1e5_w_per_m2,tensor_aligned_mhz_per_1e5_w_per_m2,scalar_plus_tensor_mhz_per_1e5_w_per_m2,scalar_plus_tensor_over_abs_vector
-25.0,1529.268753472713,-55.70731086306371,137.8926010005377,53.97256523746292,-1.7347456256007874,-0.012580411225936792
-24.875,1529.2687541103492,-55.693780001132005,137.884631620324,53.96788032905454,-1.7258996720774675,-0.012516983595603793
-24.75,1529.2687547479857,-55.68024913437535,137.8766622372685,53.96319541897559,-1.7170537153997643,-0.012453548610314698
-24.625,1529.2687553856222,-55.666718267618705,137.868692854213,53.95851050889663,-1.7082077587220752,-0.01239010629141448
-24.5,1529.2687560232584,-55.65318740568699,137.86072347399931,53.95382560048825,-1.6993618051987411,-0.012326656660257862
-24.375,1529.268756660895,-55.639656538930346,137.85275409094382,53.949140690409294,-1.690515848521052,-0.012263199670322073
-24.25,1529.2687572985312,-55.62613391660304,137.84479017412394,53.94445859183038,-1.6816753247726552,-0.012199774272559612
-24.125,1529.2687579361677,-55.61262473112171,137.8368351671647,53.93978107539354,-1.6728436557281725,-0.012136405001604933
-24.0,1529.2687585738042,-55.59911554564039,137.82888016020544,53.935103558956705,-1.6640119866836827,-0.012073028415739269
-23.875,1529.2687592114405,-55.58560636497627,137.8209251560829,53.93042604418781,-1.6551803207884603,-0.012009644536299262
-23.75,1529.2687598490766,-55.57209718912938,137.81297015479694,53.92574853108686,-1.6463486580425197,-0.011946253362025913
-23.625,1529.268760486713,-55.558588003648055,137.8050151478377,53.921071014650025,-1.6375169889980299,-0.011882854823834211
-23.5,1529.2687611243496,-55.54507881816673,137.79706014087844,53.916393498213175,-1.6286853199535543,-0.011819448965663336
-23.375,1529.2687617619858,-55.53156963750261,137.78910513675586,53.91171598344428,-1.619853654058332,-0.011756035808858945
-23.25,1529.2687623996223,-55.518072097329856,137.78115785085376,53.90704243890539,-1.6110296584244637,-0.011692670344434044
-23.125,1529.2687630372586,-55.50458454363543,137.7732171858161,53.90237230050753,-1.6022122431279016,-0.011629344772917527
-23.0,1529.2687636748951,-55.4910969851315,137.7652765179469,53.89770216044435,-1.5933948246871523,-0.011566011878759438
-22.875,1529.2687643125316,-55.47760942662756,137.75733585007765,53.89303202038116,-1.584577406246396,-0.011502671683277205
-22.75,1529.268764950168,-55.46412187293313,137.74939518504,53.88836188198329,-1.5757599909498339,-0.011439324207798527
-22.625,1529.2687655878044,-55.450634314429195,137.74145451717075,53.88369174192011,-1.5669425725090846,-0.01137596940588246
-22.5,1529.268766225441,-55.437146755925255,137.73351384930154,53.87902160185693,-1.5581251540683283,-0.011312607298853354
-22.375,1529.2687668630772,-55.42365920223083,137.72557318426388,53.874351463459064,-1.5493077387717662,-0.011249237908045865
-22.25,1529.2687675007132,-55.41018668529239,137.71764248797032,53.86968645457038,-1.5405002307220101,-0.01118593233874573
-22.125,1529.2687681383497,-55.3967206968188,137.7097161206468,53.86502367268584,-1.53169702413296,-0.011122650363980476
-22.0,1529.2687687759862,-55.383254708345206,137.70178975332323,53.86036089080131,-1.5228938175438955,-0.011059361103962287
-21.875,1529.2687694136225,-55.369788724673434,137.6938633888261,53.85569811057947,-1.5140906140939663,-0.010996064580005353
-21.75,1529.268770051259,-55.35632273619984,137.68593702150253,53.85103532869494,-1.5052874075049019,-0.010932760745709418
-21.625,1529.2687706888955,-55.34285674772626,137.67801065417896,53.84637254681041,-1.4964842009158517,-0.010869449622385495
-21.5,1529.2687713265318,-55.32939076405447,137.67008428968185,53.841709766588565,-1.4876809974659082,-0.010806131231354286
-21.375,1529.2687719641683,-55.315924775580896,137.6621579223583,53.83704698470404,-1.478877790876858,-0.010742805526199493
-21.25,1529.2687726018046,-55.302477199044795,137.65424376031854,53.832390484782444,-1.4700867142623508,-0.010679559700477112
-21.125,1529.268773239441,-55.28903273132958,137.64633165953492,53.827735045529934,-1.461297685799643,-0.010616321322780542
-21.0,1529.2687738770776,-55.27558826361435,137.6384195587513,53.82307960627743,-1.4525086573369208,-0.010553075674607799
-20.875,1529.2687745147139,-55.26214380069327,137.63050746078906,53.818424168685006,-1.4437196320082677,-0.010489822777261673
-20.75,1529.2687751523504,-55.24869933297806,137.62259536000545,53.813768729432496,-1.434930603545567,-0.01042656258437757
-20.625,1529.2687757899864,-55.23525487485112,137.61468326486454,53.80911329350015,-1.4261415813509757,-0.010363295162378177
-20.5,1529.268776427623,-55.2218104071359,137.60677116408093,53.804457854247644,-1.4173525528882536,-0.01030002041976711
-20.375,1529.2687770652594,-55.20836623454497,137.5988592589299,53.79980251570488,-1.4085637188400852,-0.01023673979876161
-20.25,1529.2687777028957,-55.19494323624743,137.59096138948252,53.79515440281242,-1.3997888334350108,-0.010173552239907607
-20.125,1529.2687783405322,-55.18152023316342,137.58306351721882,53.79050628826249,-1.3910139449009264,-0.010110357404033514
-20.0,1529.2687789781687,-55.16809723007942,137.57516564495515,53.78585817371256,-1.3822390563668563,-0.010047155312420609
-19.875,1529.268779615805,-55.15467423178188,137.56726777550773,53.781210060820094,-1.373464170961789,-0.009983945986359979
-19.75,1529.2687802534415,-55.14125122869787,137.55936990324403,53.77656194627017,-1.3646892824276975,-0.009920729379522365
-19.625,1529.268780891078,-55.12782822561386,137.55147203098036,53.77191383172024,-1.3559143938936202,-0.009857505513196044
-19.5,1529.2687815287143,-55.114405227316325,137.54357416153294,53.76726571882777,-1.347139508488553,-0.009794274408679063
-19.375,1529.2687821663508,-55.10098591084983,137.53567873288597,53.76261886253019,-1.3383670483196397,-0.009731053502989145
-19.25,1529.2687828039873,-55.08758431935175,137.52779505295686,53.75797805581143,-1.3296062635403203,-0.00966790940717357
-19.125,1529.2687834416233,-55.074182737411356,137.51991137865022,53.75333725240237,-1.320845485008988,-0.009604758116605704
-19.0,1529.2687840792598,-55.060781145913275,137.51202769872108,53.748696445683606,-1.3120847002296685,-0.009541599539964252
-18.875,1529.268784716896,-55.04737955919404,137.5041440216032,53.74405564061969,-1.3033239185743497,-0.00947843374356474
-18.75,1529.2687853545326,-55.03397796769596,137.49626034167412,53.73941483390093,-1.2945631337950303,-0.009415260681112923
-18.625,1529.2687859921691,-55.020576376197866,137.488376661745,53.73477402718216,-1.2858023490157038,-0.009352080373885654
-18.5,1529.2687866298056,-55.007174784699785,137.4804929818159,53.73013322046339,-1.2770415642363986,-0.009288892820636807
-18.375,1529.268787267442,-54.99378025953475,137.4726139849872,53.72549482593267,-1.268285433602081,-0.009225731560909908
-18.25,1529.2687879050784,-54.980400027360446,137.4647444616884,53.72086131043585,-1.2595387169245953,-0.009162630912070915
-18.125,1529.268788542715,-54.967019795186154,137.45687493838963,53.71622779493904,-1.2507920002471167,-0.00909952303810007
-18.0,1529.2687891803512,-54.9536395677831,137.449005417897,53.71159428109448,-1.2420452866886222,-0.009036407960263768
-17.875,1529.2687898179877,-54.94025933560879,137.44113589459823,53.70696076559765,-1.2332985700111436,-0.008973285632308392
-17.75,1529.2687904556242,-54.9268791034345,137.43326637129945,53.70232725010084,-1.224551853333658,-0.008910156075497193
-17.625,1529.2687910932602,-54.91349888080267,137.42539685361302,53.69769373790854,-1.2158051428941334,-0.008847019333618675
-17.5,1529.2687917308967,-54.900118648628386,137.41752733031424,53.69306022241171,-1.2070584262166761,-0.008783875315375432
-17.375,1529.268792368533,-54.886748839747156,137.4096647146507,53.688430265625996,-1.19831857412116,-0.008720773583209206
-17.25,1529.2687930061695,-54.873389911768136,137.4018093106126,53.68380402374029,-1.1895858880278496,-0.008657716328455717
-17.125,1529.268793643806,-54.86003098378911,137.39395390657452,53.67917778185458,-1.1808532019345321,-0.00859465186319255
-17.0,1529.2687942814425,-54.84667205581008,137.38609850253644,53.674551539968874,-1.1721205158412076,-0.008531580186182866
-16.875,1529.2687949190788,-54.83331313259469,137.37824310129955,53.66992529973283,-1.1633878328618579,-0.008468501318684084
-16.75,1529.2687955567153,-54.81995420461567,137.37038769726146,53.66529905784712,-1.1546551467685475,-0.0084054152144725
-16.625,1529.2687961943518,-54.806595276636635,137.36253229322338,53.66067281596141,-1.145922460675223,-0.008342321894802137
-16.5,1529.2687968319883,-54.793236348657615,137.3546768891853,53.6560465740757,-1.1371897745819126,-0.00827922135843523
-16.375,1529.2687974696246,-54.779891186813984,137.3468306074626,53.651425032998254,-1.1284661538157295,-0.008216179061611454
-16.25,1529.268798107261,-54.76655351301744,137.33898928834446,53.64680604887548,-1.119747464141959,-0.008153165171406926
-16.125,1529.2687987448976,-54.75321583922089,137.3311479692263,53.642187064752726,-1.111028774468167,-0.008090144085281591
-16.0,1529.2687993825336,-54.739878174936464,137.3233066557004,53.637568083924116,-1.102310091012349,-0.008027115846955838
-15.875,1529.2688000201701,-54.72654050113991,137.31546533658226,53.63294909980135,-1.093591401338557,-0.007964080365295991
-15.75,1529.2688006578067,-54.713202827343366,137.30762401746412,53.62833011567858,-1.0848727116647865,-0.007901037684016744
-15.625,1529.268801295443,-54.69986515830288,137.29978270114208,53.623711133202896,-1.0761540250999815,-0.00783798782436842
-15.5,1529.2688019330794,-54.68652748450633,137.29194138202394,53.61909214908014,-1.0674353354261896,-0.007774930740151602
-15.375,1529.268802570716,-54.673206894425284,137.28411138349878,53.61447899957355,-1.0587278948517351,-0.007711947756971035
-15.25,1529.2688032083524,-54.65989041905467,137.27628411160308,53.60986725536758,-1.0500231636870865,-0.007648977173897256
-15.125,1529.2688038459887,-54.646573948432554,137.2684568424985,53.60525551280612,-1.0413184356264367,-0.007585999431910588
-15.0,1529.2688044836252,-54.63325747306194,137.2606295706028,53.60064376860015,-1.032613704461788,-0.0075230144848683084
-14.875,1529.2688051212617,-54.61994099769132,137.25280229870708,53.596032024394184,-1.0239089732971394,-0.0074600223539973915
-14.75,1529.2688057588982,-54.60662452232072,137.2449750268114,53.59142028018822,-1.015204242132505,-0.0073970230380688284
-14.625,1529.2688063965347,-54.593308046950106,137.2371477549157,53.58680853598225,-1.0064995109678563,-0.007334016535853023
-14.5,1529.2688070341708,-54.57999158107649,137.22932048860224,53.58219679506528,-0.9977947860112124,-0.007271002891062814
-14.375,1529.2688076718073,-54.566695498959405,137.2215067293121,53.57759201695328,-0.9891034820061222,-0.007208079153053333
-14.25,1529.2688083094436,-54.55340017602455,137.21369347270218,53.57298749819142,-0.9804126778331366,-0.007145151865095619
-14.125,1529.26880894708,-54.54010484834873,137.2058802133061,53.56838297778763,-0.9717218705611046,-0.0070822173878439055
-14.0,1529.2688095847166,-54.52680952067293,137.19806695391006,53.56377845738384,-0.9630310632890868,-0.007019275742511772
-13.875,1529.268810222353,-54.51351419299711,137.19025369451404,53.55917393698005,-0.9543402560170549,-0.006956326927874301
-13.75,1529.2688108599896,-54.500218865321294,137.182440435118,53.554569416576264,-0.94564944874503,-0.006893370942706663
-13.625,1529.2688114976258,-54.486923542386435,137.17462717850808,53.5499648978144,-0.9369586445720373,-0.006830407808236682
-13.5,1529.2688121352624,-54.473630804095336,137.1668156347369,53.545361262060055,-0.9282695420352809,-0.006767449821880976
-13.375,1529.2688127728989,-54.46035657038083,137.15901635137334,53.54076394829528,-0.9195926220855526,-0.006704572885895772
-13.25,1529.2688134105354,-54.44708233666631,137.15121706800977,53.53616663453051,-0.910915702135803,-0.006641688798751988
-13.125,1529.2688140481719,-54.433808102951794,137.1434177846462,53.53156932076573,-0.9022387821860605,-0.0065787975592297805
-13.0,1529.268814685808,-54.420533878704155,137.1356185068449,53.52697201027965,-0.8935618684245057,-0.006515899210969067
-12.875,1529.2688153234444,-54.407259644989644,137.12781922348134,53.52237469651489,-0.8848849484747561,-0.0064529936630337015
-12.75,1529.268815961081,-54.393985411275125,137.12001994011777,53.51777738275011,-0.8762080285250136,-0.0063900809590581
-12.625,1529.2688165987172,-54.38071118229405,137.11222065953532,53.513180070624685,-0.8675311116693649,-0.006327161120258855
-12.5,1529.2688172363537,-54.36744286571649,137.10442529632525,53.508584778756045,-0.8588580869604456,-0.006264262332190858
-12.375,1529.2688178739902,-54.35418967564288,137.0966399545525,53.50399465564048,-0.8501950200023956,-0.006201428571000974
-12.25,1529.2688185116267,-54.34093648556927,137.08885461277973,53.49940453252491,-0.8415319530443597,-0.006138587673092355
-12.125,1529.2688191492632,-54.32768329549567,137.08106927100698,53.49481440940935,-0.8328688860863167,-0.006075739637248881
-12.0,1529.2688197868997,-54.31443010542207,137.07328392923424,53.49022428629379,-0.8242058191282808,-0.006012884462254418
-11.875,1529.268820424536,-54.30117692007439,137.0654985902376,53.485634164815,-0.8155427552593864,-0.005950022169309592
-11.75,1529.2688210621725,-54.287923730000784,137.05771324846486,53.48104404169944,-0.8068796883013434,-0.0058871527123657225
-11.625,1529.268821699809,-54.274670539927186,137.04992790669212,53.47645391858387,-0.7982166213433146,-0.005824276112620545
-11.5,1529.268822337445,-54.26142658657188,137.0421486832635,53.47186695223312,-0.7895596343387581,-0.005761436477208303
-11.375,1529.2688229750815,-54.24819438600111,137.0343772464171,53.46728400244607,-0.7809103835550388,-0.005698645837976809
-11.25,1529.268823612718,-54.23496218543034,137.02660580957075,53.46270105265902,-0.7722611327713196,-0.005635848076427944
-11.125,1529.2688242503546,-54.22172998485958,137.0188343727244,53.45811810287196,-0.7636118819876216,-0.005573043191349975
-11.0,1529.268824887991,-54.20849778428881,137.01106293587804,53.453535153084914,-0.7549626312038953,-0.005510231181530371
-10.875,1529.2688255256276,-54.195265583718054,137.00329149903166,53.44895220329785,-0.7463133804202045,-0.005447412045757159
-10.75,1529.2688261632638,-54.18203338786574,136.9955200649565,53.44436925514503,-0.7376641327207096,-0.005384585805221556
-10.625,1529.2688268009003,-54.16880118729497,136.98774862811015,53.43978630535797,-0.7290148819369975,-0.0053217524139045685
-10.5,1529.2688274385368,-54.155581509879305,136.97998548680124,53.435207636172834,-0.7203738737064711,-0.00525897174792651
-10.375,1529.2688280761733,-54.14237024950723,136.97222792107607,53.430631844059214,-0.7117384054480169,-0.00519622419997522
-10.25,1529.2688287138099,-54.12915898913517,136.96447035535093,53.426056051945594,-0.703102937189577,-0.005133469544075144
-10.125,1529.2688293514464,-54.115947728763096,136.95671278962575,53.421480259831974,-0.6944674689311228,-0.005070707779018244
-10.0,1529.2688299890829,-54.10273646839102,136.9489552239006,53.41690446771835,-0.6858320006726686,-0.005007938903596512
-9.875,1529.268830626719,-54.08952521744092,136.94119766370795,53.41232867886808,-0.6771965385728436,-0.004945162961374578
-9.75,1529.2688312643554,-54.07631395706885,136.9334400979828,53.40775288675446,-0.6685610703143894,-0.004882379861602835
-9.625,1529.268831901992,-54.063102696696774,136.92568253225767,53.40317709464084,-0.6599256020559352,-0.004819589647840291
-9.5,1529.2688325396284,-54.049907236271494,136.917935432077,53.39860670406956,-0.6513005322019367,-0.004756867901539732
-9.375,1529.2688331772647,-54.036716866934135,136.91019170376916,53.39403805401431,-0.6426788129198258,-0.004694163414148026
-9.25,1529.2688338149012,-54.02352649289325,136.9024479727,53.389469402329944,-0.634057090563303,-0.004631451810779465
-9.125,1529.2688344525377,-54.010336118852344,136.89470424163085,53.38490075064556,-0.6254353682067801,-0.004568733112588733
-9.0,1529.2688350901742,-53.99714574481145,136.8869605105617,53.38033209896118,-0.6168136458502644,-0.0045060073183718135
-8.875,1529.2688357278107,-53.983955370770545,136.8792167794925,53.37576344727681,-0.6081919234937345,-0.004443274426924212
-8.75,1529.2688363654472,-53.970764996729656,136.87147304842335,53.37119479559243,-0.5995702011372259,-0.004380534437041572
-8.625,1529.2688370030837,-53.95757462268875,136.8637293173542,53.36662614390806,-0.590948478780696,-0.004317787347518699
-8.5,1529.2688376407202,-53.944403311714616,136.85599821229593,53.36206401041108,-0.5823393013035343,-0.004255124429403442
-8.375,1529.2688382783563,-53.93123378322591,136.84826828712053,53.35750248643668,-0.5737312967892336,-0.0041924629662502665
-8.25,1529.2688389159928,-53.918064245345015,136.8405383564323,53.352940959209114,-0.5651232861359006,-0.004129794379088955
-8.125,1529.2688395536293,-53.904894707464116,136.83280842574408,53.348379431981535,-0.5565152754825817,-0.00406711871140604
-8.0,1529.2688401912658,-53.89172516958322,136.82507849505586,53.34381790475396,-0.5479072648292558,-0.004004435962001325
-7.875,1529.2688408289023,-53.87855563170231,136.81734856436765,53.3392563775264,-0.5392992541759156,-0.003941746129674445
-7.75,1529.2688414665388,-53.86538609382141,136.80961863367943,53.33469485029882,-0.5306912435225897,-0.003879049213225023
-7.625,1529.2688421041753,-53.85221808003776,136.80188971238368,53.33013384428728,-0.5220842357504765,-0.003816352514194955
-7.5,1529.2688427418116,-53.839069330161564,136.79417354900372,53.32557942623389,-0.5134899039276775,-0.00375374104470707
-7.375,1529.268843379448,-53.82592057559669,136.78645738287227,53.32102500655644,-0.5048955690402508,-0.0036911224890269828
-7.25,1529.2688440170846,-53.81277182103181,136.7787412167408,53.316470586878985,-0.4963012341528241,-0.0036284968682843838
-7.125,1529.268844654721,-53.79962306646693,136.77102505060935,53.31191616720155,-0.48770689926537614,-0.0035658641812833535
-7.0,1529.2688452923576,-53.786474311902055,136.76330888447788,53.3073617475241,-0.4791125643779566,-0.0035032244268282256
-6.875,1529.2688459299939,-53.77332556202586,136.75559272109794,53.3028073294707,-0.47051823255515757,-0.003440577626062736
-6.75,1529.2688465676301,-53.76017681214967,136.74787655771794,53.29825291141732,-0.46192390073235146,-0.0033779237554550593
-6.625,1529.2688472052666,-53.74703286285231,136.74016357381913,53.29370013533312,-0.4533327275191894,-0.0033152858360774
-6.5,1529.2688478429031,-53.73390484191478,136.7324611382917,53.28915280738363,-0.44475203453114887,-0.0032527172467211353
-6.375,1529.2688484805396,-53.72077682097726,136.7247587027643,53.28460547943414,-0.43617134154311543,-0.0031901416077196334
-6.25,1529.2688491181761,-53.70764880003973,136.71705626723687,53.28005815148465,-0.4275906485550749,-0.003127558917881291
-6.125,1529.2688497558127,-53.694520779102206,136.70935383170945,53.275510823535164,-0.41900995556704146,-0.003064969176014443
-6.0,1529.2688503934492,-53.681392758164684,136.70165139618206,53.27096349558567,-0.41042926257901513,-0.003002372380927053
-5.875,1529.2688510310857,-53.668264737227155,136.69394896065464,53.26641616763618,-0.4018485695909746,-0.0029397685314266606
-5.75,1529.2688516687222,-53.65513671628963,136.68624652512722,53.26186883968669,-0.39326787660294116,-0.002877157626320847
-5.625,1529.2688523063587,-53.64201676511462,136.67854943337736,53.25732427236844,-0.3846924927461757,-0.0028145783983000955
-5.5,1529.2688529439952,-53.62890942567313,136.6708606930875,53.25278401947029,-0.3761254062028385,-0.002752052663570166
-5.375,1529.2688535816317,-53.615802086231646,136.66317195279763,53.24824376657214,-0.36755831965950847,-0.0026895198933803485
-5.25,1529.2688542192677,-53.602694756138,136.65548321799116,53.243703516911985,-0.3589912392260146,-0.0026269801311474355
-5.125,1529.2688548569042,-53.58958741669651,136.6477944777013,53.23916326401383,-0.35042415268267746,-0.0025644332864798707
-5.0,1529.2688554945407,-53.57648007725502,136.64010573741143,53.23462301111569,-0.3418570661393332,-0.002501879402788945
-4.875,1529.2688561321772,-53.56337273781354,136.63241699712157,53.230082758217534,-0.33328997959600315,-0.0024393184788864897
-4.75,1529.2688567698137,-53.55026539837204,136.6247282568317,53.22554250531938,-0.3247228930526589,-0.002376750513583705
-4.625,1529.2688574074502,-53.53716937776825,136.61704701131217,53.22100612518232,-0.31616325258593037,-0.0023142298820128314
-4.5,1529.2688580450867,-53.52408266972065,136.6093719321034,53.21647293135346,-0.30760973836719074,-0.0022517469630127336
-4.375,1529.2688586827232,-53.51099596167305,136.6016968528946,53.2119397375246,-0.2990562241484511,-0.002189257022703771
-4.25,1529.2688593203598,-53.49790925362546,136.5940217736858,53.20740654369574,-0.2905027099297186,-0.0021267600599024356
-4.125,1529.2688599579963,-53.484822545577856,136.586346694477,53.202873349866884,-0.2819491957109719,-0.0020642560734247446
-4.0,1529.2688605956328,-53.47173583753027,136.5786716152682,53.19834015603802,-0.27339568149224647,-0.002001745062086864
-3.875,1529.2688612332693,-53.45864912948267,136.5709965360594,53.19380696220915,-0.26484216727352106,-0.0019392270247042805
-3.75,1529.2688618709053,-53.445562430768206,136.5633214623243,53.189273771613266,-0.25628865915494004,-0.0018767020046861272
-3.625,1529.2688625085418,-53.432490274348716,136.55565601782934,53.18474555746363,-0.24774471688508726,-0.0018142398792529001
-3.5,1529.2688631461783,-53.41942414701382,136.54799456522477,53.18021940651317,-0.23920474050065366,-0.0017517997335829997
-3.375,1529.2688637838148,-53.40635801967891,136.54033311262017,53.1756932555627,-0.23066476411621295,-0.0016893525807202899
-3.25,1529.2688644214513,-53.39329189234401,136.5326716600156,53.171167104612245,-0.22212478773176514,-0.001626898419485156
-3.125,1529.2688650590878,-53.3802257650091,136.52501020741104,53.16664095366178,-0.21358481134731733,-0.0015644372486977717
-3.0,1529.2688656967243,-53.3671596376742,136.51734875480648,53.16211480271133,-0.20504483496286952,-0.0015019690671779936
-2.875,1529.2688663343608,-53.3540935103393,136.50968730220188,53.15758865176087,-0.1965048585784288,-0.0014394938737454658
-2.75,1529.2688669719973,-53.34102738300439,136.50202584959732,53.153062500810414,-0.1879648821939739,-0.001377011667219358
-2.625,1529.2688676096338,-53.32797902335383,136.49437616034768,53.14854243108593,-0.17943659226789777,-0.0013146079517379048
-2.5,1529.2688682472703,-53.314933425253145,136.48672829942248,53.14402330653858,-0.1709101187145663,-0.0012522105324381892
-2.375,1529.2688688849069,-53.30188782715246,136.47908043849728,53.139504181991235,-0.16238364516122772,-0.001189806120025875
-2.25,1529.2688695225431,-53.28884223370369,136.47143258029922,53.13498505905535,-0.15385717464833704,-0.0011273947355818085
-2.125,1529.2688701601796,-53.27579663560301,136.46378471937402,53.130465934508,-0.14533070109500557,-0.0010649763334196365
-2.0,1529.2688707978161,-53.26275103750232,136.45613685844882,53.12594680996065,-0.136804227541667,-0.0010025509346170284
-1.875,1529.2688714354526,-53.24970543940164,136.4484889975236,53.1214276854133,-0.12827775398833552,-0.0009401185379976148
-1.75,1529.2688720730891,-53.23666033102967,136.44084146080655,53.11690872850949,-0.11975160252017503,-0.0008776815009204879
-1.625,1529.2688727107256,-53.223635213001124,136.43320715801326,53.11239661468423,-0.11123859831689487,-0.0008153337492686903
-1.5,1529.2688733483621,-53.21061009497258,136.42557285521997,53.10788450085895,-0.10272559411362892,-0.0007529790197226823
-1.375,1529.2688739859987,-53.19758497694403,136.41793855242665,53.10337238703368,-0.09421258991034875,-0.0006906173111107525
-1.25,1529.2688746236352,-53.18455985891548,136.41030424963336,53.0988602732084,-0.0856995857070757,-0.0006282486222612911
-1.125,1529.2688752612717,-53.17153474088693,136.40266994684004,53.09434815938313,-0.07718658150380264,-0.0005658729520022183
-1.0,1529.2688758989082,-53.158509622858396,136.39503564404671,53.08983604555785,-0.0686735773005438,-0.0005034902991613479
-0.875,1529.2688765365447,-53.145484504829845,136.3874013412534,53.08532393173258,-0.06016057309726364,-0.00044110066256586663
-0.75,1529.268877174181,-53.132463116573845,136.37976950711928,53.08081309490578,-0.05165002166806687,-0.00037872201907021585
-0.625,1529.2688778118174,-53.11945842784005,136.37214872798262,53.07630797555387,-0.043150452286184304,-0.00031641689808859137
-0.5,1529.268878449454,-53.10645373910625,136.36452794884593,53.07180285620195,-0.03465088290430174,-0.0002541048132201963
-0.375,1529.2688790870905,-53.093449050372456,136.35690716970927,53.06729773685004,-0.026151313522419173,-0.0001917857632974276
-0.25,1529.268879724727,-53.08044436163866,136.34928639057262,53.06279261749812,-0.017651744140543713,-0.0001294597471524734
-0.125,1529.2688803623635,-53.06743967290487,136.34166561143596,53.05828749814621,-0.009152174758661147,-6.712676361710436e-05
0.0,1529.268881,-53.054434984171074,136.33404483229927,53.0537823787943,-0.0006526053767714757,-4.786811522934183e-06
0.125,1529.2688816376365,-53.04143029543729,136.32642405316264,53.049277259442384,0.00784696400509688,5.756011029847619e-05
0.25,1529.268882275273,-53.028432551657446,136.31880787107724,53.044774518253384,0.016341966595938118,0.00011988049815835716
0.375,1529.2688829129095,-53.01544824293424,136.31120058201617,53.04027637763532,0.024828134701081694,0.00018214302709587698
0.5,1529.2688835505458,-53.00246393884109,136.30359329566775,53.03577823862124,0.03331429978015166,0.0002444124837405186
0.625,1529.2688841881825,-52.98947962548783,136.29598600389397,53.0312800963992,0.04180047091136885,0.00030668893587353785
0.75,1529.268884825819,-52.97649531676463,136.2883787148329,53.02678195578113,0.05028663901650532,0.00036897231804132094
0.875,1529.2688854634555,-52.96351100804142,136.28077142577183,53.02228381516307,0.058772807121648896,0.0004312626536140554
1.0,1529.268886101092,-52.95052669931822,136.27316413671073,53.01778567454502,0.06725897522679958,0.0004935599437562383
1.125,1529.2688867387285,-52.93754239059501,136.26555684764966,53.013287533926956,0.07574514333194315,0.0005558641896325221
1.25,1529.2688873763648,-52.92456823493095,136.25795627840492,53.00879287060348,0.08422463567252692,0.000618126368345328
1.375,1529.2688880140013,-52.911604255477,136.25036244500365,53.00430169246695,0.09269743698995114,0.000680346351572956
1.5,1529.2688886516378,-52.898640276023066,136.24276861160237,52.999810514330434,0.10117023830736827,0.0007425732707750675
1.625,1529.2688892892743,-52.885676296569116,136.23517477820107,52.99531933619391,0.1096430396247925,0.0008048071271116131
1.75,1529.2688899269108,-52.87271231711517,136.22758094479983,52.990828158057376,0.11811584094220251,0.0008670479217425413
1.875,1529.2688905645475,-52.859748333038425,136.21998710869067,52.98633697831935,0.1265886452809255,0.0009292956780264539
2.0,1529.2688912021838,-52.84678435820729,136.21239327799725,52.98184580178432,0.13506144357702965,0.0009915503305296266
2.125,1529.2688918398203,-52.83382037875334,136.20479944459598,52.97735462364779,0.14353424489445388,0.0010538119470073395
2.25,1529.2688924774568,-52.82086973586027,136.1972144378887,52.97286801382908,0.15199827796880783,0.001116016055072294
2.375,1529.2688931150933,-52.80792603605122,136.18963402640495,52.96838378230073,0.16045774624950582,0.0011781935343066982
2.5,1529.2688937527298,-52.794982336242164,136.1820536149212,52.96389955077239,0.16891721453022512,0.001240377935611607
2.625,1529.2688943903663,-52.782038636433114,136.17447320343746,52.95941531924405,0.17737668281093733,0.0013025692601428018
2.75,1529.2688950280028,-52.76909493662406,136.1668927919537,52.95493108771571,0.18583615109164953,0.0013647675090565836
2.875,1529.2688956656393,-52.75615123681499,136.15931238046994,52.95044685618737,0.19429561937237594,0.0014269726835095622
3.0,1529.2688963032758,-52.743207537005944,136.15173196898618,52.94596262465902,0.20275508765307393,0.0014891847846581873
3.125,1529.2688969409123,-52.73026383719689,136.14415155750243,52.94147839313068,0.21121455593379324,0.0015514038136598453
3.25,1529.2688975785488,-52.71733664608909,136.13658207147134,52.93699981741854,0.2196631713294508,0.0016135499216083464
3.375,1529.2688982161853,-52.70441317595516,136.12901504797946,52.93252251649742,0.22810934054226095,0.0016756849409500427
3.5,1529.2688988538218,-52.69148970582123,136.12144802448756,52.92804521557632,0.23655550975508532,0.0017378268684926873
3.625,1529.2688994914583,-52.678566235687306,136.1138810009957,52.92356791465521,0.2450016789679026,0.0017999757053882724
3.75,1529.2689001290948,-52.665642765553386,136.10631397750382,52.919090613734106,0.25344784818071986,0.0018621314527892563
3.875,1529.2689007667313,-52.65271929541946,136.09874695401192,52.91461331281299,0.26189401739353,0.0019242941118482496
4.0,1529.2689014043679,-52.63979582528553,136.09117993052004,52.91013601189188,0.2703401866063473,0.001986463683718274
4.125,1529.2689020420044,-52.62687235515162,136.08361290702814,52.905658710970776,0.27878635581915745,0.002048640169552401
4.25,1529.2689026796409,-52.61396855217133,136.0760588982719,52.90118814902984,0.28721959685851317,0.0021107283616527547
4.375,1529.2689033172774,-52.601065263951824,136.0685052301585,52.89671776347248,0.2956524995206564,0.0021728209553016197
4.5,1529.2689039549139,-52.58816197573231,136.06095156204512,52.89224737791512,0.3040854021828068,0.002234920443314266
4.625,1529.2689045925504,-52.575258687512815,136.0533978939317,52.88777699235776,0.3125183048449429,0.002297026826838861
4.75,1529.2689052301869,-52.56235539929332,136.0458442258183,52.88330660680039,0.32095120750707196,0.0023591401070240333
4.875,1529.2689058678234,-52.549452111073805,136.03829055770493,52.87883622124303,0.3293841101692223,0.0024212602850188247
5.0,1529.2689065054599,-52.5365488228543,136.03073688959154,52.874365835685666,0.33781701283136556,0.0024833873619721147
5.125,1529.2689071430964,-52.52364821061444,136.0231849922016,52.86989636720358,0.3462481565891409,0.0025455083749802783
5.25,1529.268907780733,-52.51076505399696,136.01564464537796,52.865432880874586,0.3546678268776233,0.002607551710704446
5.375,1529.2689084183694,-52.497881897379486,136.00810429855434,52.860969394545585,0.36308749716609867,0.0026696019258461057
5.5,1529.268909056006,-52.48499874076201,136.0005639517307,52.85650590821658,0.371507167454574,0.0027316590215495672
5.625,1529.2689096936426,-52.47211557955055,135.99302360221824,52.85204242029596,0.37992684074541216,0.002793723021091907
5.75,1529.2689103312791,-52.45923242293308,135.98548325539463,52.84757893396696,0.3883465110338804,0.002855793881355159
5.875,1529.2689109689154,-52.44634927090957,135.9779429112598,52.84311544922959,0.39676617832002137,0.0029178716034772927
6.0,1529.268911606552,-52.4334661142921,135.97040256443617,52.83865196290059,0.4051858486084896,0.002979956232875553
6.125,1529.2689122441884,-52.42058880881995,135.96286608912146,52.834190482118046,0.4136016732980963,0.003042019377754122
6.25,1529.2689128818251,-52.40772573016587,135.9553390275716,52.829733877721836,0.42200814755596383,0.0031040204126914135
6.375,1529.2689135194616,-52.39486265609861,135.94781196870582,52.82527727491481,0.4304146188162008,0.0031660282911745506
6.5,1529.2689141570982,-52.381999582031355,135.94028490984007,52.82082067210777,0.43882109007641645,0.0032280430364513106
6.625,1529.2689147947344,-52.36913651255092,135.93275785365836,52.81636407088991,0.4472275583389944,0.0032900646275452446
6.75,1529.2689154323712,-52.35627343389684,135.9252307921085,52.8119074664937,0.45563403259686197,0.003352093131949385
6.875,1529.2689160700077,-52.34341035982958,135.91770373324272,52.80745086368666,0.4640405038570776,0.003414128484452778
7.0,1529.2689167076442,-52.33054728576232,135.91017667437694,52.80299426087962,0.4724469751173004,0.003476170708314372
7.125,1529.2689173452807,-52.31769322221467,135.9026555771074,52.79854074702375,0.48084752480907866,0.0035381760773339644
7.25,1529.2689179829172,-52.30485018107678,135.89514177255333,52.79409101182735,0.48924083075056757,0.003600134812541027
7.375,1529.2689186205537,-52.29200713993888,135.8876279679993,52.789641276630945,0.4976341366920636,0.0036621003996718036
7.5,1529.2689192581902,-52.27916409880098,135.88011416344526,52.78519154143455,0.5060274426335667,0.003724072839862974
7.625,1529.2689198958267,-52.266321057663085,135.8726003588912,52.78074180623814,0.5144207485750556,0.003786052134251312
7.75,1529.2689205334632,-52.25347801652519,135.86508655433715,52.77629207104174,0.5228140545165445,0.0038480382839741027
7.875,1529.2689211711,-52.24063497080762,135.85757274710377,52.77184233425862,0.5312073634510028,0.003910031312276093
8.0,1529.2689218087364,-52.22779192966973,135.8500589425497,52.76739259906222,0.5396006693924917,0.003972031176082787
8.125,1529.2689224463727,-52.21496104870112,135.84255318253804,52.762947033253575,0.5479859845524544,0.004033978835896141
8.25,1529.2689230840092,-52.202137993215935,135.83505260003955,52.75850415056098,0.556366157345046,0.004095895328161297
8.375,1529.268923721646,-52.18931493315821,135.82755201486646,52.75406126628411,0.5647463331259033,0.004157818680734901
8.5,1529.2689243592824,-52.17649187767302,135.820051432368,52.74961838359152,0.5731265059184949,0.004219748850587683
8.625,1529.268924996919,-52.163668822187844,135.81255084986952,52.745175500898924,0.5815066787110794,0.004281685860932624
8.75,1529.2689256345554,-52.15084576670266,135.80505026737106,52.74073261820633,0.589886851503671,0.00434362971290324
8.875,1529.268926272192,-52.138022711217474,135.7975496848726,52.73628973551375,0.5982670242962769,0.004405580407633245
9.0,1529.2689269098285,-52.125199655732295,135.79004910237413,52.73184685282116,0.6066471970888614,0.004467537946256291
9.125,1529.268927547465,-52.11239188532318,135.78255863144608,52.727409211777776,0.6150173264545984,0.004529428025612162
9.25,1529.2689281851015,-52.09958876741767,135.77507123829912,52.72297316619862,0.6233843987809493,0.004591302314154901
9.375,1529.2689288227382,-52.08678564494673,135.76758384248228,52.71853711903762,0.6317514740908905,0.004653183449326529
9.5,1529.2689294603747,-52.073982527041224,135.76009644933532,52.714101073458465,0.6401185464172414,0.00471507138812419
9.625,1529.268930098011,-52.061179413701154,135.7526090588583,52.70966502946114,0.6484856157599879,0.00477696613166988
9.75,1529.2689307356477,-52.04837629123021,135.74512166304143,52.705228982300156,0.6568526910699433,0.004838867747309853
9.875,1529.2689313732842,-52.03557317332471,135.7376342698945,52.70079293672099,0.66521976339628,0.004900776169957312
10.0,1529.2689320109207,-52.0227700554192,135.73014687674754,52.69635689114183,0.6735868357226309,0.004962691422814821
10.125,1529.2689326485572,-52.009985334247546,135.72267165301542,52.69192715527685,0.6819418210293051,0.005024523999739244
10.25,1529.268933286194,-51.99720209847621,135.71519741222374,52.68749792885868,0.6902958303824747,0.005086356160141432
10.375,1529.2689339238302,-51.98441887182158,135.70772317676253,52.68306870559934,0.6986498337777576,0.005148195087377227
10.5,1529.2689345614667,-51.9716356406086,135.7002489386361,52.67863948076059,0.7070038401519838,0.005210040848721599
10.625,1529.2689351991035,-51.95885240483727,135.6927746978444,52.67421025434242,0.7153578495051462,0.005271893445307448
10.75,1529.26893583674,-51.94606917362429,135.68530045971798,52.66978102950367,0.7237118558793796,0.005333752834149001
10.875,1529.2689364743765,-51.93328594241131,135.67782622159154,52.6653518046649,0.7320658622535916,0.005395619038426869
11.0,1529.268937112013,-51.92050436806628,135.67035307939497,52.660923148189966,0.740418780123683,0.005457483992028725
11.125,1529.2689377496497,-51.90774097305298,135.66289196220774,52.656500727847586,0.7487597547946052,0.005519267236343383
11.25,1529.268938387286,-51.894977587142215,135.65543085034162,52.65207831065917,0.757100723516956,0.005581057232807789
11.375,1529.2689390249225,-51.88221419668018,135.6479697358149,52.64765589189377,0.765441695213589,0.005642854048640365
11.5,1529.2689396625592,-51.86945080166688,135.6405086186277,52.64323347155139,0.7737826698845112,0.005704657684970126
11.625,1529.2689403001957,-51.856687411204845,135.63304750410103,52.63881105278598,0.782123641581137,0.005766468098842124
11.75,1529.2689409378322,-51.843924020742804,135.62558638957432,52.63438863402058,0.7904646132777771,0.005828285313415912
11.875,1529.2689415754687,-51.83116063028078,135.61812527504765,52.62996621525518,0.7988055849744029,0.005890109329813712
12.0,1529.2689422131052,-51.81840202799416,135.61066732747233,52.62554543926105,0.8071434112668925,0.005951916815790047
12.125,1529.2689428507417,-51.80565842836503,135.60321930281805,52.62112981051667,0.8154713821516424,0.006013657982046858
12.25,1529.2689434883785,-51.79291482419168,135.5957712755079,52.61671418019771,0.8237993560060275,0.006075405952979206
12.375,1529.268944126015,-51.78017122456256,135.5883232508536,52.61229855145332,0.8321273268907632,0.006137160685667853
12.5,1529.2689447636515,-51.767427624933426,135.5808752261993,52.60788292270894,0.8404552977755131,0.006198922203248218
12.625,1529.268945401288,-51.75468402530429,135.573427201545,52.60346729396454,0.8487832686602488,0.00626069050683832
12.75,1529.2689460389245,-51.74194042567517,135.56597917689072,52.59905166522015,0.8571112395449845,0.006322465597556736
12.875,1529.268946676561,-51.72919682604604,135.55853115223644,52.594636036475755,0.8654392104297131,0.006384247476522138
13.0,1529.2689473141977,-51.71646112668031,135.55108835288752,52.59022311864179,0.8737619919614801,0.006445997612994209
13.125,1529.2689479518342,-51.70373727080041,135.5436533860534,52.58581426484067,0.8820769940402613,0.006507696760452095
13.25,1529.2689485894707,-51.69101341492052,135.53621841921924,52.58140541103956,0.8903919961190425,0.006569402677039598
13.375,1529.2689492271072,-51.678289559040614,135.52878345238508,52.576996557238445,0.8987069981978308,0.006631115363870811
13.5,1529.2689498647437,-51.665565703160716,135.52134848555093,52.572587703437335,0.9070220002766192,0.006692834822059968
13.625,1529.2689505023802,-51.65284184728082,135.5139135187168,52.56817884963622,0.9153370023554004,0.006754561052721547
13.75,1529.268951140017,-51.64011798686375,135.50647854923145,52.563769994262955,0.9236520073992054,0.006816294078984787
13.875,1529.2689517776535,-51.62739413098385,135.49904358239726,52.55936114046185,0.9319670094780008,0.006878033857938412
14.0,1529.26895241529,-51.61468128138892,135.49161589425032,52.554956063995995,0.9402747826070765,0.006939726686416896
14.125,1529.2689530529267,-51.60197711722244,135.48419395030876,52.55055396833704,0.948576851114602,0.0070013838770189634
14.25,1529.268953690563,-51.58927296211626,135.47677201166033,52.546151875817564,0.9568789137013027,0.007063047779282379
14.375,1529.2689543281997,-51.576568797949776,135.46935006771875,52.54174978015861,0.9651809822088353,0.007124718482271882
14.5,1529.2689549658362,-51.56386463831345,135.46192812642374,52.537347686069396,0.9734830477559484,0.007186395921128609
14.625,1529.2689556034727,-51.55116047867712,135.45450618512876,52.53294559198018,0.9817851133030615,0.007248080118953248
14.75,1529.2689562411092,-51.53845631904078,135.44708424383376,52.52854349789095,0.9900871788501675,0.007309771076856837
14.875,1529.268956878746,-51.525752154874304,135.43966229989218,52.52414140223201,0.9983892473577072,0.00737146881795276
15.0,1529.2689575163822,-51.51306209215586,135.4322496802521,52.51974414695507,1.0066820547992066,0.007433104428051118
15.125,1529.268958154019,-51.50037757630513,135.42484072934067,52.51534879562295,1.0149712193178217,0.007494719682531047
15.25,1529.2689587916555,-51.48769306497753,135.41743178107117,52.51095344585816,1.023260380880636,0.007556341657216901
15.375,1529.268959429292,-51.47500855364993,135.41002283280167,52.50655809609337,1.031549542443443,0.007617970375185262
15.5,1529.2689600669287,-51.46232403779918,135.40261388189023,52.502162744761264,1.0398387069620867,0.007679605859522942
15.625,1529.2689607045652,-51.44963952647158,135.39520493362073,52.49776739499648,1.048127868524901,0.007741248067379929
15.75,1529.2689613422017,-51.43695501514398,135.38779598535123,52.493372045231695,1.0564170300877151,0.007802897021841009
15.875,1529.2689619798382,-51.42427050381638,135.38038703708173,52.4889766954669,1.0647061916505223,0.00786455272401379
16.0,1529.2689626174747,-51.41160315606907,135.37298943801892,52.484587238066254,1.072984081997184,0.007926131250048624
16.125,1529.2689632551114,-51.3989382409012,135.36559344781836,52.480198615770796,1.0812603748695935,0.007987704610377268
16.25,1529.268963892748,-51.3862733302495,135.3581974602551,52.47580999504027,1.0895366647907707,0.00804928467749941
16.375,1529.2689645303844,-51.37360841959781,135.35080147269184,52.471421374309735,1.0978129547119266,0.008110871474473091
16.5,1529.268965168021,-51.3609435089461,135.34340548512859,52.46703275357921,1.106089244633111,0.00817246500240196
16.625,1529.2689658056574,-51.3482785982944,135.33600949756536,52.46264413284868,1.1143655345542811,0.008234065262389225
16.75,1529.2689664432942,-51.335613683126546,135.32861350736476,52.45825551055322,1.1226418274266763,0.008295672277508263
16.875,1529.2689670809307,-51.322949439133886,135.32121796059246,52.45386711872695,1.130917679593061,0.008357282742772837
17.0,1529.2689677185674,-51.31030407767109,135.313834899184,52.449485210397654,1.1391811327265629,0.008418807534169091
17.125,1529.268968356204,-51.29765872071748,135.30645184040822,52.44510330363091,1.1474445829134297,0.008480339017882326
17.25,1529.2689689938404,-51.28501336376388,135.29906878163246,52.440721396864156,1.1557080331002751,0.008541877216949245
17.375,1529.268969631477,-51.272368006810275,135.29168572285667,52.43633949009741,1.1639714832871348,0.008603422132469514
17.5,1529.2689702691134,-51.25972264985666,135.2843026640809,52.43195758333065,1.1722349334739874,0.008664973765542611
17.625,1529.2689709067502,-51.24707728839387,135.27691960267242,52.42757567500136,1.1804983866074892,0.008726532139220653
17.75,1529.2689715443867,-51.23443193144027,135.26953654389666,52.42319376823461,1.1887618367943418,0.008788097210701788
17.875,1529.2689721820232,-51.22179032972648,135.26215596792355,52.41881315106989,1.1970228213434098,0.008849650612010615
18.0,1529.26897281966,-51.20916447349294,135.2547858025317,52.414437941109924,1.2052734676169834,0.008911133609546725
18.125,1529.2689734572964,-51.19653862176164,135.24741563976795,52.4100627327101,1.2135241109484625,0.008972623286057376
18.25,1529.268974094933,-51.18391277003033,135.24004547700423,52.405687524310295,1.2217747542799628,0.009034119664561259
18.375,1529.2689747325694,-51.17128691829902,135.23267531424048,52.401312315910474,1.2300253976114561,0.00909562274615394
18.5,1529.2689753702061,-51.15866106206548,135.22530514884866,52.39693710595052,1.238276043885044,0.00915713255386643
18.625,1529.2689760078426,-51.146035210334176,135.2179349860849,52.3925618975507,1.246526687216523,0.009218649044927371
18.75,1529.2689766454794,-51.133409354100635,135.21056482069307,52.38818668759074,1.2547773334901038,0.0092801722643057
18.875,1529.2689772831156,-51.12079033695196,135.20319917593886,52.383813826667634,1.2630234897156711,0.009341668669186655
19.0,1529.2689779207524,-51.10818394206792,135.19584187648874,52.37944530106562,1.2712613589977053,0.009403109898595071
19.125,1529.2689785583889,-51.09557755167917,135.18848457966217,52.375076777021356,1.2794992253421853,0.009464557793664874
19.25,1529.2689791960254,-51.082971161290416,135.1811272828356,52.37070825297711,1.2877370916866937,0.009526012377396427
19.375,1529.2689798336621,-51.07036476640637,135.17376998338545,52.36633972737509,1.2959749609687208,0.009587473672799185
19.5,1529.2689804712986,-51.057758376017624,135.16641268655889,52.36197120333083,1.3042128273132079,0.009648941637132761
19.625,1529.2689811089351,-51.04515198562888,135.15905538973232,52.35760267928658,1.312450693657702,0.009710416293405123
19.75,1529.2689817465716,-51.032545595240116,135.15169809290572,52.353234155242326,1.3206885600022105,0.009771897642709197
19.875,1529.2689823842084,-51.01994908804934,135.14434732995468,52.34886902627627,1.3289199382269317,0.00983333720190587
20.0,1529.2689830218449,-51.00736210861178,135.13700286520748,52.34450717031254,1.3371450617007596,0.009894736699425664
20.125,1529.2689836594816,-50.99477512468586,135.1296583978413,52.340145312793425,1.345370188107566,0.00995614289312122
20.25,1529.268984297118,-50.98218814524831,135.1223139330941,52.3357834568297,1.353595311581394,0.010017555740287482
20.375,1529.2689849347546,-50.96960116581076,135.11496946834689,52.33142160086597,1.3618204350552148,0.010078975263908458
20.5,1529.268985572391,-50.95701418637321,135.10762500359965,52.32705974490224,1.3700455585290356,0.010140401465073001
20.625,1529.2689862100278,-50.94442720244728,135.1002805362335,52.32269788738313,1.378270684935849,0.010201834366777653
20.75,1529.2689868476643,-50.93184022300973,135.0929360714863,52.31833603141941,1.3864958084096841,0.010263273926299157
20.875,1529.2689874853008,-50.91926617621643,135.08560015556844,52.31397861879472,1.3947124425782889,0.01032465666934224
21.0,1529.2689881229376,-50.9066985578066,135.0782684893348,52.30962341479146,1.4029248569848605,0.010386014513471717
21.125,1529.268988760574,-50.89413094387823,135.0709368257155,52.30526821234122,1.411137268462987,0.010447378996740085
21.25,1529.2689893982106,-50.88156332994985,135.06360516209625,52.30091300989098,1.4193496799411278,0.010508750142110444
21.375,1529.2689900358473,-50.868995711540016,135.0562734958626,52.296557805887716,1.4275620943476994,0.010570127972555323
21.5,1529.2689906734838,-50.85642809761165,135.04894183224332,52.292202603437474,1.435774505825826,0.010631512445386897
21.625,1529.2689913111203,-50.84386048368328,135.04161016862406,52.28784740098723,1.4439869173039526,0.010692903583575993
21.75,1529.268991948757,-50.83129286527343,135.03427850239038,52.28349219698398,1.4521993317105455,0.010754301410103351
21.875,1529.2689925863936,-50.81874121460514,135.02695739017517,52.279142479976294,1.4604012653711536,0.010815627439128056
22.0,1529.26899322403,-50.806192920812634,135.01963849678947,52.27479391648922,1.4686009956765886,0.010876943621142264
22.125,1529.2689938616668,-50.793644622545564,135.01231960079392,52.27044535145151,1.4768007289059426,0.010938266472812
22.25,1529.2689944993033,-50.78109632875307,135.00500070740821,52.26609678796443,1.4850004592113564,0.010999595951484403
22.375,1529.26899513694,-50.768548030486,134.9976818114127,52.26174822292671,1.4932001924407103,0.011060932101979809
22.5,1529.2689957745765,-50.755999736693504,134.99036291802696,52.25739965943965,1.5013999227461454,0.011122274881636343
22.625,1529.268996412213,-50.743451442901005,134.9830440246413,52.253051095952564,1.5095996530515592,0.01118362431340621
22.75,1529.2689970498495,-50.730903149108514,134.9757251312556,52.248702532465494,1.51779938335698,0.011244980398371733
22.875,1529.2689976874863,-50.71837382692252,134.96841877747394,52.244360489172074,1.5259866622495508,0.011306249832899695
23.0,1529.2689983251228,-50.70584480441475,134.9611126214166,52.24001854888558,1.5341737444708272,0.011367524427383638
23.125,1529.2689989627595,-50.69331577743928,134.95380646275393,52.23567660705079,1.5423608296115106,0.011428805678313258
23.25,1529.268999600396,-50.680786754931525,134.94650030669658,52.23133466676431,1.550547911832787,0.011490093543061988
23.375,1529.2690002380327,-50.66825772795606,134.93919414803392,52.226992724929524,1.5587349969734632,0.011551388066416536
23.5,1529.269000875669,-50.65572870991599,134.93188799458184,52.22265078619132,1.5669220762753326,0.01161268918388107
23.625,1529.2690015133057,-50.643199682940526,134.92458183591918,52.21830884435655,1.575109161416023,0.011673996983970661
23.75,1529.2690021509422,-50.63067341205063,134.91727749840405,52.213967849900335,1.5832944378497018,0.011735297859597194
23.875,1529.269002788579,-50.61816361200324,134.9099840468038,52.209632517054075,1.5914689050508386,0.011796524299481916
24.0,1529.2690034262155,-50.60565381641669,134.90269059780434,52.20529718575374,1.599643369337052,0.011857757337888764
24.125,1529.2690040638522,-50.593144016369294,134.8953971462041,52.20096185290748,1.6078178365381888,0.011918997019561629
24.25,1529.2690047014887,-50.580634220782734,134.8881036972046,52.19662652160716,1.6159923008244235,0.011980243301899967
24.375,1529.2690053391252,-50.56812442519619,134.88081024820517,52.192291190306825,1.6241667651106368,0.012041496207813961
24.5,1529.269005976762,-50.55561462514879,134.87351679660492,52.187955857460565,1.6323412323117736,0.012102755760223963
24.625,1529.2690066143984,-50.54310482956223,134.86622334760543,52.18362052616023,1.6405156965980012,0.012164021916515904
24.75,1529.2690072520352,-50.53060081326864,134.85893371825222,52.1792871817069,1.6486863684382556,0.012225266231769985
24.875,1529.2690078896717,-50.51811019811023,134.85165294481547,52.174958444433365,1.6568482463231362,0.012286451149406068
25.0,1529.2690085273082,-50.505619582951816,134.8443721713787,52.17062970715984,1.665010124208024,0.012347642674266754
