point_index,deterministic_evaluation_count,detuning_n,detuning_hz,detuning_mhz,linewidth_hz,cooling_power_w_per_beam,cooling_beam_diameter_m,restoring_slope_x_n_per_m,restoring_slope_x_coarse_n_per_m,restoring_slope_x_relative_change,restoring_slope_x_numerical_uncertainty_n_per_m,restoring_slope_x_converged,turnaround_velocity_x_m_per_s,turnaround_velocity_x_coarse_m_per_s,turnaround_velocity_x_absolute_change_m_per_s,turnaround_velocity_x_numerical_uncertainty_m_per_s,turnaround_force_x_n,turnaround_x_interior,turnaround_x_converged,restoring_slope_y_n_per_m,restoring_slope_y_coarse_n_per_m,restoring_slope_y_relative_change,restoring_slope_y_numerical_uncertainty_n_per_m,restoring_slope_y_converged,turnaround_velocity_y_m_per_s,turnaround_velocity_y_coarse_m_per_s,turnaround_velocity_y_absolute_change_m_per_s,turnaround_velocity_y_numerical_uncertainty_m_per_s,turnaround_force_y_n,turnaround_y_interior,turnaround_y_converged,restoring_slope_z_n_per_m,restoring_slope_z_coarse_n_per_m,restoring_slope_z_relative_change,restoring_slope_z_numerical_uncertainty_n_per_m,restoring_slope_z_converged,turnaround_velocity_z_m_per_s,turnaround_velocity_z_coarse_m_per_s,turnaround_velocity_z_absolute_change_m_per_s,turnaround_velocity_z_numerical_uncertainty_m_per_s,turnaround_force_z_n,turnaround_z_interior,turnaround_z_converged,all_converged,point_wall_time_s
0,1,-0.5,-3032500.0,-3.0325,6065000.0,0.027,0.0127,-2.5203946867212966e-21,-2.5216255143841867e-21,0.0004883471899757159,1.2308276628900701e-24,True,17.070663455944622,17.071448748725608,0.0007852927809857135,0.0007852927809857135,-4.440142183104087e-23,True,True,-2.5203946867212966e-21,-2.5216255143841867e-21,0.0004883471899757159,1.2308276628900701e-24,True,17.070663455944622,17.071448748725608,0.0007852927809857135,0.0007852927809857135,-4.440142183104087e-23,True,True,-5.040749066382653e-21,-5.043089699749251e-21,0.00046434236971002737,2.3406333665977293e-24,True,17.070663455944622,17.071448748725608,0.0007852927809857135,0.0007852927809857135,-4.440142183104087e-23,True,True,True,0.0795349000254646
1,1,-0.55,-3335750.0000000005,-3.3357500000000004,6065000.0,0.027,0.0127,-2.764948295428429e-21,-2.7662967775492983e-21,0.00048770608951312545,1.348482120869381e-24,True,17.093827945383676,17.094276157108897,0.000448211725220915,0.000448211725220915,-4.879216156185526e-23,True,True,-2.764948295428429e-21,-2.7662967775492983e-21,0.00048770608951312545,1.348482120869381e-24,True,17.093827945383676,17.094276157108897,0.000448211725220915,0.000448211725220915,-4.879216156185526e-23,True,True,-5.529852487046085e-21,-5.5324170298155984e-21,0.0004637633237994965,2.5645427695134044e-24,True,17.093827945383676,17.094276157108897,0.000448211725220915,0.000448211725220915,-4.879216156185526e-23,True,True,True,0.08232450002105907
2,1,-0.6,-3639000.0,-3.639,6065000.0,0.027,0.0127,-3.0074009794850456e-21,-3.008865601429079e-21,0.00048700587451564007,1.464621944033307e-24,True,17.11911733641791,17.119201447336412,8.411091850035746e-05,8.411091850035746e-05,-5.316895362403899e-23,True,True,-3.0074009794850456e-21,-3.008865601429079e-21,0.00048700587451564007,1.464621944033307e-24,True,17.11911733641791,17.119201447336412,8.411091850035746e-05,8.411091850035746e-05,-5.316895362403899e-23,True,True,-6.014754123230886e-21,-6.017539740842569e-21,0.00046313075391122676,2.78561761168258e-24,True,17.11911733641791,17.119201447336412,8.411091850035746e-05,8.411091850035746e-05,-5.316895362403899e-23,True,True,True,0.07823899999493733
3,1,-0.65,-3942250.0,-3.94225,6065000.0,0.027,0.0127,-3.247578682612251e-21,-3.249157808212153e-21,0.0004862470641147048,1.5791255999017078e-24,True,17.146510957358274,17.146825840801878,0.0003148834436039749,0.0003148834436039749,-5.753060449265353e-23,True,True,-3.247578682612251e-21,-3.249157808212153e-21,0.0004862470641147048,1.5791255999017078e-24,True,17.146510957358274,17.146825840801878,0.0003148834436039749,0.0003148834436039749,-5.753060449265353e-23,True,True,-6.4951058673821704e-21,-6.498109497221378e-21,0.000462445093357414,3.0036298392078353e-24,True,17.146510957358274,17.146825840801878,0.0003148834436039749,0.0003148834436039749,-5.753060449265353e-23,True,True,True,0.07984830002533272
4,1,-0.7,-4245500.0,-4.2455,6065000.0,0.027,0.0127,-3.485311595176585e-21,-3.487003470749949e-21,0.00048543021969839583,1.691875573363936e-24,True,17.175986959811286,17.176728436589233,0.0007414767779465592,0.0007414767779465592,-6.187593912226336e-23,True,True,-3.485311595176585e-21,-3.487003470749949e-21,0.00048543021969839583,1.691875573363936e-24,True,17.175986959811286,17.176728436589233,0.0007414767779465592,0.0007414767779465592,-6.187593912226336e-23,True,True,-6.970568105008344e-21,-6.973786463787229e-21,0.00046170681218544296,3.2183587788849264e-24,True,17.175986959811286,17.176728436589233,0.0007414767779465592,0.0007414767779465592,-6.187593912226336e-23,True,True,True,0.07654649997130036
5,1,-0.75,-4548750.0,-4.54875,6065000.0,0.027,0.0127,-3.720434438764978e-21,-3.7222371973803914e-21,0.0004845559423463136,1.8027586154134424e-24,True,17.207811549498885,17.20871408188928,0.000902532390394839,0.000902532390394839,-6.620379359792298e-23,True,True,-3.720434438764978e-21,-3.7222371973803914e-21,0.0004845559423463136,1.8027586154134424e-24,True,17.207811549498885,17.20871408188928,0.000902532390394839,0.000902532390394839,-6.620379359792298e-23,True,True,-7.440810283839485e-21,-7.444239875430962e-21,0.00046091641375749324,3.429591591477171e-24,True,17.207811549498885,17.20871408188928,0.000902532390394839,0.000902532390394839,-6.620379359792298e-23,True,True,True,0.07618239999283105
6,1,-0.8,-4852000.0,-4.852,6065000.0,0.027,0.0127,-3.9527867353485095e-21,-3.954698401323465e-21,0.0004836248709954027,1.911665974955262e-24,True,17.241861600175074,17.24275740604892,0.0008958058738457453,0.0008958058738457453,-7.051305630025133e-23,True,True,-3.9527867353485095e-21,-3.954698401323465e-21,0.0004836248709954027,1.911665974955262e-24,True,17.241861600175074,17.24275740604892,0.0008958058738457453,0.0008958058738457453,-7.051305630025133e-23,True,True,-7.905511452121002e-21,-7.90914857582059e-21,0.0004600744330857046,3.6371236995871155e-24,True,17.241861600175074,17.24275740604892,0.0008958058738457453,0.0008958058738457453,-7.051305630025133e-23,True,True,True,0.076152199995704
7,1,-0.85,-5155250.0,-5.15525,6065000.0,0.027,0.0127,-4.182213060249731e-21,-4.184231553873292e-21,0.00048263768356172736,2.0184936235605332e-24,True,17.277943507140083,17.278832233312148,0.0008887261720644801,0.0008887261720644801,-7.48026077912927e-23,True,True,-4.182213060249731e-21,-4.184231553873292e-21,0.00048263768356172736,2.0184936235605332e-24,True,17.277943507140083,17.278832233312148,0.0008887261720644801,0.0008887261720644801,-7.48026077912927e-23,True,True,-8.364360764549223e-21,-8.36820152376477e-21,0.0004591814394024407,3.840759215547012e-24,True,17.277943507140083,17.278832233312148,0.0008887261720644801,0.0008887261720644801,-7.48026077912927e-23,True,True,True,0.07748059998266399
8,1,-0.9,-5458500.0,-5.4585,6065000.0,0.027,0.0127,-4.408563278306066e-21,-4.41068642074585e-21,0.00048159509249457875,2.123142439784013e-24,True,17.316080947350443,17.316911746642273,0.0008307992918297202,0.0008307992918297202,-7.907134911016427e-23,True,True,-4.408563278306066e-21,-4.41068642074585e-21,0.00048159509249457875,2.123142439784013e-24,True,17.316080947350443,17.316911746642273,0.0008307992918297202,0.0008307992918297202,-7.907134911016427e-23,True,True,-8.81705795457938e-21,-8.821098265856983e-21,0.000458238031145466,4.040311277601925e-24,True,17.316080947350443,17.316911746642273,0.0008307992918297202,0.0008307992918297202,-7.907134911016427e-23,True,True,True,0.07605839997995645
9,1,-0.95,-5761750.0,-5.76175,6065000.0,0.027,0.0127,-4.631692762586986e-21,-4.633918280992693e-21,0.00048049784814822004,2.2255184057067315e-24,True,17.35671311862294,17.356968654959267,0.00025553633632569017,0.00025553633632569017,-8.331824368175924e-23,True,True,-4.631692762586986e-21,-4.633918280992693e-21,0.00048049784814822004,2.2255184057067315e-24,True,17.35671311862294,17.356968654959267,0.00025553633632569017,0.00025553633632569017,-8.331824368175924e-23,True,True,-9.263313771882549e-21,-9.267549374290283e-21,0.0004572448382986375,4.235602407733978e-24,True,17.35671311862294,17.356968654959267,0.00025553633632569017,0.00025553633632569017,-8.331824368175924e-23,True,True,True,0.07710219995351508
10,1,-1.0,-6065000.0,-6.065,6065000.0,0.027,0.0127,-4.851462595276599e-21,-4.853788128016131e-21,0.0004793467318074146,2.3255327395317554e-24,True,17.39931185349811,17.399658533276458,0.00034667977834956787,0.00034667977834956787,-8.754224746434107e-23,True,True,-4.851462595276599e-21,-4.853788128016131e-21,0.0004793467318074146,2.3255327395317554e-24,True,17.39931185349811,17.399658533276458,0.00034667977834956787,0.00034667977834956787,-8.754224746434107e-23,True,True,-9.702850384053436e-21,-9.707276848837342e-21,0.000456202518713568,4.426464783906088e-24,True,17.39931185349811,17.399658533276458,0.00034667977834956787,0.00034667977834956787,-8.754224746434107e-23,True,True,True,0.07941309997113422
11,1,-1.05,-6368250.0,-6.36825,6065000.0,0.027,0.0127,-5.0677397502128675e-21,-5.0701628522720805e-21,0.00047814256032212787,2.423102059213001e-24,True,17.443937032060962,17.44481941290727,0.0008823808463063187,0.0008823808463063187,-9.174233675355013e-23,True,True,-5.0677397502128675e-21,-5.0701628522720805e-21,0.00047814256032212787,2.423102059213001e-24,True,17.443937032060962,17.44481941290727,0.0008823808463063187,0.0008823808463063187,-9.174233675355013e-23,True,True,-1.013540174173962e-20,-1.014001448225851e-20,0.000455111759398129,4.612740518889979e-24,True,17.443937032060962,17.44481941290727,0.0008823808463063187,0.0008823808463063187,-9.174233675355013e-23,True,True,True,0.07769829995231703
12,1,-1.1,-6671500.000000001,-6.671500000000001,6065000.0,0.027,0.0127,-5.28039725690105e-21,-5.282915405372843e-21,0.00047688617906574936,2.5181484717928058e-24,True,17.491027402608097,17.491900743455084,0.0008733408469865367,0.0008733408469865367,-9.591756047847365e-23,True,True,-5.28039725690105e-21,-5.282915405372843e-21,0.00047688617906574936,2.5181484717928058e-24,True,17.491027402608097,17.491900743455084,0.0008733408469865367,0.0008733408469865367,-9.591756047847365e-23,True,True,-1.0560713906613875e-20,-1.0565508188479144e-20,0.0004539732737449566,4.7942818652693905e-24,True,17.491027402608097,17.491900743455084,0.0008733408469865367,0.0008733408469865367,-9.591756047847365e-23,True,True,True,0.07919920003041625
13,1,-1.15,-6974749.999999999,-6.974749999999999,6065000.0,0.027,0.0127,-5.489314345679727e-21,-5.4919249453716185e-21,0.0004755784652679595,2.6105996918917577e-24,True,17.540006882393055,17.540870906114073,0.0008640237210180146,0.0008640237210180146,-1.0006695608040813e-22,True,True,-5.489314345679727e-21,-5.4919249453716185e-21,0.0004755784652679595,2.6105996918917577e-24,True,17.540006882393055,17.540870906114073,0.0008640237210180146,0.0008640237210180146,-1.0006695608040813e-22,True,True,-1.0978545341753252e-20,-1.0983516293157716e-20,0.00045278780109043364,4.970951404464079e-24,True,17.540006882393055,17.540870906114073,0.0008640237210180146,0.0008640237210180146,-1.0006695608040813e-22,True,True,True,0.07933199999388307
14,1,-1.2,-7278000.0,-7.278,6065000.0,0.027,0.0127,-5.694376574014034e-21,-5.697076963114047e-21,0.000474220323316215,2.700389100013216e-24,True,17.591237133125222,17.591698612487818,0.00046147936259544053,0.00046147936259544053,-1.0418958482779745e-22,True,True,-5.694376574014034e-21,-5.697076963114047e-21,0.000474220323316215,2.700389100013216e-24,True,17.591237133125222,17.591698612487818,0.00046147936259544053,0.00046147936259544053,-1.0418958482779745e-22,True,True,-1.1388667164176643e-20,-1.139380978636913e-20,0.0004515561055875235,5.14262219248811e-24,True,17.591237133125222,17.591698612487818,0.00046147936259544053,0.00046147936259544053,-1.0418958482779745e-22,True,True,True,0.07932160003110766
15,1,-1.25,-7581250.0,-7.58125,6065000.0,0.027,0.0127,-5.89547593380231e-21,-5.898263389601747e-21,0.0004728126839522958,2.7874557994372378e-24,True,17.644618016199615,17.644891024463252,0.0002730082636368536,0.0002730082636368536,-1.0828459024619431e-22,True,True,-5.89547593380231e-21,-5.898263389601747e-21,0.0004728126839522958,2.7874557994372378e-24,True,17.644618016199615,17.644891024463252,0.0002730082636368536,0.0002730082636368536,-1.0828459024619431e-22,True,True,-1.179086335948346e-20,-1.1796172537351556e-20,0.0004502789750188341,5.309177868095339e-24,True,17.644618016199615,17.644891024463252,0.0002730082636368536,0.0002730082636368536,-1.0828459024619431e-22,True,True,True,0.0787885999889113
16,1,-1.3,-7884500.0,-7.8845,6065000.0,0.027,0.0127,-6.092510939788318e-21,-6.095382684448267e-21,0.000471356504457708,2.871744659948967e-24,True,17.699970719374203,17.700829762725544,0.0008590433513404605,0.0008590433513404605,-1.1235107831144497e-22,True,True,-6.092510939788318e-21,-6.095382684448267e-21,0.000471356504457708,2.871744659948967e-24,True,17.699970719374203,17.700829762725544,0.0008590433513404605,0.0008590433513404605,-1.1235107831144497e-22,True,True,-1.2184930958688433e-20,-1.2190401471410805e-20,0.00044895721944743157,5.470512722371686e-24,True,17.699970719374203,17.700829762725544,0.0008590433513404605,0.0008590433513404605,-1.1235107831144497e-22,True,True,True,0.07891570002539083
17,1,-1.35,-8187750.000000001,-8.187750000000001,6065000.0,0.027,0.0127,-6.285386699220099e-21,-6.288339905536527e-21,0.0004698527644758087,2.9532063164280417e-24,True,17.757695793457295,17.758544099729498,0.0008483062722035584,0.0008483062722035584,-1.1638825598617934e-22,True,True,-6.285386699220099e-21,-6.288339905536527e-21,0.0004698527644758087,2.9532063164280417e-24,True,17.757695793457295,17.758544099729498,0.0008483062722035584,0.0008483062722035584,-1.1638825598617934e-22,True,True,-1.25706801775111e-20,-1.2576306709244625e-20,0.00044759166998704626,5.626531733525253e-24,True,17.757695793457295,17.758544099729498,0.0008483062722035584,0.0008483062722035584,-1.1638825598617934e-22,True,True,True,0.07810839999001473
18,1,-1.4,-8491000.0,-8.491,6065000.0,0.027,0.0127,-6.474014962920972e-21,-6.477046760102516e-21,0.00046830246746541894,3.031797181543934e-24,True,17.817227315051802,17.818001311272155,0.0007739962203530126,0.0007739962203530126,-1.203952935032356e-22,True,True,-6.474014962920972e-21,-6.477046760102516e-21,0.00046830246746541894,3.031797181543934e-24,True,17.817227315051802,17.818001311272155,0.0007739962203530126,0.0007739962203530126,-1.203952935032356e-22,True,True,-1.2947934518560122e-20,-1.2953711669130303e-20,0.0004461831778574611,5.7771505701814705e-24,True,17.817227315051802,17.818001311272155,0.0007739962203530126,0.0007739962203530126,-1.203952935032356e-22,True,True,True,0.07798619999084622
19,1,-1.45,-8794250.0,-8.79425,6065000.0,0.027,0.0127,-6.658314158124381e-21,-6.661421637528289e-21,0.0004667066362611693,3.107479403908349e-24,True,17.879225708500645,17.879283245353832,5.7536853187656334e-05,5.7536853187656334e-05,-1.2437146146149486e-22,True,True,-6.658314158124381e-21,-6.661421637528289e-21,0.0004667066362611693,3.107479403908349e-24,True,17.879225708500645,17.879283245353832,5.7536853187656334e-05,5.7536853187656334e-05,-1.2437146146149486e-22,True,True,-1.3316530836971947e-20,-1.3322453132528062e-20,0.0004447326130670517,5.922295556114507e-24,True,17.879225708500645,17.879283245353832,5.7536853187656334e-05,5.7536853187656334e-05,-1.2437146146149486e-22,True,True,True,0.07909950002795085
20,1,-1.5,-9097500.0,-9.0975,6065000.0,0.027,0.0127,-6.838209403386686e-21,-6.841389624219966e-21,0.00046506631278428077,3.1802208332798424e-24,True,17.942976164711684,17.943814974439732,0.0008388097280480622,0.0008388097280480622,-1.2831599578220119e-22,True,True,-6.838209403386686e-21,-6.841389624219966e-21,0.00046506631278428077,3.1802208332798424e-24,True,17.942976164711684,17.943814974439732,0.0008388097280480622,0.0008388097280480622,-1.2831599578220119e-22,True,True,-1.3676319370257085e-20,-1.3682381273852107e-20,0.0004432408626113925,6.061903595021647e-24,True,17.942976164711684,17.943814974439732,0.0008388097280480622,0.0008388097280480622,-1.2831599578220119e-22,True,True,True,0.07861109997611493
21,1,-1.55,-9400750.0,-9.40075,6065000.0,0.027,0.0127,-7.013632506014244e-21,-7.016882500978387e-21,0.00046338255694990506,3.2499949641438506e-24,True,18.00916472613107,18.009991568410502,0.0008268422794337482,0.0008268422794337482,-1.3222823416119286e-22,True,True,-7.013632506014244e-21,-7.016882500978387e-21,0.00046338255694990506,3.2499949641438506e-24,True,18.00916472613107,18.009991568410502,0.0008268422794337482,0.0008268422794337482,-1.3222823416119286e-22,True,True,-1.4027163733174952e-20,-1.4033359655256597e-20,0.0004417088300602754,6.1959220816446334e-24,True,18.00916472613107,18.009991568410502,0.0008268422794337482,0.0008268422794337482,-1.3222823416119286e-22,True,True,True,0.07982479996280745
22,1,-1.6,-9704000.0,-9.704,6065000.0,0.027,0.0127,-7.18452194253139e-21,-7.18783872338387e-21,0.0004616564440906331,3.316780852480169e-24,True,18.07715792285139,18.077781470936575,0.0006235480851835007,0.0006235480851835007,-1.3610747654541531e-22,True,True,-7.18452194253139e-21,-7.18783872338387e-21,0.0004616564440906331,3.316780852480169e-24,True,18.07715792285139,18.077781470936575,0.0006235480851835007,0.0006235480851835007,-1.3610747654541531e-22,True,True,-1.436894087864162e-20,-1.4375265187406582e-20,0.00044013743381483757,6.3243087649624395e-24,True,18.07715792285139,18.077781470936575,0.0006235480851835007,0.0006235480851835007,-1.3610747654541531e-22,True,True,True,0.07870760001242161
23,1,-1.65,-10007250.0,-10.00725,6065000.0,0.027,0.0127,-7.350822822681163e-21,-7.354203385712298e-21,0.0004598890644873202,3.3805630311348825e-24,True,18.14744286890946,18.147739631628617,0.00029676271915590746,0.00029676271915590746,-1.3995313143254325e-22,True,True,-7.350822822681163e-21,-7.354203385712298e-21,0.0004598890644873202,3.3805630311348825e-24,True,18.14744286890946,18.147739631628617,0.00029676271915590746,0.00029676271915590746,-1.3995313143254325e-22,True,True,-1.4701541025786758e-20,-1.4707988057375056e-20,0.0004385276058469144,6.447031588298456e-24,True,18.14744286890946,18.147739631628617,0.00029676271915590746,0.00029676271915590746,-1.3995313143254325e-22,True,True,True,0.07847070001298562
24,1,-1.7,-10310500.0,-10.3105,6065000.0,0.027,0.0127,-7.51248683763302e-21,-7.515928169026698e-21,0.00045808152054773246,3.44133139367776e-24,True,18.219686610215767,18.22049981292871,0.000813202712944161,0.000813202712944161,-1.4376456143662353e-22,True,True,-7.51248683763302e-21,-7.515928169026698e-21,0.00045808152054773246,3.44133139367776e-24,True,18.219686610215767,18.22049981292871,0.000813202712944161,0.000813202712944161,-1.4376456143662353e-22,True,True,-1.5024867556320156e-20,-1.5031431624831292e-20,0.0004368802910595183,6.564068511135863e-24,True,18.219686610215767,18.22049981292871,0.000813202712944161,0.000813202712944161,-1.4376456143662353e-22,True,True,True,0.07681969995610416
25,1,-1.75,-10613750.0,-10.61375,6065000.0,0.027,0.0127,-7.669472192971199e-21,-7.672971274057455e-21,0.000456234927021909,3.4990810862567755e-24,True,18.29396539147171,18.29476561066646,0.0008002191947511506,0.0008002191947511506,-1.4754124608198646e-22,True,True,-7.669472192971199e-21,-7.672971274057455e-21,0.000456234927021909,3.4990810862567755e-24,True,18.29396539147171,18.29476561066646,0.0008002191947511506,0.0008002191947511506,-1.4754124608198646e-22,True,True,-1.5338836880590264e-20,-1.5345512287866152e-20,0.0004351964446753168,6.67540727588751e-24,True,18.29396539147171,18.29476561066646,0.0008002191947511506,0.0008002191947511506,-1.4754124608198646e-22,True,True,True,0.08060590003151447
26,1,-1.8,-10917000.0,-10.917,6065000.0,0.027,0.0127,-7.821743527248942e-21,-7.825297339600909e-21,0.0004543504066051067,3.553812351966418e-24,True,18.37045212319922,18.37050935046602,5.7227266797355014e-05,5.7227266797355014e-05,-1.5128261357947663e-22,True,True,-7.821743527248942e-21,-7.825297339600909e-21,0.0004543504066051067,3.553812351966418e-24,True,18.37045212319922,18.37050935046602,5.7227266797355014e-05,5.7227266797355014e-05,-1.5128261357947663e-22,True,True,-1.5643378274620233e-20,-1.5650159319811847e-20,0.0004334770324269108,6.781045191613986e-24,True,18.37045212319922,18.37050935046602,5.7227266797355014e-05,5.7227266797355014e-05,-1.5128261357947663e-22,True,True,True,0.08067269995808601
27,1,-1.85,-11220250.0,-11.22025,6065000.0,0.027,0.0127,-7.969271816736783e-21,-7.972877347146313e-21,0.0004524290916965516,3.605530409529151e-24,True,18.448756988980193,18.449553638245174,0.0007966492649806867,0.0007966492649806867,-1.5498818962165276e-22,True,True,-7.969271816736783e-21,-7.972877347146313e-21,0.0004524290916965516,3.605530409529151e-24,True,18.448756988980193,18.449553638245174,0.0007966492649806867,0.0007966492649806867,-1.5498818962165276e-22,True,True,-1.593843368969288e-20,-1.5945314678557002e-20,0.00043172302862936994,6.880988864122594e-24,True,18.448756988980193,18.449553638245174,0.0007966492649806867,0.0007966492649806867,-1.5498818962165276e-22,True,True,True,0.07832029997371137
28,1,-1.9,-11523500.0,-11.5235,6065000.0,0.027,0.0127,-8.112034267234746e-21,-8.115688512516897e-21,0.000450472121020345,3.654245282150956e-24,True,18.529323202977494,18.530106109666963,0.0007829066894693426,0.0007829066894693426,-1.5865753195691625e-22,True,True,-8.112034267234746e-21,-8.115688512516897e-21,0.000450472121020345,3.654245282150956e-24,True,18.529323202977494,18.530106109666963,0.0007829066894693426,0.0007829066894693426,-1.5865753195691625e-22,True,True,-1.6223957535936533e-20,-1.6230932789848973e-20,0.0004299354147710247,6.975253912440365e-24,True,18.529323202977494,18.530106109666963,0.0007829066894693426,0.0007829066894693426,-1.5865753195691625e-22,True,True,True,0.07908440002938733
29,1,-1.95,-11826750.0,-11.82675,6065000.0,0.027,0.0127,-8.250014193660346e-21,-8.253714165291412e-21,0.00044848063824060275,3.6999716310668235e-24,True,18.611864838392325,18.612026340288956,0.00016150189663122205,0.00016150189663122205,-1.622901687592394e-22,True,True,-8.250014193660346e-21,-8.253714165291412e-21,0.00044848063824060275,3.6999716310668235e-24,True,18.611864838392325,18.612026340288956,0.00016150189663122205,0.00016150189663122205,-1.622901687592394e-22,True,True,-1.649991644152078e-20,-1.6506980306207482e-20,0.0004281151793548339,7.063864686701442e-24,True,18.611864838392325,18.612026340288956,0.00016150189663122205,0.00016150189663122205,-1.622901687592394e-22,True,True,True,0.07916409999597818
30,1,-2.0,-12130000.0,-12.13,6065000.0,0.027,0.0127,-8.383200888263448e-21,-8.386943616850192e-21,0.0004464557913652495,3.74272858674352e-24,True,18.696258243254512,18.69703566752956,0.0007774242750464566,0.0007774242750464566,-1.6588572699534921e-22,True,True,-8.383200888263448e-21,-8.386943616850192e-21,0.0004464557913652495,3.74272858674352e-24,True,18.696258243254512,18.69703566752956,0.0007774242750464566,0.0007774242750464566,-1.6588572699534921e-22,True,True,-1.676628898911535e-20,-1.6773435843045412e-20,0.00042626331531693334,7.146853930062104e-24,True,18.696258243254512,18.69703566752956,0.0007774242750464566,0.0007774242750464566,-1.6588572699534921e-22,True,True,True,0.10215120000066236
31,1,-2.05,-12433249.999999998,-12.433249999999997,6065000.0,0.027,0.0127,-8.51158947828707e-21,-8.515372017844105e-21,0.0004443987303057319,3.782539557034401e-24,True,18.782886337377427,18.78364938134023,0.0007630439628023566,0.0007630439628023566,-1.694438618586261e-22,True,True,-8.51158947828707e-21,-8.515372017844105e-21,0.0004443987303057319,3.782539557034401e-24,True,18.782886337377427,18.78364938134023,0.0007630439628023566,0.0007630439628023566,-1.694438618586261e-22,True,True,-1.702306543121075e-20,-1.703028969367067e-20,0.00042438081960696734,7.22426245992025e-24,True,18.782886337377427,18.78364938134023,0.0007630439628023566,0.0007630439628023566,-1.694438618586261e-22,True,True,True,0.11372429999755695
32,1,-2.1,-12736500.0,-12.7365,6065000.0,0.027,0.0127,-8.635180773914831e-21,-8.639000205960048e-21,0.0004423106064848566,3.8194320452166426e-24,True,18.87147803315472,18.871520171441077,4.213828635712957e-05,4.213828635712957e-05,-1.7296419907135191e-22,True,True,-8.635180773914831e-21,-8.639000205960048e-21,0.0004423106064848566,3.8194320452166426e-24,True,18.87147803315472,18.871520171441077,4.213828635712957e-05,4.213828635712957e-05,-1.7296419907135191e-22,True,True,-1.7270247386022598e-20,-1.7277543524851492e-20,0.0004224686923013946,7.296138828894546e-24,True,18.87147803315472,18.871520171441077,4.213828635712957e-05,4.213828635712957e-05,-1.7296419907135191e-22,True,True,True,0.10611120000248775
33,1,-2.15,-13039750.0,-13.03975,6065000.0,0.027,0.0127,-8.753981107349542e-21,-8.757834544799224e-21,0.000440192570948923,3.853437449682495e-24,True,18.96193832420861,18.962694124015318,0.0007557998067078131,0.0007557998067078131,-1.764464608318249e-22,True,True,-8.753981107349542e-21,-8.757834544799224e-21,0.000440192570948923,3.853437449682495e-24,True,18.96193832420861,18.962694124015318,0.0007557998067078131,0.0007557998067078131,-1.764464608318249e-22,True,True,-1.7507847515676993e-20,-1.7515210054630363e-20,0.00042052793450349067,7.362538953369716e-24,True,18.96193832420861,18.962694124015318,0.0007557998067078131,0.0007557998067078131,-1.764464608318249e-22,True,True,True,0.11718820000533015
34,1,-2.2,-13343000.000000002,-13.343000000000002,6065000.0,0.027,0.0127,-8.868002163878676e-21,-8.871886754741378e-21,0.0004380457729842423,3.884590862702168e-24,True,19.054375608145364,19.05511651278286,0.0007409046374959871,0.0007409046374959871,-1.7989040009602067e-22,True,True,-8.868002163878676e-21,-8.871886754741378e-21,0.0004380457729842423,3.884590862702168e-24,True,19.054375608145364,19.05511651278286,0.0007409046374959871,0.0007409046374959871,-1.7989040009602067e-22,True,True,-1.773588918832643e-20,-1.7743312714102324e-20,0.00041855954878084985,7.423525775893064e-24,True,19.054375608145364,19.05511651278286,0.0007409046374959871,0.0007409046374959871,-1.7989040009602067e-22,True,True,True,0.11374549998436123
35,1,-2.25,-13646250.0,-13.64625,6065000.0,0.027,0.0127,-8.977260805756168e-21,-8.981173736626751e-21,0.00043587135934316135,3.912930870583025e-24,True,19.148966693971147,19.14925354144049,0.0002868474693435985,0.0002868474693435985,-1.8329573654725683e-22,True,True,-8.977260805756168e-21,-8.981173736626751e-21,0.00043587135934316135,3.912930870583025e-24,True,19.148966693971147,19.14925354144049,0.0002868474693435985,0.0002868474693435985,-1.8329573654725683e-22,True,True,-1.7954406125955692e-20,-1.796188529482027e-20,0.0004165645364212749,7.47916886457803e-24,True,19.148966693971147,19.14925354144049,0.0002868474693435985,0.0002868474693435985,-1.8329573654725683e-22,True,True,True,0.1211263999575749
36,1,-2.3,-13949499.999999998,-13.949499999999999,6065000.0,0.027,0.0127,-9.081778889758162e-21,-9.085717389098362e-21,0.00043367047227293624,3.938499340199805e-24,True,19.245427233539363,19.246159300321192,0.0007320667818291327,0.0007320667818291327,-1.8666228130327578e-22,True,True,-9.081778889758162e-21,-9.085717389098362e-21,0.00043367047227293624,3.938499340199805e-24,True,19.245427233539363,19.246159300321192,0.0007320667818291327,0.0007320667818291327,-1.8666228130327578e-22,True,True,-1.816344203948302e-20,-1.8170971583541103e-20,0.0004145438976662925,7.529544058083084e-24,True,19.245427233539363,19.246159300321192,0.0007320667818291327,0.0007320667818291327,-1.8666228130327578e-22,True,True,True,0.11155769997276366
37,1,-2.35,-14252750.0,-14.25275,6065000.0,0.027,0.0127,-9.181583079221469e-21,-9.18554442044581e-21,0.00043144424988159844,3.9613412243402836e-24,True,19.343762699949387,19.344120665220657,0.0003579652712701886,0.0003579652712701886,-1.8998985830734385e-22,True,True,-9.181583079221469e-21,-9.18554442044581e-21,0.00043144424988159844,3.9613412243402836e-24,True,19.343762699949387,19.344120665220657,0.0003579652712701886,0.0003579652712701886,-1.8998985830734385e-22,True,True,-1.8363050252866176e-20,-1.837062498593966e-20,0.00041249863008467586,7.574733073483358e-24,True,19.343762699949387,19.344120665220657,0.0003579652712701886,0.0003579652712701886,-1.8998985830734385e-22,True,True,True,0.10920980002265424
38,1,-2.4,-14556000.0,-14.556,6065000.0,0.027,0.0127,-9.276704651402612e-21,-9.280686155732498e-21,0.00042919382253745787,3.981504329886502e-24,True,19.443976871340205,19.44469908657526,0.0007222152350543354,0.0007222152350543354,-1.9327831988441282e-22,True,True,-9.276704651402612e-21,-9.280686155732498e-21,0.00042919382253745787,3.981504329886502e-24,True,19.443976871340205,19.44469908657526,0.0007222152350543354,0.0007222152350543354,-1.9327831988441282e-22,True,True,-1.8553293317812062e-20,-1.8560908140935124e-20,0.0004104297276296035,7.614823123061747e-24,True,19.443976871340205,19.44469908657526,0.0007222152350543354,0.0007222152350543354,-1.9327831988441282e-22,True,True,True,0.1144392000278458
39,1,-2.45,-14859250.000000002,-14.859250000000001,6065000.0,0.027,0.0127,-9.367179300913537e-21,-9.371178340041873e-21,0.00042692031398890325,3.9990391283363624e-24,True,19.546257925759818,19.546964450084047,0.0007065243242294628,0.0007065243242294628,-1.96527564166426e-22,True,True,-9.367179300913537e-21,-9.371178340041873e-21,0.00042692031398890325,3.9990391283363624e-24,True,19.546257925759818,19.546964450084047,0.0007065243242294628,0.0007065243242294628,-1.96527564166426e-22,True,True,-1.873424262067637e-20,-1.874189252721168e-20,0.00040833817999490505,7.649906535309969e-24,True,19.546257925759818,19.546964450084047,0.0007065243242294628,0.0007065243242294628,-1.96527564166426e-22,True,True,True,0.10803730000043288
40,1,-2.5,-15162500.0,-15.1625,6065000.0,0.027,0.0127,-9.453046940045566e-21,-9.457060938587893e-21,0.00042462483977753106,4.013998542326329e-24,True,19.6504692048762,19.650759385702777,0.00029018082657827904,0.00029018082657827904,-1.9973745711101846e-22,True,True,-9.453046940045566e-21,-9.457060938587893e-21,0.00042462483977753106,4.013998542326329e-24,True,19.6504692048762,19.650759385702777,0.00029018082657827904,0.00029018082657827904,-1.9973745711101846e-22,True,True,-1.8905977983126512e-20,-1.8913658063488852e-20,0.00040622497123366034,7.680080362339783e-24,True,19.6504692048762,19.650759385702777,0.00029018082657827904,0.00029018082657827904,-1.9973745711101846e-22,True,True,True,0.10719969996716827
41,1,-2.55,-15465749.999999998,-15.465749999999998,6065000.0,0.027,0.0127,-9.534351496723545e-21,-9.538377934451004e-21,0.0004223085050769687,4.026437727459679e-24,True,19.75653580399667,19.75723116782605,0.0006953638293794029,0.0006953638293794029,-2.029079529884331e-22,True,True,-9.534351496723545e-21,-9.538377934451004e-21,0.0004223085050769687,4.026437727459679e-24,True,19.75653580399667,19.75723116782605,0.0006953638293794029,0.0006953638293794029,-2.029079529884331e-22,True,True,-1.9068587258029247e-20,-1.9076292704042818e-20,0.00040409107970631466,7.705446013571113e-24,True,19.75653580399667,19.75723116782605,0.0006953638293794029,0.0006953638293794029,-2.029079529884331e-22,True,True,True,0.10951440001372248
42,1,-2.6,-15769000.0,-15.769,6065000.0,0.027,0.0127,-9.611140710781383e-21,-9.615177124668909e-21,0.0004199724058766173,4.036413887525559e-24,True,19.864455111731257,19.864569569201386,0.00011445747012928109,0.00011445747012928109,-2.0603901295927248e-22,True,True,-9.611140710781383e-21,-9.615177124668909e-21,0.0004199724058766173,4.036413887525559e-24,True,19.864455111731257,19.864569569201386,0.00011445747012928109,0.00011445747012928109,-2.0603901295927248e-22,True,True,-1.922216592206194e-20,-1.922989203091756e-20,0.0004019374760860109,7.726108855620103e-24,True,19.864455111731257,19.864569569201386,0.00011445747012928109,0.00011445747012928109,-2.0603901295927248e-22,True,True,True,0.10901699995156378
43,1,-2.65,-16072250.0,-16.07225,6065000.0,0.027,0.0127,-9.683465929314138e-21,-9.687509915367167e-21,0.0004176176260182815,4.0439860530290826e-24,True,19.97422297448848,19.974906332601474,0.0006833581129939148,0.0006833581129939148,-2.0913062345455204e-22,True,True,-9.683465929314138e-21,-9.687509915367167e-21,0.0004176176260182815,4.0439860530290826e-24,True,19.97422297448848,19.974906332601474,0.0006833581129939148,0.0006833581129939148,-2.0913062345455204e-22,True,True,-1.9366816666382864e-20,-1.9374558844236386e-20,0.0003997651233494352,7.742177853522444e-24,True,19.97422297448848,19.974906332601474,0.0006833581129939148,0.0006833581129939148,-2.0913062345455204e-22,True,True,True,0.10883340000873432
44,1,-2.7,-16375500.000000002,-16.375500000000002,6065000.0,0.027,0.0127,-9.751381901712231e-21,-9.755431116602052e-21,0.000415245237099226,4.049214889821597e-24,True,20.08583373357304,20.086251516773608,0.00041778320056806706,0.00041778320056806706,-2.121827954867891e-22,True,True,-9.751381901712231e-21,-9.755431116602052e-21,0.000415245237099226,4.049214889821597e-24,True,20.08583373357304,20.086251516773608,0.00041778320056806706,0.00041778320056806706,-2.121827954867891e-22,True,True,-1.950264898672128e-20,-1.9510402751928082e-20,0.00039757497620354594,7.753765206801822e-24,True,20.08583373357304,20.086251516773608,0.00041778320056806706,0.00041778320056806706,-2.121827954867891e-22,True,True,True,0.10957590001635253
45,1,-2.75,-16678750.0,-16.67875,6065000.0,0.027,0.0127,-9.814946575041735e-21,-9.818998737558402e-21,0.00041285629887901265,4.052162516666972e-24,True,20.199280268553217,20.199950840773127,0.0006705722199100705,0.0006705722199100705,-2.1519556393930807e-22,True,True,-9.814946575041735e-21,-9.818998737558402e-21,0.00041285629887901265,4.052162516666972e-24,True,20.199280268553217,20.199950840773127,0.0006705722199100705,0.0006705722199100705,-2.1519556393930807e-22,True,True,-1.9629778774169043e-20,-1.9637539760145178e-20,0.0003953679797118833,7.760985976134424e-24,True,20.199280268553217,20.199950840773127,0.0006705722199100705,0.0006705722199100705,-2.1519556393930807e-22,True,True,True,0.11058889998821542
46,1,-2.8,-16982000.0,-16.982,6065000.0,0.027,0.0127,-9.874220890384811e-21,-9.878273782676583e-21,0.0004104518560769082,4.052892291771827e-24,True,20.314554046364048,20.315186670824364,0.0006326244603158671,0.0006326244603158671,-2.1816898683538307e-22,True,True,-9.874220890384811e-21,-9.878273782676583e-21,0.0004104518560769082,4.052892291771827e-24,True,20.314554046364048,20.315186670824364,0.0006326244603158671,0.0006326244603158671,-2.1816898683538307e-22,True,True,-1.9748327907837003e-20,-1.9756091865569592e-20,0.0003931450687279637,7.763957732588943e-24,True,20.314554046364048,20.315186670824364,0.0006326244603158671,0.0006326244603158671,-2.1816898683538307e-22,True,True,True,0.1186520999763161
47,1,-2.85,-17285250.0,-17.28525,6065000.0,0.027,0.0127,-9.929268580661258e-21,-9.933320049309471e-21,0.00040803293971764984,4.05146864821331e-24,True,20.431705970111896,20.432302248513555,0.0005962784016588785,0.0005962784016588785,-2.211031634174971e-22,True,True,-9.929268580661258e-21,-9.933320049309471e-21,0.00040803293971764984,4.05146864821331e-24,True,20.431705970111896,20.432302248513555,0.0005962784016588785,0.0005962784016588785,-2.211031634174971e-22,True,True,-1.985842385052728e-20,-1.9866186650748233e-20,0.00039090716762734616,7.762800220952956e-24,True,20.431705970111896,20.432302248513555,0.0005962784016588785,0.0005962784016588785,-2.211031634174971e-22,True,True,True,0.10943750001024455
48,1,-2.9,-17588500.0,-17.5885,6065000.0,0.027,0.0127,-9.980155970505773e-21,-9.984203927409752e-21,0.0004056005653561013,4.047956903979211e-24,True,20.55066533783757,20.551305820181184,0.0006404823436128027,0.0006404823436128027,-2.2399815747244276e-22,True,True,-9.980155970505773e-21,-9.984203927409752e-21,0.0004056005653561013,4.047956903979211e-24,True,20.55066533783757,20.551305820181184,0.0006404823436128027,0.0006404823436128027,-2.2399815747244276e-22,True,True,-1.9960199248489664e-20,-1.9967956883505212e-20,0.0003886551892078525,7.757635015548186e-24,True,20.55066533783757,20.551305820181184,0.0006404823436128027,0.0006404823436128027,-2.2399815747244276e-22,True,True,True,0.10865830001421273
49,1,-2.95,-17891750.0,-17.89175,6065000.0,0.027,0.0127,-1.002695177866735e-20,-1.0030994201769454e-20,0.00040315573379978974,4.0424231021037425e-24,True,20.671398834051264,20.671876415165652,0.0004775811143886699,0.0004775811143886699,-2.268541112402608e-22,True,True,-1.002695177866735e-20,-1.0030994201769454e-20,0.00040315573379978974,4.0424231021037425e-24,True,20.671398834051264,20.671876415165652,0.0004775811143886699,0.0004775811143886699,-2.268541112402608e-22,True,True,-2.0053791536237325e-20,-2.0061540121444423e-20,0.0003863900346773137,7.74858520709836e-24,True,20.671398834051264,20.671876415165652,0.0004775811143886699,0.0004775811143886699,-2.268541112402608e-22,True,True,True,0.11097410001093522
50,1,-3.0,-18195000.0,-18.195,6065000.0,0.027,0.0127,-1.0069726923421713e-20,-1.0073761857248063e-20,0.0004006994287963216,4.034933826350021e-24,True,20.79389355716905,20.794519751299894,0.0006261941308451924,0.0006261941308451924,-2.2967116787805434e-22,True,True,-1.0069726923421713e-20,-1.0073761857248063e-20,0.0004006994287963216,4.034933826350021e-24,True,20.79389355716905,20.794519751299894,0.0006261941308451924,0.0006261941308451924,-2.2967116787805434e-22,True,True,-2.013934254735852e-20,-2.0147078322435846e-20,0.00038411259251061884,7.735775077325292e-24,True,20.79389355716905,20.794519751299894,0.0006261941308451924,0.0006261941308451924,-2.2967116787805434e-22,True,True,True,0.10787229996640235
51,1,-3.05,-18498250.0,-18.49825,6065000.0,0.027,0.0127,-1.0108554331382319e-20,-1.011257988742977e-20,0.0003982326171957333,4.025556047451647e-24,True,20.918135541462494,20.91856944038412,0.00043389892162437604,0.00043389892162437604,-2.3244948969772048e-22,True,True,-1.0108554331382319e-20,-1.011257988742977e-20,0.0003982326171957333,4.025556047451647e-24,True,20.918135541462494,20.91856944038412,0.00043389892162437604,0.00043389892162437604,-2.3244948969772048e-22,True,True,-2.0216998132157424e-20,-2.0224717461960634e-20,0.00038182373825972884,7.719329803210303e-24,True,20.918135541462494,20.91856944038412,0.00043389892162437604,0.00043389892162437604,-2.3244948969772048e-22,True,True,True,0.11877140001161024
52,1,-3.1,-18801500.0,-18.8015,6065000.0,0.027,0.0127,-1.014350875012281e-20,-1.0147523107099224e-20,0.0003957562491741741,4.014356976414018e-24,True,21.04410982531441,21.044721194599006,0.0006113692845950425,0.0006113692845950425,-2.3518925736064816e-22,True,True,-1.014350875012281e-20,-1.0147523107099224e-20,0.0003957562491741741,4.014356976414018e-24,True,21.04410982531441,21.044721194599006,0.0006113692845950425,0.0006113692845950425,-2.3518925736064816e-22,True,True,-2.0286907782909345e-20,-2.0294607158074347e-20,0.0003795243339888643,7.699375165002177e-24,True,21.04410982531441,21.044721194599006,0.0006113692845950425,0.0006113692845950425,-2.3518925736064816e-22,True,True,True,0.11037429998395965
53,1,-3.15,-19104750.0,-19.10475,6065000.0,0.027,0.0127,-1.0174666564967278e-20,-1.0178667968874747e-20,0.0003932712567943649,4.0014039074682854e-24,True,21.171800521431834,21.172259824047252,0.00045930261541826667,0.00045930261541826667,-2.3789066906833115e-22,True,True,-1.0174666564967278e-20,-1.0178667968874747e-20,0.0003932712567943649,4.0014039074682854e-24,True,21.171800521431834,21.172259824047252,0.00045930261541826667,0.00045930261541826667,-2.3789066906833115e-22,True,True,-2.034922426743282e-20,-2.0356900304700677e-20,0.0003772152278129798,7.676037267857089e-24,True,21.171800521431834,21.172259824047252,0.00045930261541826667,0.00045930261541826667,-2.3789066906833115e-22,True,True,True,0.11754939996171743
54,1,-3.2,-19408000.0,-19.408,6065000.0,0.027,0.0127,-1.0202105620242715e-20,-1.0206092384328657e-20,0.00039077855438308793,3.986764085942025e-24,True,21.301190888547143,21.301786960786792,0.0005960722396487483,0.0005960722396487483,-2.4055393975118953e-22,True,True,-1.0202105620242715e-20,-1.0206092384328657e-20,0.00039077855438308793,3.986764085942025e-24,True,21.301190888547143,21.301786960786792,0.0005960722396487483,0.0005960722396487483,-2.4055393975118953e-22,True,True,-2.0404103271613306e-20,-2.0411752713896056e-20,0.0003748972537985515,7.649442282749869e-24,True,21.301190888547143,21.301786960786792,0.0005960722396487483,0.0005960722396487483,-2.4055393975118953e-22,True,True,True,0.11015349999070168
55,1,-3.25,-19711250.0,-19.71125,6065000.0,0.027,0.0127,-1.0225905045311489e-20,-1.0229875549881989e-20,0.0003882790376896788,3.970504570499576e-24,True,21.43226340414814,21.432810780919127,0.0005473767709851529,0.0005473767709851529,-2.4317930025789167e-22,True,True,-1.0225905045311489e-20,-1.0229875549881989e-20,0.0003882790376896788,3.970504570499576e-24,True,21.43226340414814,21.432810780919127,0.0005473767709851529,0.0005473767709851529,-2.4317930025789167e-22,True,True,-2.0451703051465323e-20,-2.0459322767647096e-20,0.00037257123099227916,7.619716181772988e-24,True,21.43226340414814,21.432810780919127,0.0005473767709851529,0.0005473767709851529,-2.4317930025789167e-22,True,True,True,0.11446090001845732
56,1,-3.3,-20014500.0,-20.0145,6065000.0,0.027,0.0127,-1.0246145085601088e-20,-1.0250097777710088e-20,0.00038577358372116223,3.952692108999306e-24,True,21.565023336624467,21.565580203423107,0.0005568667986395326,0.0005568667986395326,-2.457669786326352e-22,True,True,-1.0246145085601088e-20,-1.0250097777710088e-20,0.00038577358372116223,3.952692108999306e-24,True,21.565023336624467,21.565580203423107,0.0005568667986395326,0.0005568667986395326,-2.457669786326352e-22,True,True,-2.0492184095197573e-20,-2.0499771079707644e-20,0.0003702379636462655,7.58698451007034e-24,True,21.565023336624467,21.565580203423107,0.0005568667986395326,0.0005568667986395326,-2.457669786326352e-22,True,True,True,0.11654459999408573
57,1,-3.35,-20317750.0,-20.31775,6065000.0,0.027,0.0127,-1.0262906938879384e-20,-1.0266840331897515e-20,0.0003832630502795927,3.933393018130511e-24,True,21.699491418215118,21.7000726468135,0.0005812285983815002,0.0005812285983815002,-2.4831727175608873e-22,True,True,-1.0262906938879384e-20,-1.0266840331897515e-20,0.0003832630502795927,3.933393018130511e-24,True,21.699491418215118,21.7000726468135,0.0005812285983815002,0.0005812285983815002,-2.4831727175608873e-22,True,True,-2.052570879575595e-20,-2.0533260167909526e-20,0.00036789824062677395,7.551372153576113e-24,True,21.699491418215118,21.7000726468135,0.0005812285983815002,0.0005812285983815002,-2.4831727175608873e-22,True,True,True,0.1110517000197433
58,1,-3.4,-20621000.0,-20.621,6065000.0,0.027,0.0127,-1.027627259693153e-20,-1.0280185270008679e-20,0.0003807482762102905,3.9126730771487256e-24,True,21.83559740705528,21.83595274906673,0.0003553420114528194,0.0003553420114528194,-2.508304358301261e-22,True,True,-1.027627259693153e-20,-1.0280185270008679e-20,0.0003807482762102905,3.9126730771487256e-24,True,21.83559740705528,21.83595274906673,0.0003553420114528194,0.0003553420114528194,-2.508304358301261e-22,True,True,-2.0552441134202722e-20,-2.0559954137329665e-20,0.0003655528352026227,7.513003126942812e-24,True,21.83559740705528,21.83595274906673,0.0003553420114528194,0.0003553420114528194,-2.508304358301261e-22,True,True,True,0.11404819996096194
59,1,-3.45,-20924250.0,-20.92425,6065000.0,0.027,0.0127,-1.0286324692826568e-20,-1.0290215290251464e-20,0.00037823008130482774,3.89059742489565e-24,True,21.97332047561374,21.97388531895114,0.000564843337400589,0.000564843337400589,-2.533067577974671e-22,True,True,-1.0286324692826568e-20,-1.0290215290251464e-20,0.00037823008130482774,3.89059742489565e-24,True,21.97332047561374,21.97388531895114,0.000564843337400589,0.000564843337400589,-2.533067577974671e-22,True,True,-2.057254637424506e-20,-2.058001837461642e-20,0.0003632025047085081,7.472000371357743e-24,True,21.97332047561374,21.97388531895114,0.000564843337400589,0.000564843337400589,-2.533067577974671e-22,True,True,True,0.11309569998411462
60,1,-3.5,-21227500.0,-21.2275,6065000.0,0.027,0.0127,-1.0293146353894123e-20,-1.0297013584344373e-20,0.0003757092649116747,3.8672304502498455e-24,True,22.11263937082099,22.112747442498847,0.00010807167785742422,0.00010807167785742422,-2.5574653658588264e-22,True,True,-1.0293146353894123e-20,-1.0297013584344373e-20,0.0003757092649116747,3.8672304502498455e-24,True,22.11263937082099,22.112747442498847,0.00010807167785742422,0.00010807167785742422,-2.5574653658588264e-22,True,True,-2.0586190768165827e-20,-2.059361925374171e-20,0.00036084799074971217,7.428485575882912e-24,True,22.11263937082099,22.112747442498847,0.00010807167785742422,0.00010807167785742422,-2.5574653658588264e-22,True,True,True,0.1073888000100851
61,1,-3.55,-21530750.0,-21.53075,6065000.0,0.027,0.0127,-1.0296821060487341e-20,-1.0300663696201884e-20,0.0003731866070091233,3.8426357145433536e-24,True,22.25353248747478,22.25408068014927,0.0005481926744899113,0.0005481926744899113,-2.5815008233684364e-22,True,True,-1.0296821060487341e-20,-1.0300663696201884e-20,0.0003731866070091233,3.8426357145433536e-24,True,22.25353248747478,22.25408068014927,0.0005481926744899113,0.0005481926744899113,-2.5815008233684364e-22,True,True,-2.0593541274384272e-20,-2.0600923853371752e-20,0.00035849001825941795,7.382578987480095e-24,True,22.25353248747478,22.25408068014927,0.0005481926744899113,0.0005481926744899113,-2.5815008233684364e-22,True,True,True,0.11103889998048544
62,1,-3.6,-21834000.0,-21.834,6065000.0,0.027,0.0127,-1.029743251063647e-20,-1.0301249386506684e-20,0.00037066286827043375,3.816875870213728e-24,True,22.395977940204144,22.396162424446157,0.00018448424201267244,0.00018448424201267244,-2.605177156487786e-22,True,True,-1.029743251063647e-20,-1.0301249386506684e-20,0.00037066286827043375,3.816875870213728e-24,True,22.395977940204144,22.396162424446157,0.00018448424201267244,0.00018448424201267244,-2.605177156487786e-22,True,True,-2.059476528675473e-20,-2.0602099686022795e-20,0.0003561292962528557,7.334399268064704e-24,True,22.395977940204144,22.396162424446157,0.00018448424201267244,0.00018448424201267244,-2.605177156487786e-22,True,True,True,0.11052639997797087
63,1,-3.65,-22137250.0,-22.13725,6065000.0,0.027,0.0127,-1.0295064490641984e-20,-1.0298854503215805e-20,0.00036813878895719987,3.790012573821212e-24,True,22.539953633660346,22.5404849638635,0.0005313302031524358,0.0005313302031524358,-2.6284976683661367e-22,True,True,-1.0295064490641984e-20,-1.0298854503215805e-20,0.00036813878895719987,3.790012573821212e-24,True,22.539953633660346,22.5404849638635,0.0005313302031524358,0.0005313302031524358,-2.6284976683661367e-22,True,True,-2.0590030375744386e-20,-2.0597314439071992e-20,0.00035376651683752383,7.284063327605903e-24,True,22.539953633660346,22.5404849638635,0.0005313302031524358,0.0005313302031524358,-2.6284976683661367e-22,True,True,True,0.1171817000140436
64,1,-3.7,-22440500.0,-22.4405,6065000.0,0.027,0.0127,-1.0289800751610992e-20,-1.029356285803356e-20,0.0003656150894835627,3.762106422568284e-24,True,22.68543733078771,22.685951102211742,0.0005137714240319724,0.0005137714240319724,-2.6514657520912947e-22,True,True,-1.0289800751610992e-20,-1.029356285803356e-20,0.0003656150894835627,3.762106422568284e-24,True,22.68543733078771,22.685951102211742,0.0005137714240319724,0.0005137714240319724,-2.6514657520912947e-22,True,True,-2.0579504041511756e-20,-2.058673572771268e-20,0.00035140235577771654,7.23168620092427e-24,True,22.68543733078771,22.685951102211742,0.0005137714240319724,0.0005137714240319724,-2.6514657520912947e-22,True,True,True,0.107941500027664
65,1,-3.75,-22743750.0,-22.74375,6065000.0,0.027,0.0127,-1.0281724891959532e-20,-1.028545810884989e-20,0.0003630924703379985,3.7332168903572775e-24,True,22.83257233223098,22.832921024670338,0.0003486924393563129,0.0003486924393563129,-2.6740847363176165e-22,True,True,-1.0281724891959532e-20,-1.028545810884989e-20,0.0003630924703379985,3.7332168903572775e-24,True,22.83257233223098,22.832921024670338,0.0003486924393563129,0.0003486924393563129,-2.6740847363176165e-22,True,True,-2.0563353478915028e-20,-2.0570530859830586e-20,0.0003490374720697865,7.177380915557951e-24,True,22.83257233223098,22.832921024670338,0.0003486924393563129,0.0003486924393563129,-2.6740847363176165e-22,True,True,True,0.11785019998205826
66,1,-3.8,-23047000.0,-23.047,6065000.0,0.027,0.0127,-1.0270920245860035e-20,-1.027462364813516e-20,0.0003605716125210863,3.703402275125225e-24,True,22.981193471781168,22.981707443000673,0.0005139712195045831,0.0005139712195045831,-2.696358531760906e-22,True,True,-1.0270920245860035e-20,-1.027462364813516e-20,0.0003605716125210863,3.703402275125225e-24,True,22.981193471781168,22.981707443000673,0.0005139712195045831,0.0005139712195045831,-2.696358531760906e-22,True,True,-2.0541745354409802e-20,-2.054886661279203e-20,0.00034667250807388924,7.121258382228409e-24,True,22.981193471781168,22.981707443000673,0.0005139712195045831,0.0005139712195045831,-2.696358531760906e-22,True,True,True,0.11080800002673641
67,1,-3.85,-23350250.0,-23.35025,6065000.0,0.027,0.0127,-1.0257469777605759e-20,-1.0261142497245829e-20,0.0003580531768261429,3.672719640069892e-24,True,23.131260052393035,23.13131167943076,5.162703772398913e-05,5.162703772398913e-05,-2.7182906000256035e-22,True,True,-1.0257469777605759e-20,-1.0261142497245829e-20,0.0003580531768261429,3.672719640069892e-24,True,23.131260052393035,23.13131167943076,5.162703772398913e-05,5.162703772398913e-05,-2.7182906000256035e-22,True,True,-2.051484559476952e-20,-2.0521909022057123e-20,0.0003443080892309094,7.063427287602232e-24,True,23.131260052393035,23.13131167943076,5.162703772398913e-05,5.162703772398913e-05,-2.7182906000256035e-22,True,True,True,0.10949490003986284
68,1,-3.9,-23653500.0,-23.6535,6065000.0,0.027,0.0127,-1.0241455981824487e-20,-1.024509720660099e-20,0.0003555378046798705,3.6412247765034056e-24,True,23.282748962137635,23.28324557242534,0.0004966102877048684,0.0004966102877048684,-2.739884631677352e-22,True,True,-1.0241455981824487e-20,-1.024509720660099e-20,0.0003555378046798705,3.6412247765034056e-24,True,23.282748962137635,23.28324557242534,0.0004966102877048684,0.0004966102877048684,-2.739884631677352e-22,True,True,-2.0482819187520355e-20,-2.048982318153099e-20,0.00034194482441674424,7.003994010636568e-24,True,23.282748962137635,23.28324557242534,0.0004966102877048684,0.0004966102877048684,-2.739884631677352e-22,True,True,True,0.10956770001212135
69,1,-3.95,-23956750.0,-23.95675,6065000.0,0.027,0.0127,-1.0222960789495399e-20,-1.0226569761651294e-20,0.00035302611740460654,3.608972155895092e-24,True,23.43563726266497,23.436118565306924,0.0004813026419547839,0.0004813026419547839,-2.7611443738118105e-22,True,True,-1.0222960789495399e-20,-1.0226569761651294e-20,0.00035302611740460654,3.608972155895092e-24,True,23.43563726266497,23.436118565306924,0.0004813026419547839,0.0004813026419547839,-2.7611443738118105e-22,True,True,-2.044582999295805e-20,-2.0452773055495017e-20,0.0003395833057087851,6.94306253696852e-24,True,23.43563726266497,23.436118565306924,0.0004813026419547839,0.0004813026419547839,-2.7611443738118105e-22,True,True,True,0.10977499996079132
70,1,-4.0,-24260000.0,-24.26,6065000.0,0.027,0.0127,-1.0202065479648762e-20,-1.0205641494556059e-20,0.00035051871745294733,3.576014907297472e-24,True,23.590114501853147,23.590381442824928,0.0002669409717803717,0.0002669409717803717,-2.782073499407198e-22,True,True,-1.0202065479648762e-20,-1.0205641494556059e-20,0.00035051871745294733,3.576014907297472e-24,True,23.590114501853147,23.590381442824928,0.0002669409717803717,0.0002669409717803717,-2.782073499407198e-22,True,True,-2.04040405675802e-20,-2.0410921301971895e-20,0.00033722410857322643,6.880734391694182e-24,True,23.590114501853147,23.590381442824928,0.0002669409717803717,0.0002669409717803717,-2.782073499407198e-22,True,True,True,0.11524969997117296
71,1,-4.05,-24563250.0,-24.56325,6065000.0,0.027,0.0127,-1.0178850596713627e-20,-1.0182393001487249e-20,0.00034801618708946787,3.5424047736216316e-24,True,23.745961696456458,23.74644011860835,0.0004784221518931986,0.0004784221518931986,-2.8026762048490677e-22,True,True,-1.0178850596713627e-20,-1.0182393001487249e-20,0.00034801618708946787,3.5424047736216316e-24,True,23.745961696456458,23.74644011860835,0.0004784221518931986,0.0004784221518931986,-2.8026762048490677e-22,True,True,-2.035761199873746e-20,-2.0364429107313347e-20,0.0003348677917778843,6.817108575888174e-24,True,23.745961696456458,23.74644011860835,0.0004784221518931986,0.0004784221518931986,-2.8026762048490677e-22,True,True,True,0.10944040003232658
72,1,-4.1,-24866499.999999996,-24.866499999999995,6065000.0,0.027,0.0127,-1.0153395873323589e-20,-1.015690406542958e-20,0.00034551909033779987,3.508192105990338e-24,True,23.903141099878166,23.903356695374878,0.00021559549671223976,0.00021559549671223976,-2.8229562203528706e-22,True,True,-1.0153395873323589e-20,-1.015690406542958e-20,0.00034551909033779987,3.508192105990338e-24,True,23.903141099878166,23.903356695374878,0.00021559549671223976,0.00021559549671223976,-2.8229562203528706e-22,True,True,-2.0306703750283597e-20,-2.0313456031800827e-20,0.0003325148975562481,6.752281517230629e-24,True,23.903141099878166,23.903356695374878,0.00021559549671223976,0.00021559549671223976,-2.8229562203528706e-22,True,True,True,0.11097310000332072
73,1,-4.15,-25169750.000000004,-25.169750000000004,6065000.0,0.027,0.0127,-1.0125780158540157e-20,-1.0129253584367227e-20,0.00034302797144382234,3.4734258270701355e-24,True,24.061630077959595,24.06209090551691,0.00046082755731546854,0.00046082755731546854,-2.8429174665410374e-22,True,True,-1.0125780158540157e-20,-1.0129253584367227e-20,0.00034302797144382234,3.4734258270701355e-24,True,24.061630077959595,24.06209090551691,0.00046082755731546854,0.00046082755731546854,-2.8429174665410374e-22,True,True,-2.0251473518994042e-20,-2.025815986602221e-20,0.0003301659517218924,6.68634702816937e-24,True,24.061630077959595,24.06209090551691,0.00046082755731546854,0.00046082755731546854,-2.8429174665410374e-22,True,True,True,0.1093241999624297
74,1,-4.2,-25473000.0,-25.473,6065000.0,0.027,0.0127,-1.0096081351312252e-20,-1.0099519504740025e-20,0.0003405433561929762,3.438153427773193e-24,True,24.221654017502477,24.222113882643647,0.00045986514117046795,0.00045986514117046795,-2.862563789157806e-22,True,True,-1.0096081351312252e-20,-1.0099519504740025e-20,0.0003405433561929762,3.438153427773193e-24,True,24.221654017502477,24.222113882643647,0.00045986514117046795,0.00045986514117046795,-2.862563789157806e-22,True,True,-2.019207710149241e-20,-2.0198696497764926e-20,0.000327821463797195,6.619396272517064e-24,True,24.221654017502477,24.222113882643647,0.00045986514117046795,0.00045986514117046795,-2.862563789157806e-22,True,True,True,0.11021459999028593
75,1,-4.25,-25776250.0,-25.77625,6065000.0,0.027,0.0127,-1.0064376339049578e-20,-1.00677787600032e-20,0.00033806575181623483,3.402420953622321e-24,True,24.382947748541337,24.383006353547742,5.8605006405088034e-05,5.8605006405088034e-05,-2.8818995081232077e-22,True,True,-1.0064376339049578e-20,-1.00677787600032e-20,0.00033806575181623483,3.402420953622321e-24,True,24.382947748541337,24.383006353547742,5.8605006405088034e-05,5.8605006405088034e-05,-2.8818995081232077e-22,True,True,-2.0128668271399096e-20,-2.0135219789135887e-20,0.0003254819269936529,6.551517736790978e-24,True,24.382947748541337,24.383006353547742,5.8605006405088034e-05,5.8605006405088034e-05,-2.8818995081232077e-22,True,True,True,0.1157462999690324
76,1,-4.3,-26079500.0,-26.0795,6065000.0,0.027,0.0127,-1.0030740941171618e-20,-1.0034107214169789e-20,0.00033559564721228084,3.366272998171212e-24,True,24.545482685320454,24.545924852531172,0.0004421672107177699,0.0004421672107177699,-2.900928469578356e-22,True,True,-1.0030740941171618e-20,-1.0034107214169789e-20,0.00033559564721228084,3.366272998171212e-24,True,24.545482685320454,24.545924852531172,0.0004421672107177699,0.0004421672107177699,-2.900928469578356e-22,True,True,-2.0061398666428356e-20,-2.006788146364915e-20,0.00032314781878307316,6.4827972207939764e-24,True,24.545482685320454,24.545924852531172,0.0004421672107177699,0.0004421672107177699,-2.900928469578356e-22,True,True,True,0.10912410001037642
77,1,-4.35,-26382749.999999996,-26.382749999999998,6065000.0,0.027,0.0127,-9.995249857487443e-21,-9.998579610183395e-21,0.0003331335127613553,3.329752695952228e-24,True,24.709389607766262,24.709830660113308,0.0004410523470461669,0.0004410523470461669,-2.919654559008813e-22,True,True,-9.995249857487443e-21,-9.998579610183395e-21,0.0003331335127613553,3.329752695952228e-24,True,24.709389607766262,24.709830660113308,0.0004410523470461669,0.0004410523470461669,-2.919654559008813e-22,True,True,-1.9990417685128165e-20,-1.999683100294133e-20,0.0003208196003796066,6.413317813164238e-24,True,24.709389607766262,24.709830660113308,0.0004410523470461669,0.0004410523470461669,-2.919654559008813e-22,True,True,True,0.10887620004359633
78,1,-4.4,-26686000.000000004,-26.686000000000003,6065000.0,0.027,0.0127,-9.95797662121074e-21,-9.961269522944493e-21,0.0003306798016315541,3.2929017337536208e-24,True,24.874612619971195,24.874615236828944,2.6168577491603173e-06,2.6168577491603173e-06,-2.938082165176854e-22,True,True,-9.95797662121074e-21,-9.961269522944493e-21,0.0003306798016315541,3.2929017337536208e-24,True,24.874612619971195,24.874615236828944,2.6168577491603173e-06,2.6168577491603173e-06,-2.938082165176854e-22,True,True,-1.9915872392937538e-20,-1.9922215552836448e-20,0.0003184977174868743,6.34315989891046e-24,True,24.874612619971195,24.874615236828944,2.6168577491603173e-06,2.6168577491603173e-06,-2.938082165176854e-22,True,True,True,0.1099578000139445
79,1,-4.45,-26989250.0,-26.98925,6065000.0,0.027,0.0127,-9.918993556510352e-21,-9.92224931685299e-21,0.00032823494884725814,3.2557603426374585e-24,True,25.041008526550858,25.041431848170884,0.0004233216200262291,0.0004233216200262291,-2.9562151827870816e-22,True,True,-9.918993556510352e-21,-9.92224931685299e-21,0.00032823494884725814,3.2557603426374585e-24,True,25.041008526550858,25.041431848170884,0.0004233216200262291,0.0004233216200262291,-2.9562151827870816e-22,True,True,-1.983790743726505e-20,-1.9844179838421164e-20,0.00031618260020364533,6.272401156113698e-24,True,25.041008526550858,25.041431848170884,0.0004233216200262291,0.0004233216200262291,-2.9562151827870816e-22,True,True,True,0.12471609999192879
80,1,-4.5,-27292500.0,-27.2925,6065000.0,0.027,0.0127,-9.87837174038383e-21,-9.881590107696804e-21,0.00032579937236183233,3.2183673129739134e-24,True,25.208697993275997,25.209120078592733,0.00042208531673537664,0.00042208531673537664,-2.9740575213863415e-22,True,True,-9.87837174038383e-21,-9.881590107696804e-21,0.00032579937236183233,3.2183673129739134e-24,True,25.208697993275997,25.209120078592733,0.00042208531673537664,0.00042208531673537664,-2.9740575213863415e-22,True,True,-1.975666497123782e-20,-1.976286608780314e-20,0.0003138746632767731,6.201116565319289e-24,True,25.208697993275997,25.209120078592733,0.00042208531673537664,0.00042208531673537664,-2.9740575213863415e-22,True,True,True,0.10876639996422455
81,1,-4.55,-27595750.0,-27.59575,6065000.0,0.027,0.0127,-9.836180968707272e-21,-9.83936172871301e-21,0.00032337347349111243,3.1807600057380457e-24,True,25.37766077717513,25.37767879162366,1.8014448528447247e-05,1.8014448528447247e-05,-2.991613579154909e-22,True,True,-9.836180968707272e-21,-9.83936172871301e-21,0.00032337347349111243,3.1807600057380457e-24,True,25.37766077717513,25.37767879162366,1.8014448528447247e-05,1.8014448528447247e-05,-2.991613579154909e-22,True,True,-1.9672284585804944e-20,-1.9678413964231902e-20,0.0003115743064931208,6.1293784269574864e-24,True,25.37766077717513,25.37767879162366,1.8014448528447247e-05,1.8014448528447247e-05,-2.991613579154909e-22,True,True,True,0.10921109997434542
82,1,-4.6,-27898999.999999996,-27.898999999999997,6065000.0,0.027,0.0127,-9.792489726304417e-21,-9.795632700658326e-21,0.0003209576360817115,3.142974353909112e-24,True,25.54772938198016,25.548133765172853,0.00040438319269142653,0.00040438319269142653,-3.0088872577197e-22,True,True,-9.792489726304417e-21,-9.795632700658326e-21,0.0003209576360817115,3.142974353909112e-24,True,25.54772938198016,25.548133765172853,0.00040438319269142653,0.00040438319269142653,-3.0088872577197e-22,True,True,-1.9584903249865347e-20,-1.9590960506235137e-20,0.0003092819143659601,6.057256369790469e-24,True,25.54772938198016,25.548133765172853,0.00040438319269142653,0.00040438319269142653,-3.0088872577197e-22,True,True,True,0.11034170002676547
83,1,-4.65,-28202250.000000004,-28.202250000000003,6065000.0,0.027,0.0127,-9.747365160836564e-21,-9.750470205728665e-21,0.0003185522283064657,3.105044892101299e-24,True,25.719085281924816,25.71948833565126,0.00040305372644411364,0.00040305372644411364,-3.0258824751590273e-22,True,True,-9.747365160836564e-21,-9.750470205728665e-21,0.0003185522283064657,3.105044892101299e-24,True,25.719085281924816,25.71948833565126,0.00040305372644411364,0.00040305372644411364,-3.0258824751590273e-22,True,True,-1.9494655258054194e-20,-1.950064007544414e-20,0.0003069978571420443,5.984817389945524e-24,True,25.719085281924816,25.71948833565126,0.00040305372644411364,0.00040305372644411364,-3.0258824751590273e-22,True,True,True,0.10701980005251244
84,1,-4.7,-28505500.0,-28.5055,6065000.0,0.027,0.0127,-9.700873060385424e-21,-9.703940065143864e-21,0.00031615760141882985,3.067004758439999e-24,True,25.89159732999234,25.89170449401816,0.00010716402582033879,0.00010716402582033879,-3.042603599252806e-22,True,True,-9.700873060385424e-21,-9.703940065143864e-21,0.00031615760141882985,3.067004758439999e-24,True,25.89159732999234,25.89170449401816,0.00010716402582033879,0.00010716402582033879,-3.042603599252806e-22,True,True,-1.9401672185892624e-20,-1.9407584311759512e-20,0.00030472249042466887,5.91212586688823e-24,True,25.89159732999234,25.89170449401816,0.00010716402582033879,0.00010716402582033879,-3.042603599252806e-22,True,True,True,0.1093881000415422
85,1,-4.75,-28808750.0,-28.80875,6065000.0,0.027,0.0127,-9.65307783452202e-21,-9.656106720248088e-21,0.00031377409133040516,3.028885726068822e-24,True,26.06516693763897,26.065535821266106,0.0003688836271358298,0.0003688836271358298,-3.0590543665787625e-22,True,True,-9.65307783452202e-21,-9.656106720248088e-21,0.00031377409133040516,3.028885726068822e-24,True,26.06516693763897,26.065535821266106,0.0003688836271358298,0.0003688836271358298,-3.0590543665787625e-22,True,True,-1.9306082851942453e-20,-1.931192209553506e-20,0.00030245615526397707,5.839243592606312e-24,True,26.06516693763897,26.065535821266106,0.0003688836271358298,0.0003688836271358298,-3.0590543665787625e-22,True,True,True,0.1092695000115782
86,1,-4.8,-29112000.0,-29.112,6065000.0,0.027,0.0127,-9.604042498713048e-21,-9.607033216940643e-21,0.00031140201930552914,2.990718227595363e-24,True,26.2400440938028,26.240428129181222,0.00038403537842057744,0.00038403537842057744,-3.075239089725599e-22,True,True,-9.604042498713048e-21,-9.607033216940643e-21,0.00031140201930552914,2.990718227595363e-24,True,26.2400440938028,26.240428129181222,0.00038403537842057744,0.00038403537842057744,-3.075239089725599e-22,True,True,-1.9208013286612334e-20,-1.9213779516438917e-20,0.00030019917940195685,5.7662298265829066e-24,True,26.2400440938028,26.240428129181222,0.00038403537842057744,0.00038403537842057744,-3.075239089725599e-22,True,True,True,0.11559269996359944
87,1,-4.85,-29415249.999999996,-29.415249999999997,6065000.0,0.027,0.0127,-9.553828661925525e-21,-9.55678119328015e-21,0.00030904168989248946,2.9525313546247657e-24,True,26.415916967020884,26.416168049500737,0.0002510824798527267,0.0002510824798527267,-3.0911616582022837e-22,True,True,-9.553828661925525e-21,-9.55678119328015e-21,0.00030904168989248946,2.9525313546247657e-24,True,26.415916967020884,26.416168049500737,0.0002510824798527267,0.0002510824798527267,-3.0911616582022837e-22,True,True,-1.9107586707341655e-20,-1.911327984865159e-20,0.0002979518762433055,5.693141309934089e-24,True,26.415916967020884,26.416168049500737,0.0002510824798527267,0.0002510824798527267,-3.0911616582022837e-22,True,True,True,0.10910719999810681
88,1,-4.9,-29718500.000000004,-29.718500000000002,6065000.0,0.027,0.0127,-9.502496517198383e-21,-9.50541087010551e-21,0.0003066933938730832,2.9143529071267252e-24,True,26.59294837789141,26.59313570762184,0.0001873297304300081,0.0001873297304300081,-3.1068259066506396e-22,True,True,-9.502496517198383e-21,-9.50541087010551e-21,0.0003066933938730832,2.9143529071267252e-24,True,26.59294837789141,26.59313570762184,0.0001873297304300081,0.0001873297304300081,-3.1068259066506396e-22,True,True,-1.9004923499770056e-20,-1.9010543532096104e-20,0.00029571454608152373,5.6200323260485854e-24,True,26.59294837789141,26.59313570762184,0.0001873297304300081,0.0001873297304300081,-3.1068259066506396e-22,True,True,True,0.10937930003274232
89,1,-4.95,-30021750.0,-30.02175,6065000.0,0.027,0.0127,-9.450104835086973e-21,-9.4529810444964e-21,0.00030435740762872206,2.8762094094267234e-24,True,26.771062494604745,26.77142759116661,0.0003650965618646751,0.0003650965618646751,-3.122236104122362e-22,True,True,-9.450104835086973e-21,-9.4529810444964e-21,0.00030435740762872206,2.8762094094267234e-24,True,26.771062494604745,26.77142759116661,0.0003650965618646751,0.0003650965618646751,-3.122236104122362e-22,True,True,-1.8900141204627373e-20,-1.8905688159360876e-20,0.00029348747575203514,5.546954733503117e-24,True,26.771062494604745,26.77142759116661,0.0003650965618646751,0.0003650965618646751,-3.122236104122362e-22,True,True,True,0.10824349999893457
90,1,-5.0,-30325000.0,-30.325,6065000.0,0.027,0.0127,-9.396710959810264e-21,-9.399549085935042e-21,0.0003020339922039812,2.838126124778398e-24,True,26.950185221628434,26.950548890072227,0.000363668443792875,0.000363668443792875,-3.1373959019686837e-22,True,True,-9.396710959810264e-21,-9.399549085935042e-21,0.0003020339922039812,2.838126124778398e-24,True,26.950185221628434,26.950548890072227,0.000363668443792875,0.000363668443792875,-3.1373959019686837e-22,True,True,-1.8793354509977273e-20,-1.8798828467999765e-20,0.00029127093939435126,5.4739580224921485e-24,True,26.950185221628434,26.950548890072227,0.000363668443792875,0.000363668443792875,-3.1373959019686837e-22,True,True,True,0.10976750002009794
91,1,-5.05,-30628250.0,-30.62825,6065000.0,0.027,0.0127,-9.342370807882567e-21,-9.34517093499624e-21,0.00029972339690370527,2.8001271136725764e-24,True,27.130461817426188,27.130493682493128,3.186506694063951e-05,3.186506694063951e-05,-3.1523095015061903e-22,True,True,-9.342370807882567e-21,-9.34517093499624e-21,0.00029972339690370527,2.8001271136725764e-24,True,27.130461817426188,27.130493682493128,3.186506694063951e-05,3.186506694063951e-05,-3.1523095015061903e-22,True,True,-1.8684675248559674e-20,-1.8690076337914465e-20,0.00028906519824085697,5.401089354790936e-24,True,27.130461817426188,27.130493682493128,3.186506694063951e-05,3.186506694063951e-05,-3.1523095015061903e-22,True,True,True,0.12013350002234802
92,1,-5.1,-30931499.999999996,-30.931499999999996,6065000.0,0.027,0.0127,-9.287138869198754e-21,-9.28990110442318e-21,0.00029742585561920307,2.7622352244257974e-24,True,27.311631829022307,27.311978121600646,0.0003462925783388471,0.0003462925783388471,-3.166980644758023e-22,True,True,-9.287138869198754e-21,-9.28990110442318e-21,0.00029742585561920307,2.7622352244257974e-24,True,27.311631829022307,27.311978121600646,0.0003462925783388471,0.0003462925783388471,-3.166980644758023e-22,True,True,-1.85742123998775e-20,-1.8579540793497675e-20,0.00028687050117997924,5.328393620176243e-24,True,27.311631829022307,27.311978121600646,0.0003462925783388471,0.0003462925783388471,-3.166980644758023e-22,True,True,True,0.11619129998143762
93,1,-5.15,-31234750.000000004,-31.234750000000005,6065000.0,0.027,0.0127,-9.231068210296487e-21,-9.233792682443747e-21,0.00029514158981307285,2.7244721472598225e-24,True,27.49398752981574,27.49433237284192,0.0003448430261805413,0.0003448430261805413,-3.181413089345135e-22,True,True,-9.231068210296487e-21,-9.233792682443747e-21,0.00029514158981307285,2.7244721472598225e-24,True,27.49398752981574,27.49433237284192,0.0003448430261805413,0.0003448430261805413,-3.181413089345135e-22,True,True,-1.846207209676627e-20,-1.846732801025536e-20,0.0002846870850435094,5.255913489091501e-24,True,27.49398752981574,27.49433237284192,0.0003448430261805413,0.0003448430261805413,-3.181413089345135e-22,True,True,True,0.11598910001339391
94,1,-5.2,-31538000.0,-31.538,6065000.0,0.027,0.0127,-9.174210479739043e-21,-9.176897338178265e-21,0.00029287080835513926,2.6868584392213633e-24,True,27.677200314205784,27.677487501428423,0.00028718722263931795,0.00028718722263931795,-3.1956108963816667e-22,True,True,-9.174210479739043e-21,-9.176897338178265e-21,0.00029287080835513926,2.6868584392213633e-24,True,27.677200314205784,27.677487501428423,0.00028718722263931795,0.00028718722263931795,-3.1956108963816667e-22,True,True,-1.8348357636154122e-20,-1.8353541325615203e-20,0.00028251517459343856,5.1836894610809336e-24,True,27.677200314205784,27.677487501428423,0.00028718722263931795,0.00028718722263931795,-3.1956108963816667e-22,True,True,True,0.10818270000163466
95,1,-5.25,-31841250.0,-31.84125,6065000.0,0.027,0.0127,-9.11661591545228e-21,-9.11926532900326e-21,0.00029061370749303454,2.649413550979592e-24,True,27.861510824639865,27.86158108871524,7.026407537580326e-05,7.026407537580326e-05,-3.2095776156693055e-22,True,True,-9.11661591545228e-21,-9.11926532900326e-21,0.00029061370749303454,2.649413550979592e-24,True,27.861510824639865,27.86158108871524,7.026407537580326e-05,7.026407537580326e-05,-3.2095776156693055e-22,True,True,-1.823316949371785e-20,-1.823828125364235e-20,0.0002803549830576982,5.111759924499407e-24,True,27.861510824639865,27.86158108871524,7.026407537580326e-05,7.026407537580326e-05,-3.2095776156693055e-22,True,True,True,0.11311870004283264
96,1,-5.3,-32144500.0,-32.1445,6065000.0,0.027,0.0127,-9.058333353863398e-21,-9.060945509726903e-21,0.0002883704718584333,2.612155863504573e-24,True,28.046689962182576,28.047016176255365,0.0003262140727890994,0.0003262140727890994,-3.2233172556773337e-22,True,True,-9.058333353863398e-21,-9.060945509726903e-21,0.0002883704718584333,2.612155863504573e-24,True,28.046689962182576,28.047016176255365,0.0003262140727890994,0.0003262140727890994,-3.2233172556773337e-22,True,True,-1.8116605342181148e-20,-1.8121645503397843e-20,0.0002782067126538134,5.040161216694731e-24,True,28.046689962182576,28.047016176255365,0.0003262140727890994,0.0003262140727890994,-3.2233172556773337e-22,True,True,True,0.10937269998248667
97,1,-5.35,-32447749.999999996,-32.44775,6065000.0,0.027,0.0127,-8.999410240761571e-21,-9.001985343461392e-21,0.00028614127269783617,2.575102699821456e-24,True,28.232902276070597,28.233227057878167,0.0003247818075706732,0.0003247818075706732,-3.2368332859815633e-22,True,True,-8.999410240761571e-21,-9.001985343461392e-21,0.00028614127269783617,2.575102699821456e-24,True,28.232902276070597,28.233227057878167,0.0003247818075706732,0.0003247818075706732,-3.2368332859815633e-22,True,True,-1.7998760072998227e-20,-1.8003729000663622e-20,0.0002760705540404685,4.9689276653940845e-24,True,28.232902276070597,28.233227057878167,0.0003247818075706732,0.0003247818075706732,-3.2368332859815633e-22,True,True,True,0.11080460000084713
98,1,-5.4,-32751000.000000004,-32.751000000000005,6065000.0,0.027,0.0127,-8.939892643672605e-21,-8.942430914059682e-21,0.0002839262716284507,2.5382703870765762e-24,True,28.419972544845685,28.42020578224317,0.00023323739748448702,0.00023323739748448702,-3.2501296418951775e-22,True,True,-8.939892643672605e-21,-8.942430914059682e-21,0.0002839262716284507,2.5382703870765762e-24,True,28.419972544845685,28.42020578224317,0.00023323739748448702,0.00023323739748448702,-3.2501296418951775e-22,True,True,-1.7879725821143587e-20,-1.788462391280141e-20,0.00027394668726025013,4.898091657823841e-24,True,28.419972544845685,28.42020578224317,0.00023323739748448702,0.00023323739748448702,-3.2501296418951775e-22,True,True,True,0.10934620001353323
99,1,-5.45,-33054250.0,-33.05425,6065000.0,0.027,0.0127,-8.879825265714731e-21,-8.88232693997503e-21,0.0002817256179531004,2.5016742602990363e-24,True,28.608032552952704,28.60811557372876,8.302077605648606e-05,8.302077605648606e-05,-3.263209718776665e-22,True,True,-8.879825265714731e-21,-8.88232693997503e-21,0.0002817256179531004,2.5016742602990363e-24,True,28.608032552952704,28.60811557372876,8.302077605648606e-05,8.302077605648606e-05,-3.263209718776665e-22,True,True,-1.7759591992792564e-20,-1.776441967649015e-20,0.0002718352820010684,4.827683697584683e-24,True,28.608032552952704,28.60811557372876,8.302077605648606e-05,8.302077605648606e-05,-3.263209718776665e-22,True,True,True,0.10830839996924624
100,1,-5.5,-33357500.0,-33.3575,6065000.0,0.027,0.0127,-8.819251460757776e-21,-8.821716789467667e-21,0.00027953945080953655,2.4653287098914317e-24,True,28.796920236361284,28.797226630607167,0.00030639424588230213,0.00030639424588230213,-3.276077366200007e-22,True,True,-8.819251460757776e-21,-8.821716789467667e-21,0.00027953945080953655,2.4653287098914317e-24,True,28.796920236361284,28.797226630607167,0.00030639424588230213,0.00030639424588230213,-3.276077366200007e-22,True,True,-1.7638445295652838e-20,-1.7643203028111118e-20,0.00026973649766356186,4.757732458279725e-24,True,28.796920236361284,28.797226630607167,0.00030639424588230213,0.00030639424588230213,-3.276077366200007e-22,True,True,True,0.10760779998963699
101,1,-5.55,-33660750.0,-33.66075,6065000.0,0.027,0.0127,-8.758213249801092e-21,-8.760642497002467e-21,0.00027736789823316026,2.429247201375145e-24,True,28.98677306235657,28.987078061282876,0.0003049989263068653,0.0003049989263068653,-3.2887359077654866e-22,True,True,-8.758213249801092e-21,-8.760642497002467e-21,0.00027736789823316026,2.429247201375145e-24,True,28.98677306235657,28.987078061282876,0.0003049989263068653,0.0003049989263068653,-3.2887359077654866e-22,True,True,-1.7516369771704307e-20,-1.7521058036544696e-20,0.0002676504836043704,4.688264840389633e-24,True,28.98677306235657,28.987078061282876,0.0003049989263068653,0.0003049989263068653,-3.2887359077654866e-22,True,True,True,0.12520309997489676
102,1,-5.6,-33964000.0,-33.964,6065000.0,0.027,0.0127,-8.696751338447045e-21,-8.699144780762406e-21,0.00027521107850696664,2.3934423153609168e-24,True,29.17740621700829,29.177661188169328,0.00025497116103778694,0.00025497116103778694,-3.3011890974040447e-22,True,True,-8.696751338447045e-21,-8.699144780762406e-21,0.00027521107850696664,2.3934423153609168e-24,True,29.17740621700829,29.177661188169328,0.00025497116103778694,0.00025497116103778694,-3.3011890974040447e-22,True,True,-1.7393446832166748e-20,-1.7398066138195392e-20,0.0002655773794128894,4.619306028644268e-24,True,29.17740621700829,29.177661188169328,0.00025497116103778694,0.00025497116103778694,-3.3011890974040447e-22,True,True,True,0.11782759998459369
103,1,-5.65,-34267250.0,-34.26725,6065000.0,0.027,0.0127,-8.634905135385428e-21,-8.637263061160719e-21,0.0002730691001605329,2.3579257752912634e-24,True,29.36899652422357,29.369023970287436,2.7446063867841985e-05,2.7446063867841985e-05,-3.313440190403368e-22,True,True,-8.634905135385428e-21,-8.637263061160719e-21,0.0002730691001605329,2.3579257752912634e-24,True,29.36899652422357,29.369023970287436,2.7446063867841985e-05,2.7446063867841985e-05,-3.313440190403368e-22,True,True,-1.7269755294448898e-20,-1.7274306174001115e-20,0.00026351731536577376,4.550879552217031e-24,True,29.36899652422357,29.369023970287436,2.7446063867841985e-05,2.7446063867841985e-05,-3.313440190403368e-22,True,True,True,0.11234559997683391
104,1,-5.7,-34570500.0,-34.5705,6065000.0,0.027,0.0127,-8.572712771775012e-21,-8.575035480247836e-21,0.00027094206170898073,2.3227084728236327e-24,True,29.561305209977704,29.56159211215161,0.0002869021739080324,0.0002869021739080324,-3.3254928337716203e-22,True,True,-8.572712771775012e-21,-8.575035480247836e-21,0.00027094206170898073,2.3227084728236327e-24,True,29.561305209977704,29.56159211215161,0.0002869021739080324,0.0002869021739080324,-3.3254928337716203e-22,True,True,-1.7145371420912502e-20,-1.7149854428252678e-20,0.00026147041263326575,4.4830073401765935e-24,True,29.561305209977704,29.56159211215161,0.0002869021739080324,0.0002869021739080324,-3.3254928337716203e-22,True,True,True,0.11045019997982308
105,1,-5.75,-34873750.0,-34.87375,6065000.0,0.027,0.0127,-8.510211121433837e-21,-8.512498921938353e-21,0.00026883005272974956,2.2878005045163596e-24,True,29.7545774790316,29.75486303816997,0.0002855591383692513,0.0002855591383692513,-3.3373502223066345e-22,True,True,-8.510211121433837e-21,-8.512498921938353e-21,0.00026883005272974956,2.2878005045163596e-24,True,29.7545774790316,29.75486303816997,0.0002855591383692513,0.0002855591383692513,-3.3373502223066345e-22,True,True,-1.7020368959258522e-20,-1.7024784669029427e-20,0.0002594367831552239,4.415709770905058e-24,True,29.7545774790316,29.75486303816997,0.0002855591383692513,0.0002855591383692513,-3.3373502223066345e-22,True,True,True,0.10903569997753948
106,1,-5.8,-35177000.0,-35.177,6065000.0,0.027,0.0127,-8.447435821752666e-21,-8.449689032945176e-21,0.0002667331531193983,2.253211192509844e-24,True,29.948543363393775,29.948827607168187,0.000284243774412829,0.000284243774412829,-3.349015792314958e-22,True,True,-8.447435821752666e-21,-8.449689032945176e-21,0.0002667331531193983,2.253211192509844e-24,True,29.948543363393775,29.948827607168187,0.000284243774412829,0.000284243774412829,-3.349015792314958e-22,True,True,-1.6894819184336195e-20,-1.6899168190080194e-20,0.00025741653086352426,4.34900574399834e-24,True,29.948543363393775,29.948827607168187,0.000284243774412829,0.000284243774412829,-3.349015792314958e-22,True,True,True,0.1118809999898076
107,1,-5.85,-35480250.0,-35.48025,6065000.0,0.027,0.0127,-8.384421295230044e-21,-8.38664024435877e-21,0.0002646514351548047,2.2189491287251376e-24,True,30.143392731185482,30.143476593195995,8.386201051280295e-05,8.386201051280295e-05,-3.3604929571328197e-22,True,True,-8.384421295230044e-21,-8.38664024435877e-21,0.0002646514351548047,2.2189491287251376e-24,True,30.143392731185482,30.143476593195995,8.386201051280295e-05,8.386201051280295e-05,-3.3604929571328197e-22,True,True,-1.676879094125264e-20,-1.6773073853960658e-20,0.0002554097503524412,4.282912708017614e-24,True,30.143392731185482,30.143476593195995,8.386201051280295e-05,8.386201051280295e-05,-3.3604929571328197e-22,True,True,True,0.11299399996642023
108,1,-5.9,-35783500.0,-35.7835,6065000.0,0.027,0.0127,-8.321200771586636e-21,-8.323385793774673e-21,0.0002625849619562032,2.1850221880370052e-24,True,30.338965706204394,30.339119398014404,0.00015369181000934873,0.00015369181000934873,-3.371784760273046e-22,True,True,-8.321200771586636e-21,-8.323385793774673e-21,0.0002625849619562032,2.1850221880370052e-24,True,30.338965706204394,30.339119398014404,0.00015369181000934873,0.00015369181000934873,-3.371784760273046e-22,True,True,-1.6642350689546043e-20,-1.6646568136290245e-20,0.00025341652888316254,4.217446744201065e-24,True,30.338965706204394,30.339119398014404,0.00015369181000934873,0.00015369181000934873,-3.371784760273046e-22,True,True,True,0.1079535000026226
109,1,-5.95,-36086750.0,-36.08675,6065000.0,0.027,0.0127,-8.257806310330958e-21,-8.259957747902949e-21,0.00026053378962152026,2.151437571991028e-24,True,30.53532173151263,30.5355882401105,0.0002665085978676984,0.0002665085978676984,-3.382894631497147e-22,True,True,-8.257806310330958e-21,-8.259957747902949e-21,0.00026053378962152026,2.151437571991028e-24,True,30.53532173151263,30.5355882401105,0.0002665085978676984,0.0002665085978676984,-3.382894631497147e-22,True,True,-1.651556254835851e-20,-1.651971517095928e-20,0.0002514369455239804,4.1526226007695095e-24,True,30.53532173151263,30.5355882401105,0.0002665085978676984,0.0002665085978676984,-3.382894631497147e-22,True,True,True,0.11399639997398481
110,1,-6.0,-36390000.0,-36.39,6065000.0,0.027,0.0127,-8.194268823753925e-21,-8.196387025568853e-21,0.0002584979649175189,2.1182018149274608e-24,True,30.73244652045978,30.73271177873868,0.00026525827889756215,0.00026525827889756215,-3.3938255200959025e-22,True,True,-8.194268823753925e-21,-8.196387025568853e-21,0.0002584979649175189,2.1182018149274608e-24,True,30.73244652045978,30.73271177873868,0.00026525827889756215,0.00026525827889756215,-3.3938255200959025e-22,True,True,-1.6388488342400706e-20,-1.6392576796149598e-20,0.0002494710716128085,4.088453748892723e-24,True,30.73244652045978,30.73271177873868,0.00026525827889756215,0.00026525827889756215,-3.3938255200959025e-22,True,True,True,0.11528710002312437
